[2026-04-21 15:39:02] [INFO ] === VoltSync Session Started ===
[2026-04-21 15:39:02] [INFO ] Sector registered: Central Hospital [CRITICAL]
[2026-04-21 15:39:02] [INFO ] Sector registered: Fire Station Alpha [CRITICAL]
[2026-04-21 15:39:02] [INFO ] Sector registered: Industrial Zone A [HIGH]
[2026-04-21 15:39:02] [INFO ] Sector registered: Water Treatment [HIGH]
[2026-04-21 15:39:02] [INFO ] Sector registered: Downtown Commercial [MEDIUM]
[2026-04-21 15:39:02] [INFO ] Sector registered: Residential North [LOW]
[2026-04-21 15:39:02] [INFO ] Sector registered: Residential South [LOW]
[2026-04-21 15:39:02] [INFO ] Source added: Solar Farm Alpha
[2026-04-21 15:39:02] [INFO ] Source added: Solar Farm Beta
[2026-04-21 15:39:02] [INFO ] Source added: Wind Park North
[2026-04-21 15:39:02] [INFO ] Source added: Coal Plant Base
[2026-04-21 15:39:03] [INFO ] Thread started for sector: Central Hospital [Sector-Central Hospital]
[2026-04-21 15:39:03] [INFO ] Thread started for sector: Fire Station Alpha [Sector-Fire Station Alpha]
[2026-04-21 15:39:03] [INFO ] Supply simulation thread started [SupplyThread]
[2026-04-21 15:39:03] [INFO ] Thread started for sector: Downtown Commercial [Sector-Downtown Commercial]
[2026-04-21 15:39:03] [INFO ] Thread started for sector: Water Treatment [Sector-Water Treatment]
[2026-04-21 15:39:03] [INFO ] Thread started for sector: Residential North [Sector-Residential North]
[2026-04-21 15:39:03] [INFO ] Thread started for sector: Residential South [Sector-Residential South]
[2026-04-21 15:39:03] [INFO ] Thread started for sector: Industrial Zone A [Sector-Industrial Zone A]
[2026-04-21 15:39:05] [INFO ] Cycle #1 | Supply: 2048.1 kW
[2026-04-21 15:39:05] [WARN ] Overload risk! Demand 2121.5 kW vs Supply 2048.1 kW (104%)
[2026-04-21 15:39:05] [WARN ] Load shed on Residential South: gave 247.1 / 320.6 kW
[2026-04-21 15:39:05] [INFO ] [Alloc] Distributed 2048.1 / 2121.5 kW | Unmet: 73.4 kW
[2026-04-21 15:39:07] [INFO ] Cycle #2 | Supply: 2153.6 kW
[2026-04-21 15:39:07] [WARN ] Overload risk! Demand 1933.2 kW vs Supply 2153.6 kW (90%)
[2026-04-21 15:39:07] [INFO ] [Alloc] Distributed 1933.2 / 1933.2 kW | Unmet: 0.0 kW
[2026-04-21 15:39:09] [INFO ] Cycle #3 | Supply: 2056.6 kW
[2026-04-21 15:39:09] [WARN ] Overload risk! Demand 1828.3 kW vs Supply 2056.6 kW (89%)
[2026-04-21 15:39:09] [INFO ] [Alloc] Distributed 1828.3 / 1828.3 kW | Unmet: 0.0 kW
[2026-04-21 15:39:11] [INFO ] Cycle #4 | Supply: 2041.4 kW
[2026-04-21 15:39:11] [WARN ] Overload risk! Demand 1776.6 kW vs Supply 2041.4 kW (87%)
[2026-04-21 15:39:11] [INFO ] [Alloc] Distributed 1776.6 / 1776.6 kW | Unmet: 0.0 kW
[2026-04-21 15:39:13] [INFO ] Cycle #5 | Supply: 2127.7 kW
[2026-04-21 15:39:13] [INFO ] [Alloc] Distributed 1789.1 / 1789.1 kW | Unmet: 0.0 kW
[2026-04-21 15:39:15] [INFO ] Cycle #6 | Supply: 2062.2 kW
[2026-04-21 15:39:15] [WARN ] Overload risk! Demand 1808.2 kW vs Supply 2062.2 kW (88%)
[2026-04-21 15:39:15] [INFO ] [LOCK] Central Hospital — 332.8 kW (life support)
[2026-04-21 15:39:15] [INFO ] [Alloc] Distributed 1808.2 / 1808.2 kW | Unmet: 0.0 kW
[2026-04-21 15:39:17] [INFO ] Cycle #7 | Supply: 2134.4 kW
[2026-04-21 15:39:17] [INFO ] [LOCK] Central Hospital — 317.1 kW (life support)
[2026-04-21 15:39:17] [INFO ] [Alloc] Distributed 1806.1 / 1806.1 kW | Unmet: -0.0 kW
[2026-04-21 15:39:19] [INFO ] Cycle #8 | Supply: 1997.0 kW
[2026-04-21 15:39:19] [WARN ] Overload risk! Demand 1728.7 kW vs Supply 1997.0 kW (87%)
[2026-04-21 15:39:19] [INFO ] [LOCK] Central Hospital — 277.5 kW (life support)
[2026-04-21 15:39:19] [INFO ] [Alloc] Distributed 1728.7 / 1728.7 kW | Unmet: -0.0 kW
[2026-04-21 15:39:21] [INFO ] Cycle #9 | Supply: 2139.7 kW
[2026-04-21 15:39:21] [INFO ] [LOCK] Central Hospital — 218.9 kW (life support)
[2026-04-21 15:39:21] [INFO ] [Alloc] Distributed 1746.3 / 1746.3 kW | Unmet: 0.0 kW
[2026-04-21 15:39:23] [INFO ] Cycle #10 | Supply: 2149.0 kW
[2026-04-21 15:39:23] [INFO ] [LOCK] Central Hospital — 141.6 kW (life support)
[2026-04-21 15:39:23] [INFO ] [Alloc] Distributed 1532.5 / 1532.5 kW | Unmet: 0.0 kW
[2026-04-21 15:39:25] [INFO ] Cycle #11 | Supply: 2243.4 kW
[2026-04-21 15:39:25] [INFO ] [LOCK] Central Hospital — 135.4 kW (life support)
[2026-04-21 15:39:25] [INFO ] [Alloc] Distributed 1322.9 / 1322.9 kW | Unmet: 0.0 kW
[2026-04-21 15:39:27] [INFO ] Cycle #12 | Supply: 2155.2 kW
[2026-04-21 15:39:27] [INFO ] [LOCK] Central Hospital — 120.3 kW (life support)
[2026-04-21 15:39:27] [INFO ] [Alloc] Distributed 1172.4 / 1172.4 kW | Unmet: 0.0 kW
[2026-04-21 15:39:29] [INFO ] Cycle #13 | Supply: 2288.6 kW
[2026-04-21 15:39:29] [INFO ] [LOCK] Central Hospital — 166.9 kW (life support)
[2026-04-21 15:39:29] [INFO ] [Alloc] Distributed 1211.1 / 1211.1 kW | Unmet: 0.0 kW
[2026-04-21 15:39:31] [INFO ] Cycle #14 | Supply: 2144.0 kW
[2026-04-21 15:39:31] [INFO ] [LOCK] Central Hospital — 154.7 kW (life support)
[2026-04-21 15:39:31] [INFO ] [Alloc] Distributed 1115.7 / 1115.7 kW | Unmet: 0.0 kW
[2026-04-21 15:39:33] [INFO ] Cycle #15 | Supply: 2296.4 kW
[2026-04-21 15:39:33] [INFO ] [LOCK] Central Hospital — 166.7 kW (life support)
[2026-04-21 15:39:33] [INFO ] [Alloc] Distributed 1146.8 / 1146.8 kW | Unmet: 0.0 kW
[2026-04-21 15:39:35] [INFO ] Cycle #16 | Supply: 2028.0 kW
[2026-04-21 15:39:35] [INFO ] [LOCK] Central Hospital — 144.7 kW (life support)
[2026-04-21 15:39:35] [INFO ] [Alloc] Distributed 1146.2 / 1146.2 kW | Unmet: 0.0 kW
[2026-04-21 15:39:37] [INFO ] Cycle #17 | Supply: 2216.6 kW
[2026-04-21 15:39:37] [INFO ] [LOCK] Central Hospital — 130.0 kW (life support)
[2026-04-21 15:39:37] [INFO ] [Alloc] Distributed 1102.6 / 1102.6 kW | Unmet: 0.0 kW
[2026-04-21 15:39:39] [INFO ] Cycle #18 | Supply: 1907.3 kW
[2026-04-21 15:39:39] [INFO ] [LOCK] Central Hospital — 120.8 kW (life support)
[2026-04-21 15:39:39] [INFO ] [Alloc] Distributed 1108.9 / 1108.9 kW | Unmet: 0.0 kW
[2026-04-21 15:39:41] [INFO ] Cycle #19 | Supply: 2171.6 kW
[2026-04-21 15:39:41] [INFO ] [LOCK] Central Hospital — 109.4 kW (life support)
[2026-04-21 15:39:41] [INFO ] [Alloc] Distributed 1066.2 / 1066.2 kW | Unmet: 0.0 kW
[2026-04-21 15:39:43] [INFO ] Cycle #20 | Supply: 2067.8 kW
[2026-04-21 15:39:43] [INFO ] [LOCK] Central Hospital — 123.7 kW (life support)
[2026-04-21 15:39:43] [INFO ] [Alloc] Distributed 1055.9 / 1055.9 kW | Unmet: 0.0 kW
[2026-04-21 15:39:45] [INFO ] Cycle #21 | Supply: 2048.6 kW
[2026-04-21 15:39:45] [INFO ] [LOCK] Central Hospital — 175.4 kW (life support)
[2026-04-21 15:39:45] [INFO ] [Alloc] Distributed 1177.0 / 1177.0 kW | Unmet: 0.0 kW
[2026-04-21 15:39:47] [INFO ] Cycle #22 | Supply: 2025.7 kW
[2026-04-21 15:39:47] [INFO ] [LOCK] Central Hospital — 185.2 kW (life support)
[2026-04-21 15:39:47] [INFO ] [Alloc] Distributed 1264.8 / 1264.8 kW | Unmet: 0.0 kW
[2026-04-21 15:39:49] [INFO ] Cycle #23 | Supply: 2146.2 kW
[2026-04-21 15:39:49] [INFO ] [LOCK] Central Hospital — 167.4 kW (life support)
[2026-04-21 15:39:49] [INFO ] [Alloc] Distributed 1241.4 / 1241.4 kW | Unmet: 0.0 kW
[2026-04-21 15:39:51] [INFO ] Cycle #24 | Supply: 2108.8 kW
[2026-04-21 15:39:51] [INFO ] [LOCK] Central Hospital — 199.3 kW (life support)
[2026-04-21 15:39:51] [INFO ] [Alloc] Distributed 1264.7 / 1264.7 kW | Unmet: 0.0 kW
[2026-04-21 15:39:53] [INFO ] Cycle #25 | Supply: 2259.2 kW
[2026-04-21 15:39:53] [INFO ] [LOCK] Central Hospital — 148.8 kW (life support)
[2026-04-21 15:39:53] [INFO ] [Alloc] Distributed 1203.1 / 1203.1 kW | Unmet: 0.0 kW
[2026-04-21 15:39:55] [INFO ] Cycle #26 | Supply: 2084.4 kW
[2026-04-21 15:39:55] [INFO ] [LOCK] Central Hospital — 140.9 kW (life support)
[2026-04-21 15:39:55] [INFO ] [Alloc] Distributed 1204.0 / 1204.0 kW | Unmet: 0.0 kW
[2026-04-21 15:39:57] [INFO ] Cycle #27 | Supply: 2067.1 kW
[2026-04-21 15:39:57] [INFO ] [LOCK] Central Hospital — 142.8 kW (life support)
[2026-04-21 15:39:57] [INFO ] [Alloc] Distributed 1238.6 / 1238.6 kW | Unmet: 0.0 kW
[2026-04-21 15:39:59] [INFO ] Cycle #28 | Supply: 2106.3 kW
[2026-04-21 15:39:59] [INFO ] [LOCK] Central Hospital — 127.4 kW (life support)
[2026-04-21 15:39:59] [INFO ] [Alloc] Distributed 1229.7 / 1229.7 kW | Unmet: 0.0 kW
[2026-04-21 15:40:01] [INFO ] Cycle #29 | Supply: 2102.1 kW
[2026-04-21 15:40:01] [INFO ] [LOCK] Central Hospital — 133.2 kW (life support)
[2026-04-21 15:40:01] [INFO ] [Alloc] Distributed 1154.1 / 1154.1 kW | Unmet: 0.0 kW
[2026-04-21 15:40:03] [INFO ] Cycle #30 | Supply: 2131.4 kW
[2026-04-21 15:40:03] [INFO ] [LOCK] Central Hospital — 122.3 kW (life support)
[2026-04-21 15:40:03] [INFO ] [Alloc] Distributed 1180.1 / 1180.1 kW | Unmet: 0.0 kW
[2026-04-21 15:40:05] [INFO ] Cycle #31 | Supply: 2238.2 kW
[2026-04-21 15:40:05] [INFO ] [LOCK] Central Hospital — 151.2 kW (life support)
[2026-04-21 15:40:05] [INFO ] [Alloc] Distributed 1170.5 / 1170.5 kW | Unmet: 0.0 kW
[2026-04-21 15:40:07] [INFO ] Cycle #32 | Supply: 2250.2 kW
[2026-04-21 15:40:07] [INFO ] [LOCK] Central Hospital — 124.6 kW (life support)
[2026-04-21 15:40:07] [INFO ] [Alloc] Distributed 1073.7 / 1073.7 kW | Unmet: 0.0 kW
[2026-04-21 15:40:09] [INFO ] Cycle #33 | Supply: 2133.9 kW
[2026-04-21 15:40:09] [INFO ] [LOCK] Central Hospital — 94.1 kW (life support)
[2026-04-21 15:40:09] [INFO ] [Alloc] Distributed 1114.9 / 1114.9 kW | Unmet: 0.0 kW
[2026-04-21 15:40:11] [INFO ] Cycle #34 | Supply: 2241.6 kW
[2026-04-21 15:40:11] [INFO ] [LOCK] Central Hospital — 75.0 kW (life support)
[2026-04-21 15:40:11] [INFO ] [Alloc] Distributed 1188.0 / 1188.0 kW | Unmet: 0.0 kW
[2026-04-21 15:40:13] [INFO ] Cycle #35 | Supply: 2237.9 kW
[2026-04-21 15:40:13] [INFO ] [LOCK] Central Hospital — 88.9 kW (life support)
[2026-04-21 15:40:13] [INFO ] [Alloc] Distributed 1245.1 / 1245.1 kW | Unmet: 0.0 kW
[2026-04-21 15:40:15] [INFO ] Cycle #36 | Supply: 1928.4 kW
[2026-04-21 15:40:15] [INFO ] [LOCK] Central Hospital — 93.0 kW (life support)
[2026-04-21 15:40:15] [INFO ] [Alloc] Distributed 1133.8 / 1133.8 kW | Unmet: 0.0 kW
[2026-04-21 15:40:17] [INFO ] Cycle #37 | Supply: 2265.8 kW
[2026-04-21 15:40:17] [INFO ] [LOCK] Central Hospital — 96.5 kW (life support)
[2026-04-21 15:40:17] [INFO ] [Alloc] Distributed 1176.5 / 1176.5 kW | Unmet: 0.0 kW
[2026-04-21 15:40:19] [INFO ] Cycle #38 | Supply: 2290.3 kW
[2026-04-21 15:40:19] [INFO ] [LOCK] Central Hospital — 69.7 kW (life support)
[2026-04-21 15:40:19] [INFO ] [Alloc] Distributed 1122.5 / 1122.5 kW | Unmet: 0.0 kW
[2026-04-21 15:40:21] [INFO ] Cycle #39 | Supply: 2165.0 kW
[2026-04-21 15:40:21] [INFO ] [LOCK] Central Hospital — 80.6 kW (life support)
[2026-04-21 15:40:21] [INFO ] [Alloc] Distributed 1063.0 / 1063.0 kW | Unmet: 0.0 kW
[2026-04-21 15:40:23] [INFO ] Cycle #40 | Supply: 2300.0 kW
[2026-04-21 15:40:23] [INFO ] [LOCK] Central Hospital — 90.1 kW (life support)
[2026-04-21 15:40:23] [INFO ] [Alloc] Distributed 1136.6 / 1136.6 kW | Unmet: 0.0 kW
[2026-04-21 15:40:25] [INFO ] Cycle #41 | Supply: 2164.6 kW
[2026-04-21 15:40:25] [INFO ] [LOCK] Central Hospital — 90.7 kW (life support)
[2026-04-21 15:40:25] [INFO ] [Alloc] Distributed 1074.3 / 1074.3 kW | Unmet: 0.0 kW
[2026-04-21 15:40:27] [INFO ] Cycle #42 | Supply: 2300.0 kW
[2026-04-21 15:40:27] [INFO ] [LOCK] Central Hospital — 83.3 kW (life support)
[2026-04-21 15:40:27] [INFO ] [Alloc] Distributed 1006.8 / 1006.8 kW | Unmet: 0.0 kW
[2026-04-21 15:40:29] [INFO ] Cycle #43 | Supply: 2183.9 kW
[2026-04-21 15:40:29] [INFO ] [LOCK] Central Hospital — 93.8 kW (life support)
[2026-04-21 15:40:29] [INFO ] [Alloc] Distributed 974.2 / 974.2 kW | Unmet: 0.0 kW
[2026-04-21 15:40:31] [INFO ] Cycle #44 | Supply: 1998.4 kW
[2026-04-21 15:40:31] [INFO ] [LOCK] Central Hospital — 91.2 kW (life support)
[2026-04-21 15:40:31] [INFO ] [Alloc] Distributed 971.7 / 971.7 kW | Unmet: 0.0 kW
[2026-04-21 15:40:33] [INFO ] Cycle #45 | Supply: 2292.4 kW
[2026-04-21 15:40:33] [INFO ] [LOCK] Central Hospital — 91.0 kW (life support)
[2026-04-21 15:40:33] [INFO ] [Alloc] Distributed 921.0 / 921.0 kW | Unmet: 0.0 kW
[2026-04-21 15:40:35] [INFO ] Cycle #46 | Supply: 2291.9 kW
[2026-04-21 15:40:35] [INFO ] [LOCK] Central Hospital — 88.6 kW (life support)
[2026-04-21 15:40:35] [INFO ] [Alloc] Distributed 976.6 / 976.6 kW | Unmet: 0.0 kW
[2026-04-21 15:40:37] [INFO ] Cycle #47 | Supply: 2082.1 kW
[2026-04-21 15:40:37] [INFO ] [LOCK] Central Hospital — 85.7 kW (life support)
[2026-04-21 15:40:37] [INFO ] [Alloc] Distributed 901.2 / 901.2 kW | Unmet: 0.0 kW
[2026-04-21 15:40:39] [INFO ] Cycle #48 | Supply: 2113.9 kW
[2026-04-21 15:40:39] [INFO ] [LOCK] Central Hospital — 88.5 kW (life support)
[2026-04-21 15:40:39] [INFO ] [Alloc] Distributed 812.6 / 812.6 kW | Unmet: 0.0 kW
[2026-04-21 15:40:41] [INFO ] Cycle #49 | Supply: 2093.0 kW
[2026-04-21 15:40:41] [INFO ] [LOCK] Central Hospital — 92.2 kW (life support)
[2026-04-21 15:40:41] [INFO ] [Alloc] Distributed 803.8 / 803.8 kW | Unmet: 0.0 kW
[2026-04-21 15:40:43] [INFO ] Cycle #50 | Supply: 2172.6 kW
[2026-04-21 15:40:43] [INFO ] [LOCK] Central Hospital — 89.4 kW (life support)
[2026-04-21 15:40:43] [INFO ] [Alloc] Distributed 886.9 / 886.9 kW | Unmet: 0.0 kW
[2026-04-21 15:40:45] [INFO ] Cycle #51 | Supply: 2066.6 kW
[2026-04-21 15:40:45] [INFO ] [LOCK] Central Hospital — 84.9 kW (life support)
[2026-04-21 15:40:45] [INFO ] [Alloc] Distributed 956.9 / 956.9 kW | Unmet: 0.0 kW
[2026-04-21 15:40:47] [INFO ] Cycle #52 | Supply: 2194.8 kW
[2026-04-21 15:40:47] [INFO ] [LOCK] Central Hospital — 93.2 kW (life support)
[2026-04-21 15:40:47] [INFO ] [Alloc] Distributed 1051.8 / 1051.8 kW | Unmet: 0.0 kW
[2026-04-21 15:40:49] [INFO ] Cycle #53 | Supply: 2119.5 kW
[2026-04-21 15:40:49] [INFO ] [LOCK] Central Hospital — 86.0 kW (life support)
[2026-04-21 15:40:49] [INFO ] [Alloc] Distributed 1084.0 / 1084.0 kW | Unmet: 0.0 kW
[2026-04-21 15:40:51] [INFO ] Cycle #54 | Supply: 2290.3 kW
[2026-04-21 15:40:51] [INFO ] [LOCK] Central Hospital — 81.5 kW (life support)
[2026-04-21 15:40:51] [INFO ] [Alloc] Distributed 1180.0 / 1180.0 kW | Unmet: 0.0 kW
[2026-04-21 15:40:52] [INFO ] Grid state saved.
[2026-04-21 15:40:53] [INFO ] Grid state saved.
[2026-04-21 15:40:53] [INFO ] Cycle #55 | Supply: 2296.3 kW
[2026-04-21 15:40:53] [INFO ] [LOCK] Central Hospital — 94.9 kW (life support)
[2026-04-21 15:40:53] [INFO ] [Alloc] Distributed 1286.6 / 1286.6 kW | Unmet: 0.0 kW
[2026-04-21 15:40:53] [INFO ] Grid state saved.
[2026-04-21 15:40:53] [INFO ] Grid state saved.
[2026-04-21 15:40:53] [INFO ] Grid state saved.
[2026-04-21 15:40:54] [INFO ] Grid state saved.
[2026-04-21 15:40:54] [INFO ] Grid state saved.
[2026-04-21 15:40:55] [INFO ] Cycle #56 | Supply: 2211.5 kW
[2026-04-21 15:40:55] [INFO ] [LOCK] Central Hospital — 84.6 kW (life support)
[2026-04-21 15:40:55] [INFO ] [Alloc] Distributed 1148.7 / 1148.7 kW | Unmet: 0.0 kW
[2026-04-21 15:40:57] [INFO ] Cycle #57 | Supply: 2183.1 kW
[2026-04-21 15:40:57] [INFO ] [LOCK] Central Hospital — 101.8 kW (life support)
[2026-04-21 15:40:57] [INFO ] [Alloc] Distributed 1090.7 / 1090.7 kW | Unmet: 0.0 kW
[2026-04-21 15:40:59] [INFO ] Cycle #58 | Supply: 2236.3 kW
[2026-04-21 15:40:59] [INFO ] [LOCK] Central Hospital — 98.8 kW (life support)
[2026-04-21 15:40:59] [INFO ] [Alloc] Distributed 1131.7 / 1131.7 kW | Unmet: 0.0 kW
[2026-04-21 15:41:01] [INFO ] Cycle #59 | Supply: 2041.2 kW
[2026-04-21 15:41:01] [INFO ] [LOCK] Central Hospital — 140.7 kW (life support)
[2026-04-21 15:41:01] [INFO ] [Alloc] Distributed 1149.4 / 1149.4 kW | Unmet: -0.0 kW
[2026-04-21 15:41:03] [INFO ] Cycle #60 | Supply: 2164.1 kW
[2026-04-21 15:41:03] [INFO ] [LOCK] Central Hospital — 113.6 kW (life support)
[2026-04-21 15:41:03] [INFO ] [Alloc] Distributed 1121.8 / 1121.8 kW | Unmet: 0.0 kW
[2026-04-21 15:41:05] [INFO ] Cycle #61 | Supply: 2248.9 kW
[2026-04-21 15:41:05] [INFO ] [LOCK] Central Hospital — 126.5 kW (life support)
[2026-04-21 15:41:05] [INFO ] [Alloc] Distributed 1223.0 / 1223.0 kW | Unmet: 0.0 kW
[2026-04-21 15:41:07] [INFO ] Cycle #62 | Supply: 2192.2 kW
[2026-04-21 15:41:07] [INFO ] [LOCK] Central Hospital — 151.5 kW (life support)
[2026-04-21 15:41:07] [INFO ] [Alloc] Distributed 1296.2 / 1296.2 kW | Unmet: 0.0 kW
[2026-04-21 15:41:09] [INFO ] Cycle #63 | Supply: 2023.7 kW
[2026-04-21 15:41:09] [INFO ] [LOCK] Central Hospital — 118.2 kW (life support)
[2026-04-21 15:41:09] [INFO ] [Alloc] Distributed 1210.2 / 1210.2 kW | Unmet: 0.0 kW
[2026-04-21 15:41:11] [INFO ] Cycle #64 | Supply: 2108.5 kW
[2026-04-21 15:41:11] [INFO ] [LOCK] Central Hospital — 97.6 kW (life support)
[2026-04-21 15:41:11] [INFO ] [Alloc] Distributed 1245.2 / 1245.2 kW | Unmet: 0.0 kW
[2026-04-21 15:41:13] [INFO ] Cycle #65 | Supply: 1966.1 kW
[2026-04-21 15:41:13] [INFO ] [LOCK] Central Hospital — 88.1 kW (life support)
[2026-04-21 15:41:13] [INFO ] [Alloc] Distributed 1290.6 / 1290.6 kW | Unmet: 0.0 kW
[2026-04-21 15:41:15] [INFO ] Cycle #66 | Supply: 1938.3 kW
[2026-04-21 15:41:15] [INFO ] [LOCK] Central Hospital — 96.1 kW (life support)
[2026-04-21 15:41:15] [INFO ] [Alloc] Distributed 1269.9 / 1269.9 kW | Unmet: 0.0 kW
[2026-04-21 15:41:17] [INFO ] Cycle #67 | Supply: 2262.6 kW
[2026-04-21 15:41:17] [INFO ] [LOCK] Central Hospital — 90.0 kW (life support)
[2026-04-21 15:41:17] [INFO ] [Alloc] Distributed 1337.7 / 1337.7 kW | Unmet: 0.0 kW
[2026-04-21 15:41:19] [INFO ] Cycle #68 | Supply: 2208.5 kW
[2026-04-21 15:41:19] [INFO ] [LOCK] Central Hospital — 74.2 kW (life support)
[2026-04-21 15:41:19] [INFO ] [Alloc] Distributed 1357.4 / 1357.4 kW | Unmet: 0.0 kW
[2026-04-21 15:41:21] [INFO ] Cycle #69 | Supply: 2190.9 kW
[2026-04-21 15:41:21] [INFO ] [LOCK] Central Hospital — 74.0 kW (life support)
[2026-04-21 15:41:21] [INFO ] [Alloc] Distributed 1261.5 / 1261.5 kW | Unmet: 0.0 kW
[2026-04-21 15:41:23] [INFO ] Cycle #70 | Supply: 2152.5 kW
[2026-04-21 15:41:23] [INFO ] [LOCK] Central Hospital — 72.3 kW (life support)
[2026-04-21 15:41:23] [INFO ] [Alloc] Distributed 1397.7 / 1397.7 kW | Unmet: 0.0 kW
[2026-04-21 15:41:25] [INFO ] Cycle #71 | Supply: 2166.2 kW
[2026-04-21 15:41:25] [INFO ] [LOCK] Central Hospital — 93.2 kW (life support)
[2026-04-21 15:41:25] [INFO ] [Alloc] Distributed 1346.0 / 1346.0 kW | Unmet: 0.0 kW
[2026-04-21 15:41:27] [INFO ] Cycle #72 | Supply: 2123.3 kW
[2026-04-21 15:41:27] [INFO ] [LOCK] Central Hospital — 132.5 kW (life support)
[2026-04-21 15:41:27] [INFO ] [Alloc] Distributed 1311.0 / 1311.0 kW | Unmet: 0.0 kW
[2026-04-21 15:41:29] [INFO ] Cycle #73 | Supply: 1951.3 kW
[2026-04-21 15:41:29] [INFO ] [LOCK] Central Hospital — 131.0 kW (life support)
[2026-04-21 15:41:29] [INFO ] [Alloc] Distributed 1385.4 / 1385.4 kW | Unmet: -0.0 kW
[2026-04-21 15:41:31] [INFO ] Cycle #74 | Supply: 2098.8 kW
[2026-04-21 15:41:31] [INFO ] [LOCK] Central Hospital — 149.8 kW (life support)
[2026-04-21 15:41:31] [INFO ] [Alloc] Distributed 1481.6 / 1481.6 kW | Unmet: 0.0 kW
[2026-04-21 15:41:33] [INFO ] Cycle #75 | Supply: 2295.7 kW
[2026-04-21 15:41:33] [INFO ] [LOCK] Central Hospital — 190.7 kW (life support)
[2026-04-21 15:41:33] [INFO ] [Alloc] Distributed 1562.8 / 1562.8 kW | Unmet: 0.0 kW
[2026-04-21 15:41:35] [INFO ] Cycle #76 | Supply: 2195.1 kW
[2026-04-21 15:41:35] [INFO ] [LOCK] Central Hospital — 269.0 kW (life support)
[2026-04-21 15:41:35] [INFO ] [Alloc] Distributed 1706.6 / 1706.6 kW | Unmet: -0.0 kW
[2026-04-21 15:41:37] [INFO ] Cycle #77 | Supply: 2213.6 kW
[2026-04-21 15:41:37] [INFO ] [LOCK] Central Hospital — 259.9 kW (life support)
[2026-04-21 15:41:37] [INFO ] [Alloc] Distributed 1728.7 / 1728.7 kW | Unmet: 0.0 kW
[2026-04-21 15:41:39] [INFO ] Cycle #78 | Supply: 2066.1 kW
[2026-04-21 15:41:39] [INFO ] [LOCK] Central Hospital — 325.7 kW (life support)
[2026-04-21 15:41:39] [INFO ] [Alloc] Distributed 1715.9 / 1715.9 kW | Unmet: 0.0 kW
[2026-04-21 15:41:41] [INFO ] Cycle #79 | Supply: 2300.0 kW
[2026-04-21 15:41:41] [INFO ] [LOCK] Central Hospital — 306.3 kW (life support)
[2026-04-21 15:41:41] [INFO ] [Alloc] Distributed 1539.7 / 1539.7 kW | Unmet: -0.0 kW
[2026-04-21 15:41:43] [INFO ] Cycle #80 | Supply: 2217.2 kW
[2026-04-21 15:41:43] [INFO ] [LOCK] Central Hospital — 293.3 kW (life support)
[2026-04-21 15:41:43] [INFO ] [Alloc] Distributed 1399.8 / 1399.8 kW | Unmet: -0.0 kW
[2026-04-21 15:41:45] [INFO ] Cycle #81 | Supply: 2134.2 kW
[2026-04-21 15:41:45] [INFO ] [LOCK] Central Hospital — 270.9 kW (life support)
[2026-04-21 15:41:45] [INFO ] [Alloc] Distributed 1387.0 / 1387.0 kW | Unmet: 0.0 kW
[2026-04-21 15:41:47] [INFO ] Cycle #82 | Supply: 2276.6 kW
[2026-04-21 15:41:47] [INFO ] [LOCK] Central Hospital — 373.5 kW (life support)
[2026-04-21 15:41:47] [INFO ] [Alloc] Distributed 1348.0 / 1348.0 kW | Unmet: 0.0 kW
[2026-04-21 15:41:49] [INFO ] Cycle #83 | Supply: 2300.0 kW
[2026-04-21 15:41:49] [INFO ] [LOCK] Central Hospital — 413.4 kW (life support)
[2026-04-21 15:41:49] [INFO ] [Alloc] Distributed 1311.5 / 1311.5 kW | Unmet: 0.0 kW
[2026-04-21 15:41:51] [INFO ] Cycle #84 | Supply: 2300.0 kW
[2026-04-21 15:41:51] [INFO ] [LOCK] Central Hospital — 427.3 kW (life support)
[2026-04-21 15:41:51] [INFO ] [Alloc] Distributed 1294.8 / 1294.8 kW | Unmet: 0.0 kW
[2026-04-21 15:41:53] [INFO ] Cycle #85 | Supply: 2261.7 kW
[2026-04-21 15:41:53] [INFO ] [LOCK] Central Hospital — 388.5 kW (life support)
[2026-04-21 15:41:53] [INFO ] [Alloc] Distributed 1214.6 / 1214.6 kW | Unmet: 0.0 kW
[2026-04-21 15:41:55] [INFO ] Cycle #86 | Supply: 2012.4 kW
[2026-04-21 15:41:55] [INFO ] [LOCK] Central Hospital — 354.7 kW (life support)
[2026-04-21 15:41:55] [INFO ] [Alloc] Distributed 1106.2 / 1106.2 kW | Unmet: -0.0 kW
[2026-04-21 15:41:57] [INFO ] Cycle #87 | Supply: 2075.7 kW
[2026-04-21 15:41:57] [INFO ] [LOCK] Central Hospital — 408.8 kW (life support)
[2026-04-21 15:41:57] [INFO ] [Alloc] Distributed 1143.9 / 1143.9 kW | Unmet: -0.0 kW
[2026-04-21 15:41:59] [INFO ] Cycle #88 | Supply: 2300.0 kW
[2026-04-21 15:41:59] [INFO ] [LOCK] Central Hospital — 577.9 kW (life support)
[2026-04-21 15:41:59] [INFO ] [Alloc] Distributed 1261.7 / 1261.7 kW | Unmet: 0.0 kW
[2026-04-21 15:42:01] [INFO ] Cycle #89 | Supply: 2278.6 kW
[2026-04-21 15:42:01] [INFO ] [LOCK] Central Hospital — 677.9 kW (life support)
[2026-04-21 15:42:01] [INFO ] [Alloc] Distributed 1311.3 / 1311.3 kW | Unmet: 0.0 kW
[2026-04-21 15:42:03] [INFO ] Cycle #90 | Supply: 2132.4 kW
[2026-04-21 15:42:03] [INFO ] [LOCK] Central Hospital — 609.7 kW (life support)
[2026-04-21 15:42:03] [INFO ] [Alloc] Distributed 1275.0 / 1275.0 kW | Unmet: 0.0 kW
[2026-04-21 15:42:05] [INFO ] Cycle #91 | Supply: 2089.7 kW
[2026-04-21 15:42:05] [INFO ] [LOCK] Central Hospital — 618.2 kW (life support)
[2026-04-21 15:42:05] [INFO ] [Alloc] Distributed 1340.2 / 1340.2 kW | Unmet: -0.0 kW
[2026-04-21 15:42:07] [INFO ] Cycle #92 | Supply: 2208.4 kW
[2026-04-21 15:42:07] [INFO ] [LOCK] Central Hospital — 569.5 kW (life support)
[2026-04-21 15:42:07] [INFO ] [Alloc] Distributed 1176.1 / 1176.1 kW | Unmet: -0.0 kW
[2026-04-21 15:42:09] [INFO ] Cycle #93 | Supply: 2032.6 kW
[2026-04-21 15:42:09] [INFO ] [LOCK] Central Hospital — 561.2 kW (life support)
[2026-04-21 15:42:09] [INFO ] [Alloc] Distributed 1149.8 / 1149.8 kW | Unmet: 0.0 kW
[2026-04-21 15:42:11] [INFO ] Cycle #94 | Supply: 2273.9 kW
[2026-04-21 15:42:11] [INFO ] [LOCK] Central Hospital — 480.6 kW (life support)
[2026-04-21 15:42:11] [INFO ] [Alloc] Distributed 1078.7 / 1078.7 kW | Unmet: 0.0 kW
[2026-04-21 15:42:13] [INFO ] Cycle #95 | Supply: 1976.0 kW
[2026-04-21 15:42:13] [INFO ] [LOCK] Central Hospital — 467.1 kW (life support)
[2026-04-21 15:42:13] [INFO ] [Alloc] Distributed 1166.0 / 1166.0 kW | Unmet: 0.0 kW
[2026-04-21 15:42:15] [INFO ] Cycle #96 | Supply: 2190.3 kW
[2026-04-21 15:42:15] [INFO ] [LOCK] Central Hospital — 531.3 kW (life support)
[2026-04-21 15:42:15] [INFO ] [Alloc] Distributed 1222.5 / 1222.5 kW | Unmet: 0.0 kW
[2026-04-21 15:42:18] [INFO ] Cycle #97 | Supply: 2062.8 kW
[2026-04-21 15:42:18] [INFO ] [LOCK] Central Hospital — 370.9 kW (life support)
[2026-04-21 15:42:18] [INFO ] [Alloc] Distributed 963.2 / 963.2 kW | Unmet: 0.0 kW
[2026-04-21 15:42:20] [INFO ] Cycle #98 | Supply: 1985.7 kW
[2026-04-21 15:42:20] [INFO ] [LOCK] Central Hospital — 366.4 kW (life support)
[2026-04-21 15:42:20] [INFO ] [Alloc] Distributed 883.1 / 883.1 kW | Unmet: 0.0 kW
[2026-04-21 15:42:22] [INFO ] Cycle #99 | Supply: 2096.5 kW
[2026-04-21 15:42:22] [INFO ] [LOCK] Central Hospital — 315.4 kW (life support)
[2026-04-21 15:42:22] [INFO ] [Alloc] Distributed 796.9 / 796.9 kW | Unmet: 0.0 kW
[2026-04-21 15:42:24] [INFO ] Cycle #100 | Supply: 2077.0 kW
[2026-04-21 15:42:24] [INFO ] [LOCK] Central Hospital — 313.4 kW (life support)
[2026-04-21 15:42:24] [INFO ] [Alloc] Distributed 776.6 / 776.6 kW | Unmet: -0.0 kW
[2026-04-21 15:42:26] [INFO ] Cycle #101 | Supply: 2287.2 kW
[2026-04-21 15:42:26] [INFO ] [LOCK] Central Hospital — 209.4 kW (life support)
[2026-04-21 15:42:26] [INFO ] [Alloc] Distributed 758.9 / 758.9 kW | Unmet: 0.0 kW
[2026-04-21 15:42:28] [INFO ] Cycle #102 | Supply: 2156.1 kW
[2026-04-21 15:42:28] [INFO ] [LOCK] Central Hospital — 241.8 kW (life support)
[2026-04-21 15:42:28] [INFO ] [Alloc] Distributed 865.3 / 865.3 kW | Unmet: 0.0 kW
[2026-04-21 15:42:30] [INFO ] Cycle #103 | Supply: 2289.9 kW
[2026-04-21 15:42:30] [INFO ] [LOCK] Central Hospital — 199.1 kW (life support)
[2026-04-21 15:42:30] [INFO ] [Alloc] Distributed 850.9 / 850.9 kW | Unmet: 0.0 kW
[2026-04-21 15:42:32] [INFO ] Cycle #104 | Supply: 2045.8 kW
[2026-04-21 15:42:32] [INFO ] [LOCK] Central Hospital — 210.0 kW (life support)
[2026-04-21 15:42:32] [INFO ] [Alloc] Distributed 777.3 / 777.3 kW | Unmet: 0.0 kW
[2026-04-21 15:42:34] [INFO ] Cycle #105 | Supply: 2088.6 kW
[2026-04-21 15:42:34] [INFO ] [LOCK] Central Hospital — 241.0 kW (life support)
[2026-04-21 15:42:34] [INFO ] [Alloc] Distributed 723.0 / 723.0 kW | Unmet: -0.0 kW
[2026-04-21 15:42:36] [INFO ] Cycle #106 | Supply: 2065.4 kW
[2026-04-21 15:42:36] [ERROR] [GRID OVERLOAD] Demand 5430.1 kW exceeds supply 2065.4 kW (deficit: 3364.7 kW)
[2026-04-21 15:42:36] [WARN ] EMERGENCY LOAD SHEDDING
[2026-04-21 15:42:36] [WARN ] Shed: Downtown Commercial
[2026-04-21 15:42:36] [WARN ] Shed: Residential North
[2026-04-21 15:42:36] [WARN ] Shed: Residential South
[2026-04-21 15:42:38] [INFO ] Cycle #107 | Supply: 2176.4 kW
[2026-04-21 15:42:38] [ERROR] [GRID OVERLOAD] Demand 5873.7 kW exceeds supply 2176.4 kW (deficit: 3697.3 kW)
[2026-04-21 15:42:38] [WARN ] EMERGENCY LOAD SHEDDING
[2026-04-21 15:42:38] [WARN ] Shed: Downtown Commercial
[2026-04-21 15:42:38] [WARN ] Shed: Residential North
[2026-04-21 15:42:38] [WARN ] Shed: Residential South
[2026-04-21 15:42:40] [INFO ] Cycle #108 | Supply: 2187.7 kW
[2026-04-21 15:42:40] [ERROR] [GRID OVERLOAD] Demand 6002.2 kW exceeds supply 2187.7 kW (deficit: 3814.5 kW)
[2026-04-21 15:42:40] [WARN ] EMERGENCY LOAD SHEDDING
[2026-04-21 15:42:40] [WARN ] Shed: Downtown Commercial
[2026-04-21 15:42:40] [WARN ] Shed: Residential North
[2026-04-21 15:42:40] [WARN ] Shed: Residential South
[2026-04-21 15:42:42] [INFO ] Cycle #109 | Supply: 2254.0 kW
[2026-04-21 15:42:42] [ERROR] [GRID OVERLOAD] Demand 5791.2 kW exceeds supply 2254.0 kW (deficit: 3537.2 kW)
[2026-04-21 15:42:42] [WARN ] EMERGENCY LOAD SHEDDING
[2026-04-21 15:42:42] [WARN ] Shed: Downtown Commercial
[2026-04-21 15:42:42] [WARN ] Shed: Residential North
[2026-04-21 15:42:42] [WARN ] Shed: Residential South
[2026-04-21 15:42:44] [INFO ] Cycle #110 | Supply: 2179.0 kW
[2026-04-21 15:42:44] [ERROR] [GRID OVERLOAD] Demand 5415.3 kW exceeds supply 2179.0 kW (deficit: 3236.3 kW)
[2026-04-21 15:42:44] [WARN ] EMERGENCY LOAD SHEDDING
[2026-04-21 15:42:44] [WARN ] Shed: Downtown Commercial
[2026-04-21 15:42:44] [WARN ] Shed: Residential North
[2026-04-21 15:42:44] [WARN ] Shed: Residential South
[2026-04-21 15:42:46] [INFO ] Cycle #111 | Supply: 2159.6 kW
[2026-04-21 15:42:46] [ERROR] [GRID OVERLOAD] Demand 4639.6 kW exceeds supply 2159.6 kW (deficit: 2480.0 kW)
[2026-04-21 15:42:46] [WARN ] EMERGENCY LOAD SHEDDING
[2026-04-21 15:42:46] [WARN ] Shed: Downtown Commercial
[2026-04-21 15:42:46] [WARN ] Shed: Residential North
[2026-04-21 15:42:46] [WARN ] Shed: Residential South
[2026-04-21 15:42:48] [INFO ] Cycle #112 | Supply: 2300.0 kW
[2026-04-21 15:42:48] [ERROR] [GRID OVERLOAD] Demand 4087.2 kW exceeds supply 2300.0 kW (deficit: 1787.2 kW)
[2026-04-21 15:42:48] [WARN ] EMERGENCY LOAD SHEDDING
[2026-04-21 15:42:48] [WARN ] Shed: Downtown Commercial
[2026-04-21 15:42:48] [WARN ] Shed: Residential North
[2026-04-21 15:42:48] [WARN ] Shed: Residential South
[2026-04-21 15:42:50] [INFO ] Cycle #113 | Supply: 1918.5 kW
[2026-04-21 15:42:50] [ERROR] [GRID OVERLOAD] Demand 3631.2 kW exceeds supply 1918.5 kW (deficit: 1712.7 kW)
[2026-04-21 15:42:50] [WARN ] EMERGENCY LOAD SHEDDING
[2026-04-21 15:42:50] [WARN ] Shed: Downtown Commercial
[2026-04-21 15:42:50] [WARN ] Shed: Residential North
[2026-04-21 15:42:50] [WARN ] Shed: Residential South
[2026-04-21 15:42:52] [INFO ] Cycle #114 | Supply: 2106.5 kW
[2026-04-21 15:42:52] [ERROR] [GRID OVERLOAD] Demand 3284.7 kW exceeds supply 2106.5 kW (deficit: 1178.2 kW)
[2026-04-21 15:42:52] [WARN ] EMERGENCY LOAD SHEDDING
[2026-04-21 15:42:52] [WARN ] Shed: Downtown Commercial
[2026-04-21 15:42:52] [WARN ] Shed: Residential North
[2026-04-21 15:42:52] [WARN ] Shed: Residential South
[2026-04-21 15:42:54] [INFO ] Cycle #115 | Supply: 2216.8 kW
[2026-04-21 15:42:54] [ERROR] [GRID OVERLOAD] Demand 4023.7 kW exceeds supply 2216.8 kW (deficit: 1806.9 kW)
[2026-04-21 15:42:54] [WARN ] EMERGENCY LOAD SHEDDING
[2026-04-21 15:42:54] [WARN ] Shed: Downtown Commercial
[2026-04-21 15:42:54] [WARN ] Shed: Residential North
[2026-04-21 15:42:54] [WARN ] Shed: Residential South
[2026-04-21 15:42:56] [INFO ] Cycle #116 | Supply: 2192.3 kW
[2026-04-21 15:42:56] [ERROR] [GRID OVERLOAD] Demand 5140.0 kW exceeds supply 2192.3 kW (deficit: 2947.8 kW)
[2026-04-21 15:42:56] [WARN ] EMERGENCY LOAD SHEDDING
[2026-04-21 15:42:56] [WARN ] Shed: Downtown Commercial
[2026-04-21 15:42:56] [WARN ] Shed: Residential North
[2026-04-21 15:42:56] [WARN ] Shed: Residential South
[2026-04-21 15:42:58] [INFO ] Cycle #117 | Supply: 2125.7 kW
[2026-04-21 15:42:58] [ERROR] [GRID OVERLOAD] Demand 4206.1 kW exceeds supply 2125.7 kW (deficit: 2080.4 kW)
[2026-04-21 15:42:58] [WARN ] EMERGENCY LOAD SHEDDING
[2026-04-21 15:42:58] [WARN ] Shed: Downtown Commercial
[2026-04-21 15:42:58] [WARN ] Shed: Residential North
[2026-04-21 15:42:58] [WARN ] Shed: Residential South
[2026-04-21 15:43:00] [INFO ] Cycle #118 | Supply: 2188.3 kW
[2026-04-21 15:43:00] [ERROR] [GRID OVERLOAD] Demand 4918.5 kW exceeds supply 2188.3 kW (deficit: 2730.2 kW)
[2026-04-21 15:43:00] [WARN ] EMERGENCY LOAD SHEDDING
[2026-04-21 15:43:00] [WARN ] Shed: Downtown Commercial
[2026-04-21 15:43:00] [WARN ] Shed: Residential North
[2026-04-21 15:43:00] [WARN ] Shed: Residential South
[2026-04-21 15:43:02] [INFO ] Cycle #119 | Supply: 2169.3 kW
[2026-04-21 15:43:02] [ERROR] [GRID OVERLOAD] Demand 6123.0 kW exceeds supply 2169.3 kW (deficit: 3953.7 kW)
[2026-04-21 15:43:02] [WARN ] EMERGENCY LOAD SHEDDING
[2026-04-21 15:43:02] [WARN ] Shed: Downtown Commercial
[2026-04-21 15:43:02] [WARN ] Shed: Residential North
[2026-04-21 15:43:02] [WARN ] Shed: Residential South
[2026-04-21 15:43:04] [INFO ] Cycle #120 | Supply: 2186.9 kW
[2026-04-21 15:43:04] [ERROR] [GRID OVERLOAD] Demand 4187.1 kW exceeds supply 2186.9 kW (deficit: 2000.2 kW)
[2026-04-21 15:43:04] [WARN ] EMERGENCY LOAD SHEDDING
[2026-04-21 15:43:04] [WARN ] Shed: Downtown Commercial
[2026-04-21 15:43:04] [WARN ] Shed: Residential North
[2026-04-21 15:43:04] [WARN ] Shed: Residential South
[2026-04-21 15:43:06] [INFO ] Cycle #121 | Supply: 2170.9 kW
[2026-04-21 15:43:06] [ERROR] [GRID OVERLOAD] Demand 4623.7 kW exceeds supply 2170.9 kW (deficit: 2452.8 kW)
[2026-04-21 15:43:06] [WARN ] EMERGENCY LOAD SHEDDING
[2026-04-21 15:43:06] [WARN ] Shed: Downtown Commercial
[2026-04-21 15:43:06] [WARN ] Shed: Residential North
[2026-04-21 15:43:06] [WARN ] Shed: Residential South
[2026-04-21 15:43:08] [INFO ] Cycle #122 | Supply: 2114.7 kW
[2026-04-21 15:43:08] [ERROR] [GRID OVERLOAD] Demand 4942.5 kW exceeds supply 2114.7 kW (deficit: 2827.8 kW)
[2026-04-21 15:43:08] [WARN ] EMERGENCY LOAD SHEDDING
[2026-04-21 15:43:08] [WARN ] Shed: Downtown Commercial
[2026-04-21 15:43:08] [WARN ] Shed: Residential North
[2026-04-21 15:43:08] [WARN ] Shed: Residential South
[2026-04-21 15:43:10] [INFO ] Cycle #123 | Supply: 2049.1 kW
[2026-04-21 15:43:10] [INFO ] [LOCK] Central Hospital — 44.6 kW (life support)
[2026-04-21 15:43:10] [INFO ] [Alloc] Distributed 396.6 / 396.6 kW | Unmet: 0.0 kW
[2026-04-21 15:43:12] [INFO ] Cycle #124 | Supply: 2185.3 kW
[2026-04-21 15:43:12] [INFO ] [LOCK] Central Hospital — 50.2 kW (life support)
[2026-04-21 15:43:12] [INFO ] [Alloc] Distributed 374.7 / 374.7 kW | Unmet: 0.0 kW
[2026-04-21 15:43:14] [INFO ] Cycle #125 | Supply: 2277.7 kW
[2026-04-21 15:43:14] [INFO ] [LOCK] Central Hospital — 53.6 kW (life support)
[2026-04-21 15:43:14] [INFO ] [Alloc] Distributed 417.1 / 417.1 kW | Unmet: 0.0 kW
[2026-04-21 15:43:16] [INFO ] Cycle #126 | Supply: 2087.7 kW
[2026-04-21 15:43:16] [INFO ] [LOCK] Central Hospital — 56.1 kW (life support)
[2026-04-21 15:43:16] [INFO ] [Alloc] Distributed 436.2 / 436.2 kW | Unmet: -0.0 kW
[2026-04-21 15:43:18] [INFO ] Cycle #127 | Supply: 2076.9 kW
[2026-04-21 15:43:18] [INFO ] [LOCK] Central Hospital — 57.6 kW (life support)
[2026-04-21 15:43:18] [INFO ] [Alloc] Distributed 429.8 / 429.8 kW | Unmet: 0.0 kW
[2026-04-21 15:43:20] [INFO ] Cycle #128 | Supply: 2145.3 kW
[2026-04-21 15:43:20] [INFO ] [LOCK] Central Hospital — 48.6 kW (life support)
[2026-04-21 15:43:20] [INFO ] [Alloc] Distributed 453.5 / 453.5 kW | Unmet: 0.0 kW
[2026-04-21 15:43:22] [INFO ] Cycle #129 | Supply: 1908.0 kW
[2026-04-21 15:43:22] [INFO ] [LOCK] Central Hospital — 47.8 kW (life support)
[2026-04-21 15:43:22] [INFO ] [Alloc] Distributed 459.1 / 459.1 kW | Unmet: 0.0 kW
[2026-04-21 15:43:24] [INFO ] Cycle #130 | Supply: 2192.7 kW
[2026-04-21 15:43:24] [INFO ] [LOCK] Central Hospital — 49.6 kW (life support)
[2026-04-21 15:43:24] [INFO ] [Alloc] Distributed 436.2 / 436.2 kW | Unmet: 0.0 kW
[2026-04-21 15:43:26] [INFO ] Cycle #131 | Supply: 2196.2 kW
[2026-04-21 15:43:26] [INFO ] [LOCK] Central Hospital — 53.1 kW (life support)
[2026-04-21 15:43:26] [INFO ] [Alloc] Distributed 453.7 / 453.7 kW | Unmet: 0.0 kW
[2026-04-21 15:43:28] [INFO ] Cycle #132 | Supply: 2129.5 kW
[2026-04-21 15:43:28] [INFO ] [LOCK] Central Hospital — 44.1 kW (life support)
[2026-04-21 15:43:28] [INFO ] [Alloc] Distributed 461.9 / 461.9 kW | Unmet: -0.0 kW
[2026-04-21 15:43:30] [INFO ] Cycle #133 | Supply: 2055.9 kW
[2026-04-21 15:43:30] [INFO ] [LOCK] Central Hospital — 42.8 kW (life support)
[2026-04-21 15:43:30] [INFO ] [Alloc] Distributed 458.0 / 458.0 kW | Unmet: 0.0 kW
[2026-04-21 15:43:32] [INFO ] Cycle #134 | Supply: 2015.3 kW
[2026-04-21 15:43:32] [INFO ] [LOCK] Central Hospital — 40.6 kW (life support)
[2026-04-21 15:43:32] [INFO ] [Alloc] Distributed 428.2 / 428.2 kW | Unmet: -0.0 kW
[2026-04-21 15:43:34] [INFO ] Cycle #135 | Supply: 2136.8 kW
[2026-04-21 15:43:34] [INFO ] [LOCK] Central Hospital — 41.5 kW (life support)
[2026-04-21 15:43:34] [INFO ] [Alloc] Distributed 430.7 / 430.7 kW | Unmet: 0.0 kW
[2026-04-21 15:43:36] [INFO ] Cycle #136 | Supply: 2300.0 kW
[2026-04-21 15:43:36] [INFO ] [LOCK] Central Hospital — 44.3 kW (life support)
[2026-04-21 15:43:36] [INFO ] [Alloc] Distributed 437.3 / 437.3 kW | Unmet: 0.0 kW
[2026-04-21 15:43:38] [INFO ] Cycle #137 | Supply: 2265.4 kW
[2026-04-21 15:43:38] [INFO ] [LOCK] Central Hospital — 42.7 kW (life support)
[2026-04-21 15:43:38] [INFO ] [Alloc] Distributed 457.2 / 457.2 kW | Unmet: 0.0 kW
[2026-04-21 15:43:38] [INFO ] Grid state saved.
[2026-04-21 15:43:39] [INFO ] Grid state saved.
[2026-04-21 15:43:39] [INFO ] Grid state saved.
[2026-04-21 15:43:40] [INFO ] Grid state saved.
[2026-04-21 15:43:40] [INFO ] Cycle #138 | Supply: 2285.5 kW
[2026-04-21 15:43:40] [INFO ] [LOCK] Central Hospital — 34.8 kW (life support)
[2026-04-21 15:43:40] [INFO ] [Alloc] Distributed 386.2 / 386.2 kW | Unmet: 0.0 kW
[2026-04-21 15:43:40] [INFO ] Grid state saved.
[2026-04-21 15:43:40] [INFO ] Grid state saved.
[2026-04-21 15:43:40] [INFO ] Grid state saved.
[2026-04-21 15:43:42] [INFO ] Cycle #139 | Supply: 2193.1 kW
[2026-04-21 15:43:42] [INFO ] [LOCK] Central Hospital — 38.4 kW (life support)
[2026-04-21 15:43:42] [INFO ] [Alloc] Distributed 411.8 / 411.8 kW | Unmet: 0.0 kW
[2026-04-21 15:43:44] [INFO ] Cycle #140 | Supply: 2234.7 kW
[2026-04-21 15:43:44] [INFO ] [LOCK] Central Hospital — 37.1 kW (life support)
[2026-04-21 15:43:44] [INFO ] [Alloc] Distributed 395.7 / 395.7 kW | Unmet: 0.0 kW
[2026-04-21 15:43:46] [INFO ] Cycle #141 | Supply: 2242.4 kW
[2026-04-21 15:43:46] [INFO ] [LOCK] Central Hospital — 41.7 kW (life support)
[2026-04-21 15:43:46] [INFO ] [Alloc] Distributed 460.8 / 460.8 kW | Unmet: -0.0 kW
[2026-04-21 15:43:48] [INFO ] Cycle #142 | Supply: 2108.9 kW
[2026-04-21 15:43:48] [INFO ] [LOCK] Central Hospital — 39.3 kW (life support)
[2026-04-21 15:43:48] [INFO ] [Alloc] Distributed 471.4 / 471.4 kW | Unmet: 0.0 kW
[2026-04-21 15:43:50] [INFO ] Cycle #143 | Supply: 2079.6 kW
[2026-04-21 15:43:50] [INFO ] [LOCK] Central Hospital — 40.3 kW (life support)
[2026-04-21 15:43:50] [INFO ] [Alloc] Distributed 467.6 / 467.6 kW | Unmet: 0.0 kW
[2026-04-21 15:43:52] [INFO ] Cycle #144 | Supply: 2112.2 kW
[2026-04-21 15:43:52] [INFO ] [LOCK] Central Hospital — 43.1 kW (life support)
[2026-04-21 15:43:52] [INFO ] [Alloc] Distributed 438.7 / 438.7 kW | Unmet: 0.0 kW
[2026-04-21 15:43:54] [INFO ] Cycle #145 | Supply: 2127.0 kW
[2026-04-21 15:43:54] [INFO ] [LOCK] Central Hospital — 29.6 kW (life support)
[2026-04-21 15:43:54] [INFO ] [Alloc] Distributed 458.4 / 458.4 kW | Unmet: 0.0 kW
[2026-04-21 15:43:56] [INFO ] Cycle #146 | Supply: 2150.9 kW
[2026-04-21 15:43:56] [INFO ] [LOCK] Central Hospital — 23.7 kW (life support)
[2026-04-21 15:43:56] [INFO ] [Alloc] Distributed 466.0 / 466.0 kW | Unmet: 0.0 kW
[2026-04-21 15:43:58] [INFO ] Cycle #147 | Supply: 2024.2 kW
[2026-04-21 15:43:58] [INFO ] [LOCK] Central Hospital — 50.9 kW (life support)
[2026-04-21 15:43:58] [INFO ] [Alloc] Distributed 515.8 / 515.8 kW | Unmet: 0.0 kW
[2026-04-21 15:44:00] [INFO ] Cycle #148 | Supply: 1943.8 kW
[2026-04-21 15:44:00] [INFO ] [LOCK] Central Hospital — 48.9 kW (life support)
[2026-04-21 15:44:00] [INFO ] [Alloc] Distributed 558.6 / 558.6 kW | Unmet: 0.0 kW
[2026-04-21 15:44:02] [INFO ] Cycle #149 | Supply: 1964.4 kW
[2026-04-21 15:44:02] [INFO ] [LOCK] Central Hospital — 46.8 kW (life support)
[2026-04-21 15:44:02] [INFO ] [Alloc] Distributed 499.7 / 499.7 kW | Unmet: 0.0 kW
[2026-04-21 15:44:04] [INFO ] Cycle #150 | Supply: 1977.6 kW
[2026-04-21 15:44:04] [INFO ] [LOCK] Central Hospital — 41.5 kW (life support)
[2026-04-21 15:44:04] [INFO ] [Alloc] Distributed 470.6 / 470.6 kW | Unmet: 0.0 kW
[2026-04-21 15:44:06] [INFO ] Cycle #151 | Supply: 2285.0 kW
[2026-04-21 15:44:06] [INFO ] [LOCK] Central Hospital — 33.6 kW (life support)
[2026-04-21 15:44:06] [INFO ] [Alloc] Distributed 501.7 / 501.7 kW | Unmet: 0.0 kW
[2026-04-21 15:44:08] [INFO ] Cycle #152 | Supply: 2033.0 kW
[2026-04-21 15:44:08] [ERROR] [GRID OVERLOAD] Demand 5608.9 kW exceeds supply 2033.0 kW (deficit: 3575.9 kW)
[2026-04-21 15:44:08] [WARN ] EMERGENCY LOAD SHEDDING
[2026-04-21 15:44:08] [WARN ] Shed: Downtown Commercial
[2026-04-21 15:44:08] [WARN ] Shed: Residential North
[2026-04-21 15:44:08] [WARN ] Shed: Residential South
[2026-04-21 15:44:10] [INFO ] Cycle #153 | Supply: 2088.8 kW
[2026-04-21 15:44:10] [ERROR] [GRID OVERLOAD] Demand 5087.2 kW exceeds supply 2088.8 kW (deficit: 2998.4 kW)
[2026-04-21 15:44:10] [WARN ] EMERGENCY LOAD SHEDDING
[2026-04-21 15:44:10] [WARN ] Shed: Downtown Commercial
[2026-04-21 15:44:10] [WARN ] Shed: Residential North
[2026-04-21 15:44:10] [WARN ] Shed: Residential South
[2026-04-21 15:44:12] [INFO ] Cycle #154 | Supply: 2097.9 kW
[2026-04-21 15:44:12] [ERROR] [GRID OVERLOAD] Demand 4999.0 kW exceeds supply 2097.9 kW (deficit: 2901.2 kW)
[2026-04-21 15:44:12] [WARN ] EMERGENCY LOAD SHEDDING
[2026-04-21 15:44:12] [WARN ] Shed: Downtown Commercial
[2026-04-21 15:44:12] [WARN ] Shed: Residential North
[2026-04-21 15:44:12] [WARN ] Shed: Residential South
[2026-04-21 15:44:14] [INFO ] Cycle #155 | Supply: 2184.3 kW
[2026-04-21 15:44:14] [ERROR] [GRID OVERLOAD] Demand 5514.0 kW exceeds supply 2184.3 kW (deficit: 3329.7 kW)
[2026-04-21 15:44:14] [WARN ] EMERGENCY LOAD SHEDDING
[2026-04-21 15:44:14] [WARN ] Shed: Downtown Commercial
[2026-04-21 15:44:14] [WARN ] Shed: Residential North
[2026-04-21 15:44:14] [WARN ] Shed: Residential South
[2026-04-21 15:44:16] [INFO ] Cycle #156 | Supply: 2143.0 kW
[2026-04-21 15:44:16] [INFO ] [LOCK] Central Hospital — 5.0 kW (life support)
[2026-04-21 15:44:16] [INFO ] [Alloc] Distributed 527.5 / 527.5 kW | Unmet: 0.0 kW
[2026-04-21 15:44:18] [INFO ] Cycle #157 | Supply: 2038.6 kW
[2026-04-21 15:44:18] [INFO ] [LOCK] Central Hospital — 4.2 kW (life support)
[2026-04-21 15:44:18] [INFO ] [Alloc] Distributed 509.3 / 509.3 kW | Unmet: 0.0 kW
[2026-04-21 15:44:20] [INFO ] Cycle #158 | Supply: 2178.2 kW
[2026-04-21 15:44:20] [INFO ] [LOCK] Central Hospital — 2.9 kW (life support)
[2026-04-21 15:44:20] [INFO ] [Alloc] Distributed 553.6 / 553.6 kW | Unmet: 0.0 kW
[2026-04-21 15:44:22] [INFO ] Cycle #159 | Supply: 1997.3 kW
[2026-04-21 15:44:22] [INFO ] [LOCK] Central Hospital — 2.8 kW (life support)
[2026-04-21 15:44:22] [INFO ] [Alloc] Distributed 466.6 / 466.6 kW | Unmet: 0.0 kW
[2026-04-21 15:44:24] [INFO ] Cycle #160 | Supply: 2300.0 kW
[2026-04-21 15:44:24] [INFO ] [LOCK] Central Hospital — 3.3 kW (life support)
[2026-04-21 15:44:24] [INFO ] [Alloc] Distributed 456.2 / 456.2 kW | Unmet: 0.0 kW
[2026-04-21 15:44:26] [INFO ] Cycle #161 | Supply: 2102.1 kW
[2026-04-21 15:44:26] [INFO ] [LOCK] Central Hospital — 2.7 kW (life support)
[2026-04-21 15:44:26] [INFO ] [Alloc] Distributed 396.5 / 396.5 kW | Unmet: 0.0 kW
[2026-04-21 15:44:28] [INFO ] Cycle #162 | Supply: 2089.5 kW
[2026-04-21 15:44:28] [INFO ] [LOCK] Central Hospital — 3.2 kW (life support)
[2026-04-21 15:44:28] [INFO ] [Alloc] Distributed 397.6 / 397.6 kW | Unmet: -0.0 kW
[2026-04-21 15:44:30] [INFO ] Cycle #163 | Supply: 2135.7 kW
[2026-04-21 15:44:30] [INFO ] [LOCK] Central Hospital — 2.7 kW (life support)
[2026-04-21 15:44:30] [INFO ] [Alloc] Distributed 344.1 / 344.1 kW | Unmet: 0.0 kW
[2026-04-21 15:44:32] [INFO ] Cycle #164 | Supply: 2091.1 kW
[2026-04-21 15:44:32] [INFO ] [LOCK] Central Hospital — 2.2 kW (life support)
[2026-04-21 15:44:32] [INFO ] [Alloc] Distributed 306.7 / 306.7 kW | Unmet: 0.0 kW
[2026-04-21 15:44:34] [INFO ] Cycle #165 | Supply: 2191.2 kW
[2026-04-21 15:44:34] [INFO ] [LOCK] Central Hospital — 2.6 kW (life support)
[2026-04-21 15:44:34] [INFO ] [Alloc] Distributed 364.9 / 364.9 kW | Unmet: 0.0 kW
[2026-04-21 15:44:36] [INFO ] Cycle #166 | Supply: 2130.3 kW
[2026-04-21 15:44:36] [INFO ] [LOCK] Central Hospital — 2.6 kW (life support)
[2026-04-21 15:44:36] [INFO ] [Alloc] Distributed 327.9 / 327.9 kW | Unmet: 0.0 kW
[2026-04-21 15:44:38] [INFO ] Cycle #167 | Supply: 2236.1 kW
[2026-04-21 15:44:38] [INFO ] [LOCK] Central Hospital — 2.8 kW (life support)
[2026-04-21 15:44:38] [INFO ] [Alloc] Distributed 288.6 / 288.6 kW | Unmet: -0.0 kW
[2026-04-21 15:44:40] [INFO ] Cycle #168 | Supply: 2271.1 kW
[2026-04-21 15:44:40] [INFO ] [LOCK] Central Hospital — 2.9 kW (life support)
[2026-04-21 15:44:40] [INFO ] [Alloc] Distributed 287.6 / 287.6 kW | Unmet: 0.0 kW
[2026-04-21 15:44:42] [INFO ] Cycle #169 | Supply: 2133.8 kW
[2026-04-21 15:44:42] [INFO ] [LOCK] Central Hospital — 3.2 kW (life support)
[2026-04-21 15:44:42] [INFO ] [Alloc] Distributed 296.8 / 296.8 kW | Unmet: 0.0 kW
[2026-04-21 15:44:44] [INFO ] Cycle #170 | Supply: 2102.1 kW
[2026-04-21 15:44:44] [INFO ] [LOCK] Central Hospital — 2.6 kW (life support)
[2026-04-21 15:44:44] [INFO ] [Alloc] Distributed 264.8 / 264.8 kW | Unmet: 0.0 kW
[2026-04-21 15:44:46] [INFO ] Cycle #171 | Supply: 2137.1 kW
[2026-04-21 15:44:46] [INFO ] [LOCK] Central Hospital — 3.0 kW (life support)
[2026-04-21 15:44:46] [INFO ] [Alloc] Distributed 320.2 / 320.2 kW | Unmet: 0.0 kW
[2026-04-21 15:44:48] [INFO ] Cycle #172 | Supply: 2046.0 kW
[2026-04-21 15:44:48] [INFO ] [LOCK] Central Hospital — 2.7 kW (life support)
[2026-04-21 15:44:48] [INFO ] [Alloc] Distributed 324.6 / 324.6 kW | Unmet: 0.0 kW
[2026-04-21 15:44:50] [INFO ] Cycle #173 | Supply: 2063.3 kW
[2026-04-21 15:44:50] [INFO ] [LOCK] Central Hospital — 2.2 kW (life support)
[2026-04-21 15:44:50] [INFO ] [Alloc] Distributed 377.4 / 377.4 kW | Unmet: 0.0 kW
[2026-04-21 15:44:52] [INFO ] Cycle #174 | Supply: 2045.0 kW
[2026-04-21 15:44:52] [INFO ] [LOCK] Central Hospital — 2.4 kW (life support)
[2026-04-21 15:44:52] [INFO ] [Alloc] Distributed 387.3 / 387.3 kW | Unmet: 0.0 kW
[2026-04-21 15:44:54] [INFO ] Cycle #175 | Supply: 2232.3 kW
[2026-04-21 15:44:54] [INFO ] [LOCK] Central Hospital — 2.6 kW (life support)
[2026-04-21 15:44:54] [INFO ] [Alloc] Distributed 404.8 / 404.8 kW | Unmet: 0.0 kW
[2026-04-21 15:44:56] [INFO ] Cycle #176 | Supply: 2242.4 kW
[2026-04-21 15:44:56] [INFO ] [LOCK] Central Hospital — 3.3 kW (life support)
[2026-04-21 15:44:56] [INFO ] [Alloc] Distributed 403.5 / 403.5 kW | Unmet: 0.0 kW
[2026-04-21 15:44:58] [INFO ] Cycle #177 | Supply: 2065.5 kW
[2026-04-21 15:44:58] [INFO ] [LOCK] Central Hospital — 2.7 kW (life support)
[2026-04-21 15:44:58] [INFO ] [Alloc] Distributed 354.6 / 354.6 kW | Unmet: 0.0 kW
[2026-04-21 15:45:00] [INFO ] Cycle #178 | Supply: 2073.7 kW
[2026-04-21 15:45:00] [INFO ] [LOCK] Central Hospital — 2.9 kW (life support)
[2026-04-21 15:45:00] [INFO ] [Alloc] Distributed 308.8 / 308.8 kW | Unmet: 0.0 kW
[2026-04-21 15:45:02] [INFO ] Cycle #179 | Supply: 2039.3 kW
[2026-04-21 15:45:02] [INFO ] [LOCK] Central Hospital — 2.8 kW (life support)
[2026-04-21 15:45:02] [INFO ] [Alloc] Distributed 289.2 / 289.2 kW | Unmet: 0.0 kW
[2026-04-21 15:45:04] [INFO ] Cycle #180 | Supply: 2183.3 kW
[2026-04-21 15:45:04] [INFO ] [LOCK] Central Hospital — 2.5 kW (life support)
[2026-04-21 15:45:04] [INFO ] [Alloc] Distributed 239.6 / 239.6 kW | Unmet: 0.0 kW
[2026-04-21 15:45:06] [INFO ] Cycle #181 | Supply: 2281.1 kW
[2026-04-21 15:45:06] [INFO ] [LOCK] Central Hospital — 2.4 kW (life support)
[2026-04-21 15:45:06] [INFO ] [Alloc] Distributed 211.6 / 211.6 kW | Unmet: 0.0 kW
[2026-04-21 15:45:08] [INFO ] Cycle #182 | Supply: 1905.1 kW
[2026-04-21 15:45:08] [INFO ] [LOCK] Central Hospital — 2.5 kW (life support)
[2026-04-21 15:45:08] [INFO ] [Alloc] Distributed 207.0 / 207.0 kW | Unmet: 0.0 kW
[2026-04-21 15:45:10] [INFO ] Cycle #183 | Supply: 2005.6 kW
[2026-04-21 15:45:10] [INFO ] [LOCK] Central Hospital — 2.8 kW (life support)
[2026-04-21 15:45:10] [INFO ] [Alloc] Distributed 199.5 / 199.5 kW | Unmet: 0.0 kW
[2026-04-21 15:45:12] [INFO ] Cycle #184 | Supply: 2097.7 kW
[2026-04-21 15:45:12] [INFO ] [LOCK] Central Hospital — 3.7 kW (life support)
[2026-04-21 15:45:12] [INFO ] [Alloc] Distributed 187.9 / 187.9 kW | Unmet: 0.0 kW
[2026-04-21 15:45:14] [INFO ] Cycle #185 | Supply: 2100.6 kW
[2026-04-21 15:45:14] [INFO ] [LOCK] Central Hospital — 5.2 kW (life support)
[2026-04-21 15:45:14] [INFO ] [Alloc] Distributed 244.3 / 244.3 kW | Unmet: 0.0 kW
[2026-04-21 15:45:16] [INFO ] Cycle #186 | Supply: 2179.2 kW
[2026-04-21 15:45:16] [INFO ] [LOCK] Central Hospital — 6.4 kW (life support)
[2026-04-21 15:45:16] [INFO ] [Alloc] Distributed 243.1 / 243.1 kW | Unmet: 0.0 kW
[2026-04-21 15:45:18] [INFO ] Cycle #187 | Supply: 2167.3 kW
[2026-04-21 15:45:18] [INFO ] [LOCK] Central Hospital — 5.0 kW (life support)
[2026-04-21 15:45:18] [INFO ] [Alloc] Distributed 240.9 / 240.9 kW | Unmet: 0.0 kW
[2026-04-21 15:45:20] [INFO ] Cycle #188 | Supply: 2174.3 kW
[2026-04-21 15:45:20] [INFO ] [LOCK] Central Hospital — 540.2 kW (life support)
[2026-04-21 15:45:20] [INFO ] [Alloc] Distributed 768.8 / 768.8 kW | Unmet: -0.0 kW
[2026-04-21 15:45:22] [INFO ] Cycle #189 | Supply: 1951.2 kW
[2026-04-21 15:45:22] [INFO ] [LOCK] Central Hospital — 568.3 kW (life suppor[2026-04-21 15:53:24] [INFO ] === VoltSync Session Started ===
[2026-04-21 15:53:24] [INFO ] Sector registered: Central Hospital [CRITICAL]
[2026-04-21 15:53:24] [INFO ] Sector registered: Fire Station Alpha [CRITICAL]
[2026-04-21 15:53:24] [INFO ] Sector registered: Industrial Zone A [HIGH]
[2026-04-21 15:53:24] [INFO ] Sector registered: Water Treatment [HIGH]
[2026-04-21 15:53:24] [INFO ] Sector registered: Downtown Commercial [MEDIUM]
[2026-04-21 15:53:24] [INFO ] Sector registered: Residential North [LOW]
[2026-04-21 15:53:24] [INFO ] Sector registered: Residential South [LOW]
[2026-04-21 15:53:24] [INFO ] Source added: Solar Farm Alpha
[2026-04-21 15:53:24] [INFO ] Source added: Solar Farm Beta
[2026-04-21 15:53:24] [INFO ] Source added: Wind Park North
[2026-04-21 15:53:24] [INFO ] Source added: Coal Plant Base
[2026-04-21 15:53:25] [INFO ] Thread started for sector: Industrial Zone A [Sector-Industrial Zone A]
[2026-04-21 15:53:25] [INFO ] Thread started for sector: Fire Station Alpha [Sector-Fire Station Alpha]
[2026-04-21 15:53:25] [INFO ] Thread started for sector: Central Hospital [Sector-Central Hospital]
[2026-04-21 15:53:25] [INFO ] Thread started for sector: Water Treatment [Sector-Water Treatment]
[2026-04-21 15:53:25] [INFO ] Thread started for sector: Residential South [Sector-Residential South]
[2026-04-21 15:53:25] [INFO ] Thread started for sector: Downtown Commercial [Sector-Downtown Commercial]
[2026-04-21 15:53:25] [INFO ] Thread started for sector: Residential North [Sector-Residential North]
[2026-04-21 15:53:25] [INFO ] Supply simulation thread started [SupplyThread]
[2026-04-21 15:53:27] [INFO ] Cycle #1 | Supply: 2181.9 kW
[2026-04-21 15:53:27] [WARN ] Overload risk! Demand 2159.7 kW vs Supply 2181.9 kW (99%)
[2026-04-21 15:53:27] [INFO ] [Alloc] Distributed 2159.7 / 2159.7 kW | Unmet: 0.0 kW
[2026-04-21 15:53:29] [INFO ] Cycle #2 | Supply: 2300.0 kW
[2026-04-21 15:53:29] [WARN ] Overload risk! Demand 2101.8 kW vs Supply 2300.0 kW (91%)
[2026-04-21 15:53:29] [INFO ] [Alloc] Distributed 2101.8 / 2101.8 kW | Unmet: 0.0 kW
[2026-04-21 15:53:31] [INFO ] Cycle #3 | Supply: 2097.5 kW
[2026-04-21 15:53:31] [WARN ] Overload risk! Demand 2148.3 kW vs Supply 2097.5 kW (102%)
[2026-04-21 15:53:31] [WARN ] Load shed on Residential South: gave 309.4 / 360.2 kW
[2026-04-21 15:53:31] [INFO ] [Alloc] Distributed 2097.5 / 2148.3 kW | Unmet: 50.8 kW
[2026-04-21 15:53:33] [INFO ] Cycle #4 | Supply: 2029.8 kW
[2026-04-21 15:53:33] [WARN ] Overload risk! Demand 2196.3 kW vs Supply 2029.8 kW (108%)
[2026-04-21 15:53:33] [WARN ] Load shed on Residential South: gave 185.8 / 352.3 kW
[2026-04-21 15:53:33] [INFO ] [Alloc] Distributed 2029.8 / 2196.3 kW | Unmet: 166.5 kW
[2026-04-21 15:53:35] [INFO ] Cycle #5 | Supply: 2227.0 kW
[2026-04-21 15:53:35] [WARN ] Overload risk! Demand 2097.6 kW vs Supply 2227.0 kW (94%)
[2026-04-21 15:53:35] [INFO ] [Alloc] Distributed 2097.6 / 2097.6 kW | Unmet: 0.0 kW
[2026-04-21 15:53:37] [INFO ] Cycle #6 | Supply: 2119.2 kW
[2026-04-21 15:53:37] [WARN ] Overload risk! Demand 2055.3 kW vs Supply 2119.2 kW (97%)
[2026-04-21 15:53:37] [INFO ] [LOCK] Central Hospital — 330.2 kW (life support)
[2026-04-21 15:53:37] [INFO ] [Alloc] Distributed 2055.3 / 2055.3 kW | Unmet: 0.0 kW
[2026-04-21 15:53:39] [INFO ] Cycle #7 | Supply: 2029.7 kW
[2026-04-21 15:53:39] [WARN ] Overload risk! Demand 2125.9 kW vs Supply 2029.7 kW (105%)
[2026-04-21 15:53:39] [INFO ] [LOCK] Central Hospital — 290.8 kW (life support)
[2026-04-21 15:53:39] [WARN ] Load shed on Residential South: gave 263.4 / 359.6 kW
[2026-04-21 15:53:39] [INFO ] [Alloc] Distributed 2029.7 / 2125.9 kW | Unmet: 96.3 kW
[2026-04-21 15:53:41] [INFO ] Cycle #8 | Supply: 2196.2 kW
[2026-04-21 15:53:41] [WARN ] Overload risk! Demand 1926.5 kW vs Supply 2196.2 kW (88%)
[2026-04-21 15:53:41] [INFO ] [LOCK] Central Hospital — 238.7 kW (life support)
[2026-04-21 15:53:41] [INFO ] [Alloc] Distributed 1926.5 / 1926.5 kW | Unmet: 0.0 kW
[2026-04-21 15:53:43] [INFO ] Cycle #9 | Supply: 2045.5 kW
[2026-04-21 15:53:43] [WARN ] Overload risk! Demand 1908.7 kW vs Supply 2045.5 kW (93%)
[2026-04-21 15:53:43] [INFO ] [LOCK] Central Hospital — 275.3 kW (life support)
[2026-04-21 15:53:43] [INFO ] [Alloc] Distributed 1908.7 / 1908.7 kW | Unmet: 0.0 kW
[2026-04-21 15:53:45] [INFO ] Cycle #10 | Supply: 2165.1 kW
[2026-04-21 15:53:45] [WARN ] Overload risk! Demand 1866.7 kW vs Supply 2165.1 kW (86%)
[2026-04-21 15:53:45] [INFO ] [LOCK] Central Hospital — 322.4 kW (life support)
[2026-04-21 15:53:45] [INFO ] [Alloc] Distributed 1866.7 / 1866.7 kW | Unmet: 0.0 kW
[2026-04-21 15:53:47] [INFO ] Cycle #11 | Supply: 1981.5 kW
[2026-04-21 15:53:47] [WARN ] Overload risk! Demand 2097.5 kW vs Supply 1981.5 kW (106%)
[2026-04-21 15:53:47] [INFO ] [LOCK] Central Hospital — 401.3 kW (life support)
[2026-04-21 15:53:47] [WARN ] Load shed on Residential South: gave 223.7 / 339.7 kW
[2026-04-21 15:53:47] [INFO ] [Alloc] Distributed 1981.5 / 2097.5 kW | Unmet: 116.0 kW
[2026-04-21 15:53:49] [INFO ] Cycle #12 | Supply: 2082.2 kW
[2026-04-21 15:53:49] [WARN ] Overload risk! Demand 2161.4 kW vs Supply 2082.2 kW (104%)
[2026-04-21 15:53:49] [INFO ] [LOCK] Central Hospital — 409.7 kW (life support)
[2026-04-21 15:53:49] [WARN ] Load shed on Residential South: gave 278.6 / 357.8 kW
[2026-04-21 15:53:49] [INFO ] [Alloc] Distributed 2082.2 / 2161.4 kW | Unmet: 79.2 kW
[2026-04-21 15:53:51] [INFO ] Cycle #13 | Supply: 2165.9 kW
[2026-04-21 15:53:51] [WARN ] Overload risk! Demand 1969.1 kW vs Supply 2165.9 kW (91%)
[2026-04-21 15:53:51] [INFO ] [LOCK] Central Hospital — 312.7 kW (life support)
[2026-04-21 15:53:51] [INFO ] [Alloc] Distributed 1969.1 / 1969.1 kW | Unmet: 0.0 kW
[2026-04-21 15:53:53] [INFO ] Cycle #14 | Supply: 2300.0 kW
[2026-04-21 15:53:53] [INFO ] [LOCK] Central Hospital — 277.0 kW (life support)
[2026-04-21 15:53:53] [INFO ] [Alloc] Distributed 1867.2 / 1867.2 kW | Unmet: 0.0 kW
[2026-04-21 15:53:55] [INFO ] Cycle #15 | Supply: 1961.0 kW
[2026-04-21 15:53:55] [WARN ] Overload risk! Demand 1715.8 kW vs Supply 1961.0 kW (87%)
[2026-04-21 15:53:55] [INFO ] [LOCK] Central Hospital — 267.5 kW (life support)
[2026-04-21 15:53:55] [INFO ] [Alloc] Distributed 1715.8 / 1715.8 kW | Unmet: 0.0 kW
[2026-04-21 15:53:57] [INFO ] Cycle #16 | Supply: 2194.9 kW
[2026-04-21 15:53:57] [INFO ] [LOCK] Central Hospital — 219.4 kW (life support)
[2026-04-21 15:53:57] [INFO ] [Alloc] Distributed 1659.1 / 1659.1 kW | Unmet: 0.0 kW
[2026-04-21 15:53:59] [INFO ] Cycle #17 | Supply: 2216.9 kW
[2026-04-21 15:53:59] [WARN ] Overload risk! Demand 1934.8 kW vs Supply 2216.9 kW (87%)
[2026-04-21 15:53:59] [INFO ] [LOCK] Central Hospital — 248.0 kW (life support)
[2026-04-21 15:53:59] [INFO ] [Alloc] Distributed 1934.8 / 1934.8 kW | Unmet: 0.0 kW
[2026-04-21 15:54:01] [INFO ] Cycle #18 | Supply: 1973.4 kW
[2026-04-21 15:54:01] [WARN ] Overload risk! Demand 2318.9 kW vs Supply 1973.4 kW (118%)
[2026-04-21 15:54:01] [INFO ] [LOCK] Central Hospital — 222.4 kW (life support)
[2026-04-21 15:54:01] [WARN ] Load shed on Residential North: gave 350.5 / 488.2 kW
[2026-04-21 15:54:01] [WARN ] Load shed on Residential South: gave 0.0 / 207.7 kW
[2026-04-21 15:54:01] [INFO ] [Alloc] Distributed 1973.4 / 2318.9 kW | Unmet: 345.4 kW
[2026-04-21 15:54:03] [INFO ] Cycle #19 | Supply: 2031.5 kW
[2026-04-21 15:54:03] [WARN ] Overload risk! Demand 2050.0 kW vs Supply 2031.5 kW (101%)
[2026-04-21 15:54:03] [INFO ] [LOCK] Central Hospital — 241.5 kW (life support)
[2026-04-21 15:54:03] [WARN ] Load shed on Residential South: gave 171.5 / 190.0 kW
[2026-04-21 15:54:03] [INFO ] [Alloc] Distributed 2031.5 / 2050.0 kW | Unmet: 18.5 kW
[2026-04-21 15:54:05] [INFO ] Cycle #20 | Supply: 2300.0 kW
[2026-04-21 15:54:05] [WARN ] Overload risk! Demand 2333.3 kW vs Supply 2300.0 kW (101%)
[2026-04-21 15:54:05] [INFO ] [LOCK] Central Hospital — 302.0 kW (life support)
[2026-04-21 15:54:05] [WARN ] Load shed on Residential South: gave 152.0 / 185.3 kW
[2026-04-21 15:54:05] [INFO ] [Alloc] Distributed 2300.0 / 2333.3 kW | Unmet: 33.3 kW
[2026-04-21 15:54:07] [INFO ] Cycle #21 | Supply: 2162.3 kW
[2026-04-21 15:54:07] [WARN ] Overload risk! Demand 2302.4 kW vs Supply 2162.3 kW (106%)
[2026-04-21 15:54:07] [INFO ] [LOCK] Central Hospital — 331.8 kW (life support)
[2026-04-21 15:54:07] [WARN ] Load shed on Residential South: gave 43.3 / 183.4 kW
[2026-04-21 15:54:07] [INFO ] [Alloc] Distributed 2162.3 / 2302.4 kW | Unmet: 140.0 kW
[2026-04-21 15:54:09] [INFO ] Cycle #22 | Supply: 2116.6 kW
[2026-04-21 15:54:09] [WARN ] Overload risk! Demand 2242.2 kW vs Supply 2116.6 kW (106%)
[2026-04-21 15:54:09] [INFO ] [LOCK] Central Hospital — 258.1 kW (life support)
[2026-04-21 15:54:09] [WARN ] Load shed on Residential South: gave 30.3 / 155.9 kW
[2026-04-21 15:54:09] [INFO ] [Alloc] Distributed 2116.6 / 2242.2 kW | Unmet: 125.6 kW
[2026-04-21 15:54:11] [INFO ] Cycle #23 | Supply: 2194.8 kW
[2026-04-21 15:54:11] [WARN ] Overload risk! Demand 2183.7 kW vs Supply 2194.8 kW (99%)
[2026-04-21 15:54:11] [INFO ] [LOCK] Central Hospital — 254.5 kW (life support)
[2026-04-21 15:54:11] [INFO ] [Alloc] Distributed 2183.7 / 2183.7 kW | Unmet: 0.0 kW
[2026-04-21 15:54:13] [INFO ] Cycle #24 | Supply: 2155.5 kW
[2026-04-21 15:54:13] [WARN ] Overload risk! Demand 2207.6 kW vs Supply 2155.5 kW (102%)
[2026-04-21 15:54:13] [INFO ] [LOCK] Central Hospital — 232.6 kW (life support)
[2026-04-21 15:54:13] [WARN ] Load shed on Residential South: gave 138.4 / 190.5 kW
[2026-04-21 15:54:13] [INFO ] [Alloc] Distributed 2155.5 / 2207.6 kW | Unmet: 52.2 kW
[2026-04-21 15:54:15] [INFO ] Cycle #25 | Supply: 2095.3 kW
[2026-04-21 15:54:15] [WARN ] Overload risk! Demand 2248.5 kW vs Supply 2095.3 kW (107%)
[2026-04-21 15:54:15] [INFO ] [LOCK] Central Hospital — 206.8 kW (life support)
[2026-04-21 15:54:15] [WARN ] Load shed on Residential South: gave 61.8 / 215.0 kW
[2026-04-21 15:54:15] [INFO ] [Alloc] Distributed 2095.3 / 2248.5 kW | Unmet: 153.2 kW
[2026-04-21 15:54:17] [INFO ] Cycle #26 | Supply: 2019.9 kW
[2026-04-21 15:54:17] [WARN ] Overload risk! Demand 2334.8 kW vs Supply 2019.9 kW (116%)
[2026-04-21 15:54:17] [INFO ] [LOCK] Central Hospital — 241.5 kW (life support)
[2026-04-21 15:54:17] [WARN ] Load shed on Residential North: gave 644.8 / 762.4 kW
[2026-04-21 15:54:17] [WARN ] Load shed on Residential South: gave 0.0 / 197.3 kW
[2026-04-21 15:54:17] [INFO ] [Alloc] Distributed 2019.9 / 2334.8 kW | Unmet: 314.9 kW
[2026-04-21 15:54:19] [INFO ] Cycle #27 | Supply: 2240.3 kW
[2026-04-21 15:54:19] [WARN ] Overload risk! Demand 2343.0 kW vs Supply 2240.3 kW (105%)
[2026-04-21 15:54:19] [INFO ] [LOCK] Central Hospital — 251.7 kW (life support)
[2026-04-21 15:54:19] [WARN ] Load shed on Residential South: gave 79.5 / 182.2 kW
[2026-04-21 15:54:19] [INFO ] [Alloc] Distributed 2240.3 / 2343.0 kW | Unmet: 102.7 kW
[2026-04-21 15:54:21] [INFO ] Cycle #28 | Supply: 1900.3 kW
[2026-04-21 15:54:21] [WARN ] Overload risk! Demand 2537.7 kW vs Supply 1900.3 kW (134%)
[2026-04-21 15:54:21] [INFO ] [LOCK] Central Hospital — 356.1 kW (life support)
[2026-04-21 15:54:21] [WARN ] Load shed on Residential North: gave 482.6 / 951.8 kW
[2026-04-21 15:54:21] [WARN ] Load shed on Residential South: gave 0.0 / 168.2 kW
[2026-04-21 15:54:21] [INFO ] [Alloc] Distributed 1900.3 / 2537.7 kW | Unmet: 637.4 kW
[2026-04-21 15:54:23] [INFO ] Cycle #29 | Supply: 2289.4 kW
[2026-04-21 15:54:23] [WARN ] Overload risk! Demand 2681.3 kW vs Supply 2289.4 kW (117%)
[2026-04-21 15:54:23] [INFO ] [LOCK] Central Hospital — 408.9 kW (life support)
[2026-04-21 15:54:23] [WARN ] Load shed on Residential North: gave 599.0 / 842.3 kW
[2026-04-21 15:54:23] [WARN ] Load shed on Residential South: gave 0.0 / 148.6 kW
[2026-04-21 15:54:23] [INFO ] [Alloc] Distributed 2289.4 / 2681.3 kW | Unmet: 391.9 kW
[2026-04-21 15:54:25] [INFO ] Cycle #30 | Supply: 2041.5 kW
[2026-04-21 15:54:25] [WARN ] Overload risk! Demand 2766.3 kW vs Supply 2041.5 kW (136%)
[2026-04-21 15:54:25] [INFO ] [LOCK] Central Hospital — 403.4 kW (life support)
[2026-04-21 15:54:25] [WARN ] Load shed on Residential North: gave 229.2 / 842.0 kW
[2026-04-21 15:54:25] [WARN ] Load shed on Residential South: gave 0.0 / 112.0 kW
[2026-04-21 15:54:25] [INFO ] [Alloc] Distributed 2041.5 / 2766.3 kW | Unmet: 724.8 kW
[2026-04-21 15:54:27] [INFO ] Cycle #31 | Supply: 2015.9 kW
[2026-04-21 15:54:27] [WARN ] Overload risk! Demand 2559.5 kW vs Supply 2015.9 kW (127%)
[2026-04-21 15:54:27] [INFO ] [LOCK] Central Hospital — 330.8 kW (life support)
[2026-04-21 15:54:27] [WARN ] Load shed on Residential North: gave 482.4 / 928.9 kW
[2026-04-21 15:54:27] [WARN ] Load shed on Residential South: gave 0.0 / 97.1 kW
[2026-04-21 15:54:27] [INFO ] [Alloc] Distributed 2015.9 / 2559.5 kW | Unmet: 543.6 kW
[2026-04-21 15:54:29] [INFO ] Cycle #32 | Supply: 2155.6 kW
[2026-04-21 15:54:29] [WARN ] Overload risk! Demand 2478.9 kW vs Supply 2155.6 kW (115%)
[2026-04-21 15:54:29] [INFO ] [LOCK] Central Hospital — 295.9 kW (life support)
[2026-04-21 15:54:29] [WARN ] Load shed on Residential North: gave 526.7 / 748.4 kW
[2026-04-21 15:54:29] [WARN ] Load shed on Residential South: gave 0.0 / 101.5 kW
[2026-04-21 15:54:29] [INFO ] [Alloc] Distributed 2155.6 / 2478.9 kW | Unmet: 323.2 kW
[2026-04-21 15:54:31] [INFO ] Cycle #33 | Supply: 2042.2 kW
[2026-04-21 15:54:31] [WARN ] Overload risk! Demand 2599.3 kW vs Supply 2042.2 kW (127%)
[2026-04-21 15:54:31] [INFO ] [LOCK] Central Hospital — 275.4 kW (life support)
[2026-04-21 15:54:31] [WARN ] Load shed on Residential North: gave 255.1 / 695.8 kW
[2026-04-21 15:54:31] [WARN ] Load shed on Residential South: gave 0.0 / 116.4 kW
[2026-04-21 15:54:31] [INFO ] [Alloc] Distributed 2042.2 / 2599.3 kW | Unmet: 557.1 kW
[2026-04-21 15:54:33] [INFO ] Cycle #34 | Supply: 2085.7 kW
[2026-04-21 15:54:33] [WARN ] Overload risk! Demand 2678.3 kW vs Supply 2085.7 kW (128%)
[2026-04-21 15:54:33] [INFO ] [LOCK] Central Hospital — 217.8 kW (life support)
[2026-04-21 15:54:33] [WARN ] Load shed on Residential North: gave 177.4 / 656.7 kW
[2026-04-21 15:54:33] [WARN ] Load shed on Residential South: gave 0.0 / 113.3 kW
[2026-04-21 15:54:33] [INFO ] [Alloc] Distributed 2085.7 / 2678.3 kW | Unmet: 592.6 kW
[2026-04-21 15:54:35] [INFO ] Cycle #35 | Supply: 2160.7 kW
[2026-04-21 15:54:35] [WARN ] Overload risk! Demand 2647.0 kW vs Supply 2160.7 kW (123%)
[2026-04-21 15:54:35] [INFO ] [LOCK] Central Hospital — 205.2 kW (life support)
[2026-04-21 15:54:35] [WARN ] Load shed on Residential North: gave 271.6 / 620.0 kW
[2026-04-21 15:54:35] [WARN ] Load shed on Residential South: gave 0.0 / 137.9 kW
[2026-04-21 15:54:35] [INFO ] [Alloc] Distributed 2160.7 / 2647.0 kW | Unmet: 486.3 kW
[2026-04-21 15:54:37] [INFO ] Cycle #36 | Supply: 2238.1 kW
[2026-04-21 15:54:37] [WARN ] Overload risk! Demand 2509.6 kW vs Supply 2238.1 kW (112%)
[2026-04-21 15:54:37] [INFO ] [LOCK] Central Hospital — 194.9 kW (life support)
[2026-04-21 15:54:37] [WARN ] Load shed on Residential North: gave 562.0 / 700.7 kW
[2026-04-21 15:54:37] [WARN ] Load shed on Residential South: gave 0.0 / 132.8 kW
[2026-04-21 15:54:37] [INFO ] [Alloc] Distributed 2238.1 / 2509.6 kW | Unmet: 271.6 kW
[2026-04-21 15:54:39] [INFO ] Cycle #37 | Supply: 2101.1 kW
[2026-04-21 15:54:39] [WARN ] Overload risk! Demand 2504.7 kW vs Supply 2101.1 kW (119%)
[2026-04-21 15:54:39] [INFO ] [LOCK] Central Hospital — 205.3 kW (life support)
[2026-04-21 15:54:39] [WARN ] Load shed on Residential North: gave 371.8 / 635.7 kW
[2026-04-21 15:54:39] [WARN ] Load shed on Residential South: gave 0.0 / 139.7 kW
[2026-04-21 15:54:39] [INFO ] [Alloc] Distributed 2101.1 / 2504.7 kW | Unmet: 403.6 kW
[2026-04-21 15:54:41] [INFO ] Cycle #38 | Supply: 2263.3 kW
[2026-04-21 15:54:41] [WARN ] Overload risk! Demand 2309.4 kW vs Supply 2263.3 kW (102%)
[2026-04-21 15:54:41] [INFO ] [LOCK] Central Hospital — 222.0 kW (life support)
[2026-04-21 15:54:41] [WARN ] Load shed on Residential South: gave 88.7 / 134.7 kW
[2026-04-21 15:54:41] [INFO ] [Alloc] Distributed 2263.3 / 2309.4 kW | Unmet: 46.1 kW
[2026-04-21 15:54:43] [INFO ] Cycle #39 | Supply: 2288.4 kW
[2026-04-21 15:54:43] [WARN ] Overload risk! Demand 2068.6 kW vs Supply 2288.4 kW (90%)
[2026-04-21 15:54:43] [INFO ] [LOCK] Central Hospital — 212.7 kW (life support)
[2026-04-21 15:54:43] [INFO ] [Alloc] Distributed 2068.6 / 2068.6 kW | Unmet: 0.0 kW
[2026-04-21 15:54:45] [INFO ] Cycle #40 | Supply: 2173.2 kW
[2026-04-21 15:54:45] [WARN ] Overload risk! Demand 1865.6 kW vs Supply 2173.2 kW (86%)
[2026-04-21 15:54:45] [INFO ] [LOCK] Central Hospital — 183.9 kW (life support)
[2026-04-21 15:54:45] [INFO ] [Alloc] Distributed 1865.6 / 1865.6 kW | Unmet: 0.0 kW
[2026-04-21 15:54:47] [INFO ] Cycle #41 | Supply: 2237.4 kW
[2026-04-21 15:54:47] [INFO ] [LOCK] Central Hospital — 184.4 kW (life support)
[2026-04-21 15:54:47] [INFO ] [Alloc] Distributed 1800.7 / 1800.7 kW | Unmet: 0.0 kW
[2026-04-21 15:54:49] [INFO ] Cycle #42 | Supply: 2090.7 kW
[2026-04-21 15:54:49] [WARN ] Overload risk! Demand 1795.6 kW vs Supply 2090.7 kW (86%)
[2026-04-21 15:54:49] [INFO ] [LOCK] Central Hospital — 209.5 kW (life support)
[2026-04-21 15:54:49] [INFO ] [Alloc] Distributed 1795.6 / 1795.6 kW | Unmet: 0.0 kW
[2026-04-21 15:54:51] [INFO ] Cycle #43 | Supply: 2072.9 kW
[2026-04-21 15:54:51] [WARN ] Overload risk! Demand 1789.5 kW vs Supply 2072.9 kW (86%)
[2026-04-21 15:54:51] [INFO ] [LOCK] Central Hospital — 184.0 kW (life support)
[2026-04-21 15:54:51] [INFO ] [Alloc] Distributed 1789.5 / 1789.5 kW | Unmet: 0.0 kW
[2026-04-21 15:54:53] [INFO ] Cycle #44 | Supply: 2031.9 kW
[2026-04-21 15:54:53] [INFO ] [LOCK] Central Hospital — 174.7 kW (life support)
[2026-04-21 15:54:53] [INFO ] [Alloc] Distributed 1686.7 / 1686.7 kW | Unmet: -0.0 kW
[2026-04-21 15:54:55] [INFO ] Cycle #45 | Supply: 2236.6 kW
[2026-04-21 15:54:55] [INFO ] [LOCK] Central Hospital — 199.2 kW (life support)
[2026-04-21 15:54:55] [INFO ] [Alloc] Distributed 1663.1 / 1663.1 kW | Unmet: 0.0 kW
[2026-04-21 15:54:57] [INFO ] Cycle #46 | Supply: 2300.0 kW
[2026-04-21 15:54:57] [INFO ] [LOCK] Central Hospital — 216.3 kW (life support)
[2026-04-21 15:54:57] [INFO ] [Alloc] Distributed 1589.1 / 1589.1 kW | Unmet: 0.0 kW
[2026-04-21 15:54:59] [INFO ] Cycle #47 | Supply: 2163.3 kW
[2026-04-21 15:54:59] [INFO ] [LOCK] Central Hospital — 253.3 kW (life support)
[2026-04-21 15:54:59] [INFO ] [Alloc] Distributed 1737.6 / 1737.6 kW | Unmet: -0.0 kW
[2026-04-21 15:55:01] [INFO ] Cycle #48 | Supply: 2290.4 kW
[2026-04-21 15:55:01] [INFO ] [LOCK] Central Hospital — 234.0 kW (life support)
[2026-04-21 15:55:01] [INFO ] [Alloc] Distributed 1770.7 / 1770.7 kW | Unmet: 0.0 kW
[2026-04-21 15:55:03] [INFO ] Cycle #49 | Supply: 2162.4 kW
[2026-04-21 15:55:03] [WARN ] Overload risk! Demand 1858.8 kW vs Supply 2162.4 kW (86%)
[2026-04-21 15:55:03] [INFO ] [LOCK] Central Hospital — 269.2 kW (life support)
[2026-04-21 15:55:03] [INFO ] [Alloc] Distributed 1858.8 / 1858.8 kW | Unmet: -0.0 kW
[2026-04-21 15:55:05] [INFO ] Cycle #50 | Supply: 2116.4 kW
[2026-04-21 15:55:05] [WARN ] Overload risk! Demand 2069.5 kW vs Supply 2116.4 kW (98%)
[2026-04-21 15:55:05] [INFO ] [LOCK] Central Hospital — 282.2 kW (life support)
[2026-04-21 15:55:05] [INFO ] [Alloc] Distributed 2069.5 / 2069.5 kW | Unmet: 0.0 kW
[2026-04-21 15:55:07] [INFO ] Cycle #51 | Supply: 2129.5 kW
[2026-04-21 15:55:07] [WARN ] Overload risk! Demand 2169.1 kW vs Supply 2129.5 kW (102%)
[2026-04-21 15:55:07] [INFO ] [LOCK] Central Hospital — 310.0 kW (life support)
[2026-04-21 15:55:07] [WARN ] Load shed on Residential South: gave 43.8 / 83.4 kW
[2026-04-21 15:55:07] [INFO ] [Alloc] Distributed 2129.5 / 2169.1 kW | Unmet: 39.6 kW
[2026-04-21 15:55:09] [INFO ] Cycle #52 | Supply: 2242.0 kW
[2026-04-21 15:55:09] [WARN ] Overload risk! Demand 2137.4 kW vs Supply 2242.0 kW (95%)
[2026-04-21 15:55:09] [INFO ] [LOCK] Central Hospital — 358.4 kW (life support)
[2026-04-21 15:55:09] [INFO ] [Alloc] Distributed 2137.4 / 2137.4 kW | Unmet: 0.0 kW
[2026-04-21 15:55:11] [INFO ] Cycle #53 | Supply: 2187.8 kW
[2026-04-21 15:55:11] [WARN ] Overload risk! Demand 2175.3 kW vs Supply 2187.8 kW (99%)
[2026-04-21 15:55:11] [INFO ] [LOCK] Central Hospital — 298.9 kW (life support)
[2026-04-21 15:55:11] [INFO ] [Alloc] Distributed 2175.3 / 2175.3 kW | Unmet: 0.0 kW
[2026-04-21 15:55:13] [INFO ] Cycle #54 | Supply: 2247.2 kW
[2026-04-21 15:55:13] [WARN ] Overload risk! Demand 1917.8 kW vs Supply 2247.2 kW (85%)
[2026-04-21 15:55:13] [INFO ] [LOCK] Central Hospital — 265.6 kW (life support)
[2026-04-21 15:55:13] [INFO ] [Alloc] Distributed 1917.8 / 1917.8 kW | Unmet: 0.0 kW
[2026-04-21 15:55:15] [INFO ] Cycle #55 | Supply: 2266.7 kW
[2026-04-21 15:55:15] [INFO ] [LOCK] Central Hospital — 219.2 kW (life support)
[2026-04-21 15:55:15] [INFO ] [Alloc] Distributed 1898.5 / 1898.5 kW | Unmet: 0.0 kW
[2026-04-21 15:55:17] [INFO ] Cycle #56 | Supply: 2244.9 kW
[2026-04-21 15:55:17] [INFO ] [LOCK] Central Hospital — 195.6 kW (life support)
[2026-04-21 15:55:17] [INFO ] [Alloc] Distributed 1905.4 / 1905.4 kW | Unmet: 0.0 kW
[2026-04-21 15:55:19] [INFO ] Cycle #57 | Supply: 2015.1 kW
[2026-04-21 15:55:19] [WARN ] Overload risk! Demand 1797.2 kW vs Supply 2015.1 kW (89%)
[2026-04-21 15:55:19] [INFO ] [LOCK] Central Hospital — 204.8 kW (life support)
[2026-04-21 15:55:19] [INFO ] [Alloc] Distributed 1797.2 / 1797.2 kW | Unmet: -0.0 kW
[2026-04-21 15:55:21] [INFO ] Cycle #58 | Supply: 2076.0 kW
[2026-04-21 15:55:21] [WARN ] Overload risk! Demand 1767.6 kW vs Supply 2076.0 kW (85%)
[2026-04-21 15:55:21] [INFO ] [LOCK] Central Hospital — 182.6 kW (life support)
[2026-04-21 15:55:21] [INFO ] [Alloc] Distributed 1767.6 / 1767.6 kW | Unmet: 0.0 kW
[2026-04-21 15:55:23] [INFO ] Cycle #59 | Supply: 2268.9 kW
[2026-04-21 15:55:23] [WARN ] Overload risk! Demand 1974.5 kW vs Supply 2268.9 kW (87%)
[2026-04-21 15:55:23] [INFO ] [LOCK] Central Hospital — 166.1 kW (life support)
[2026-04-21 15:55:23] [INFO ] [Alloc] Distributed 1974.5 / 1974.5 kW | Unmet: -0.0 kW
[2026-04-21 15:55:25] [INFO ] Cycle #60 | Supply: 2269.4 kW
[2026-04-21 15:55:25] [WARN ] Overload risk! Demand 2126.5 kW vs Supply 2269.4 kW (94%)
[2026-04-21 15:55:25] [INFO ] [LOCK] Central Hospital — 172.4 kW (life support)
[2026-04-21 15:55:25] [INFO ] [Alloc] Distributed 2126.5 / 2126.5 kW | Unmet: 0.0 kW
[2026-04-21 15:55:27] [INFO ] Cycle #61 | Supply: 2080.8 kW
[2026-04-21 15:55:27] [WARN ] Overload risk! Demand 2331.8 kW vs Supply 2080.8 kW (112%)
[2026-04-21 15:55:27] [INFO ] [LOCK] Central Hospital — 150.2 kW (life support)
[2026-04-21 15:55:27] [WARN ] Load shed on Residential North: gave 843.6 / 989.3 kW
[2026-04-21 15:55:27] [WARN ] Load shed on Residential South: gave 0.0 / 105.2 kW
[2026-04-21 15:55:27] [INFO ] [Alloc] Distributed 2080.8 / 2331.8 kW | Unmet: 250.9 kW
[2026-04-21 15:55:29] [INFO ] Cycle #62 | Supply: 2300.0 kW
[2026-04-21 15:55:29] [WARN ] Overload risk! Demand 2228.2 kW vs Supply 2300.0 kW (97%)
[2026-04-21 15:55:29] [INFO ] [LOCK] Central Hospital — 138.9 kW (life support)
[2026-04-21 15:55:29] [INFO ] [Alloc] Distributed 2228.2 / 2228.2 kW | Unmet: 0.0 kW
[2026-04-21 15:55:31] [INFO ] Cycle #63 | Supply: 2211.3 kW
[2026-04-21 15:55:31] [WARN ] Overload risk! Demand 2454.0 kW vs Supply 2211.3 kW (111%)
[2026-04-21 15:55:31] [INFO ] [LOCK] Central Hospital — 120.6 kW (life support)
[2026-04-21 15:55:31] [WARN ] Load shed on Residential North: gave 1155.7 / 1280.5 kW
[2026-04-21 15:55:31] [WARN ] Load shed on Residential South: gave 0.0 / 117.8 kW
[2026-04-21 15:55:31] [INFO ] [Alloc] Distributed 2211.3 / 2454.0 kW | Unmet: 242.7 kW
[2026-04-21 15:55:33] [INFO ] Cycle #64 | Supply: 2266.0 kW
[2026-04-21 15:55:33] [WARN ] Overload risk! Demand 2483.6 kW vs Supply 2266.0 kW (110%)
[2026-04-21 15:55:33] [INFO ] [LOCK] Central Hospital — 141.0 kW (life support)
[2026-04-21 15:55:33] [WARN ] Load shed on Residential North: gave 1140.0 / 1234.3 kW
[2026-04-21 15:55:33] [WARN ] Load shed on Residential South: gave 0.0 / 123.2 kW
[2026-04-21 15:55:33] [INFO ] [Alloc] Distributed 2266.0 / 2483.6 kW | Unmet: 217.6 kW
[2026-04-21 15:55:36] [INFO ] Cycle #65 | Supply: 2098.4 kW
[2026-04-21 15:55:36] [WARN ] Overload risk! Demand 2514.6 kW vs Supply 2098.4 kW (120%)
[2026-04-21 15:55:36] [INFO ] [LOCK] Central Hospital — 142.4 kW (life support)
[2026-04-21 15:55:36] [WARN ] Load shed on Residential North: gave 1017.1 / 1284.6 kW
[2026-04-21 15:55:36] [WARN ] Load shed on Residential South: gave 0.0 / 148.7 kW
[2026-04-21 15:55:36] [INFO ] [Alloc] Distributed 2098.4 / 2514.6 kW | Unmet: 416.2 kW
[2026-04-21 15:55:38] [INFO ] Cycle #66 | Supply: 1898.2 kW
[2026-04-21 15:55:38] [WARN ] Overload risk! Demand 2212.7 kW vs Supply 1898.2 kW (117%)
[2026-04-21 15:55:38] [INFO ] [LOCK] Central Hospital — 142.7 kW (life support)
[2026-04-21 15:55:38] [WARN ] Load shed on Residential North: gave 969.9 / 1152.8 kW
[2026-04-21 15:55:38] [WARN ] Load shed on Residential South: gave 0.0 / 131.7 kW
[2026-04-21 15:55:38] [INFO ] [Alloc] Distributed 1898.2 / 2212.7 kW | Unmet: 314.6 kW
[2026-04-21 15:55:40] [INFO ] Cycle #67 | Supply: 2085.8 kW
[2026-04-21 15:55:40] [WARN ] Overload risk! Demand 2315.6 kW vs Supply 2085.8 kW (111%)
[2026-04-21 15:55:40] [INFO ] [LOCK] Central Hospital — 122.5 kW (life support)
[2026-04-21 15:55:40] [WARN ] Load shed on Residential North: gave 1134.2 / 1258.7 kW
[2026-04-21 15:55:40] [WARN ] Load shed on Residential South: gave 0.0 / 105.3 kW
[2026-04-21 15:55:40] [INFO ] [Alloc] Distributed 2085.8 / 2315.6 kW | Unmet: 229.7 kW
[2026-04-21 15:55:42] [INFO ] Cycle #68 | Supply: 2201.3 kW
[2026-04-21 15:55:42] [WARN ] Overload risk! Demand 2606.4 kW vs Supply 2201.3 kW (118%)
[2026-04-21 15:55:42] [INFO ] [LOCK] Central Hospital — 135.7 kW (life support)
[2026-04-21 15:55:42] [WARN ] Load shed on Residential North: gave 1133.9 / 1440.1 kW
[2026-04-21 15:55:42] [WARN ] Load shed on Residential South: gave 0.0 / 98.9 kW
[2026-04-21 15:55:42] [INFO ] [Alloc] Distributed 2201.3 / 2606.4 kW | Unmet: 405.1 kW
[2026-04-21 15:55:44] [INFO ] Cycle #69 | Supply: 1917.5 kW
[2026-04-21 15:55:44] [WARN ] Overload risk! Demand 2772.9 kW vs Supply 1917.5 kW (145%)
[2026-04-21 15:55:44] [INFO ] [LOCK] Central Hospital — 131.1 kW (life support)
[2026-04-21 15:55:44] [WARN ] Load shed on Residential North: gave 938.6 / 1701.8 kW
[2026-04-21 15:55:44] [WARN ] Load shed on Residential South: gave 0.0 / 92.2 kW
[2026-04-21 15:55:44] [INFO ] [Alloc] Distributed 1917.5 / 2772.9 kW | Unmet: 855.4 kW
[2026-04-21 15:55:46] [INFO ] Cycle #70 | Supply: 2062.4 kW
[2026-04-21 15:55:46] [WARN ] Overload risk! Demand 2632.0 kW vs Supply 2062.4 kW (128%)
[2026-04-21 15:55:46] [INFO ] [LOCK] Central Hospital — 156.3 kW (life support)
[2026-04-21 15:55:46] [WARN ] Load shed on Residential North: gave 1106.2 / 1561.9 kW
[2026-04-21 15:55:46] [WARN ] Load shed on Residential South: gave 0.0 / 114.0 kW
[2026-04-21 15:55:46] [INFO ] [Alloc] Distributed 2062.4 / 2632.0 kW | Unmet: 569.6 kW
[2026-04-21 15:55:48] [INFO ] Cycle #71 | Supply: 2161.9 kW
[2026-04-21 15:55:48] [WARN ] Overload risk! Demand 2979.2 kW vs Supply 2161.9 kW (138%)
[2026-04-21 15:55:48] [INFO ] [LOCK] Central Hospital — 134.6 kW (life support)
[2026-04-21 15:55:48] [WARN ] Load shed on Residential North: gave 1203.9 / 1901.5 kW
[2026-04-21 15:55:48] [WARN ] Load shed on Residential South: gave 0.0 / 119.8 kW
[2026-04-21 15:55:48] [INFO ] [Alloc] Distributed 2161.9 / 2979.2 kW | Unmet: 817.4 kW
[2026-04-21 15:55:50] [INFO ] Cycle #72 | Supply: 2122.5 kW
[2026-04-21 15:55:50] [WARN ] Overload risk! Demand 2868.8 kW vs Supply 2122.5 kW (135%)
[2026-04-21 15:55:50] [INFO ] [LOCK] Central Hospital — 108.0 kW (life support)
[2026-04-21 15:55:50] [WARN ] Load shed on Residential North: gave 1203.0 / 1828.4 kW
[2026-04-21 15:55:50] [WARN ] Load shed on Residential South: gave 0.0 / 120.9 kW
[2026-04-21 15:55:50] [INFO ] [Alloc] Distributed 2122.5 / 2868.8 kW | Unmet: 746.3 kW
[2026-04-21 15:55:52] [INFO ] Cycle #73 | Supply: 2114.3 kW
[2026-04-21 15:55:52] [WARN ] Overload risk! Demand 2843.7 kW vs Supply 2114.3 kW (134%)
[2026-04-21 15:55:52] [INFO ] [LOCK] Central Hospital — 83.2 kW (life support)
[2026-04-21 15:55:52] [WARN ] Load shed on Residential North: gave 1252.9 / 1855.4 kW
[2026-04-21 15:55:52] [WARN ] Load shed on Residential South: gave 0.0 / 126.9 kW
[2026-04-21 15:55:52] [INFO ] [Alloc] Distributed 2114.3 / 2843.7 kW | Unmet: 729.3 kW
[2026-04-21 15:55:54] [INFO ] Cycle #74 | Supply: 2082.0 kW
[2026-04-21 15:55:54] [WARN ] Overload risk! Demand 2957.7 kW vs Supply 2082.0 kW (142%)
[2026-04-21 15:55:54] [INFO ] [LOCK] Central Hospital — 88.2 kW (life support)
[2026-04-21 15:55:54] [WARN ] Load shed on Residential North: gave 1238.9 / 1973.6 kW
[2026-04-21 15:55:54] [WARN ] Load shed on Residential South: gave 0.0 / 141.0 kW
[2026-04-21 15:55:54] [INFO ] [Alloc] Distributed 2082.0 / 2957.7 kW | Unmet: 875.7 kW
[2026-04-21 15:55:56] [INFO ] Cycle #75 | Supply: 2300.0 kW
[2026-04-21 15:55:56] [WARN ] Overload risk! Demand 2622.8 kW vs Supply 2300.0 kW (114%)
[2026-04-21 15:55:56] [INFO ] [LOCK] Central Hospital — 92.4 kW (life support)
[2026-04-21 15:55:56] [WARN ] Load shed on Residential North: gave 1399.2 / 1607.8 kW
[2026-04-21 15:55:56] [WARN ] Load shed on Residential South: gave 0.0 / 114.2 kW
[2026-04-21 15:55:56] [INFO ] [Alloc] Distributed 2300.0 / 2622.8 kW | Unmet: 322.8 kW
[2026-04-21 15:55:58] [INFO ] Cycle #76 | Supply: 2205.7 kW
[2026-04-21 15:55:58] [WARN ] Overload risk! Demand 2691.1 kW vs Supply 2205.7 kW (122%)
[2026-04-21 15:55:58] [INFO ] [LOCK] Central Hospital — 94.4 kW (life support)
[2026-04-21 15:55:58] [WARN ] Load shed on Residential North: gave 1360.8 / 1717.3 kW
[2026-04-21 15:55:58] [WARN ] Load shed on Residential South: gave 0.0 / 128.9 kW
[2026-04-21 15:55:58] [INFO ] [Alloc] Distributed 2205.7 / 2691.1 kW | Unmet: 485.4 kW
[2026-04-21 15:56:00] [INFO ] Cycle #77 | Supply: 2180.7 kW
[2026-04-21 15:56:00] [WARN ] Overload risk! Demand 2670.3 kW vs Supply 2180.7 kW (122%)
[2026-04-21 15:56:00] [INFO ] [LOCK] Central Hospital — 108.8 kW (life support)
[2026-04-21 15:56:00] [WARN ] Load shed on Residential North: gave 1363.5 / 1706.3 kW
[2026-04-21 15:56:00] [WARN ] Load shed on Residential South: gave 0.0 / 146.8 kW
[2026-04-21 15:56:00] [INFO ] [Alloc] Distributed 2180.7 / 2670.3 kW | Unmet: 489.6 kW
[2026-04-21 15:56:02] [INFO ] Cycle #78 | Supply: 2054.9 kW
[2026-04-21 15:56:02] [WARN ] Overload risk! Demand 2444.9 kW vs Supply 2054.9 kW (119%)
[2026-04-21 15:56:02] [INFO ] [LOCK] Central Hospital — 126.3 kW (life support)
[2026-04-21 15:56:02] [WARN ] Load shed on Residential North: gave 1254.2 / 1527.4 kW
[2026-04-21 15:56:02] [WARN ] Load shed on Residential South: gave 0.0 / 116.7 kW
[2026-04-21 15:56:02] [INFO ] [Alloc] Distributed 2054.9 / 2444.9 kW | Unmet: 390.0 kW
[2026-04-21 15:56:04] [INFO ] Cycle #79 | Supply: 2298.0 kW
[2026-04-21 15:56:04] [WARN ] Overload risk! Demand 2325.4 kW vs Supply 2298.0 kW (101%)
[2026-04-21 15:56:04] [INFO ] [LOCK] Central Hospital — 109.6 kW (life support)
[2026-04-21 15:56:04] [WARN ] Load shed on Residential South: gave 84.4 / 111.8 kW
[2026-04-21 15:56:04] [INFO ] [Alloc] Distributed 2298.0 / 2325.4 kW | Unmet: 27.4 kW
[2026-04-21 15:56:06] [INFO ] Cycle #80 | Supply: 2120.5 kW
[2026-04-21 15:56:06] [WARN ] Overload risk! Demand 2056.9 kW vs Supply 2120.5 kW (97%)
[2026-04-21 15:56:06] [INFO ] [LOCK] Central Hospital — 102.8 kW (life support)
[2026-04-21 15:56:06] [INFO ] [Alloc] Distributed 2056.9 / 2056.9 kW | Unmet: 0.0 kW
[2026-04-21 15:56:08] [INFO ] Cycle #81 | Supply: 2161.4 kW
[2026-04-21 15:56:08] [WARN ] Overload risk! Demand 1970.6 kW vs Supply 2161.4 kW (91%)
[2026-04-21 15:56:08] [INFO ] [LOCK] Central Hospital — 105.7 kW (life support)
[2026-04-21 15:56:08] [INFO ] [Alloc] Distributed 1970.6 / 1970.6 kW | Unmet: 0.0 kW
[2026-04-21 15:56:10] [INFO ] Cycle #82 | Supply: 2184.2 kW
[2026-04-21 15:56:10] [INFO ] [LOCK] Central Hospital — 88.4 kW (life support)
[2026-04-21 15:56:10] [INFO ] [Alloc] Distributed 1786.4 / 1786.4 kW | Unmet: 0.0 kW
[2026-04-21 15:56:12] [INFO ] Cycle #83 | Supply: 2107.5 kW
[2026-04-21 15:56:12] [INFO ] [LOCK] Central Hospital — 94.8 kW (life support)
[2026-04-21 15:56:12] [INFO ] [Alloc] Distributed 1661.5 / 1661.5 kW | Unmet: 0.0 kW
[2026-04-21 15:56:14] [INFO ] Cycle #84 | Supply: 2271.1 kW
[2026-04-21 15:56:14] [INFO ] [LOCK] Central Hospital — 87.7 kW (life support)
[2026-04-21 15:56:14] [INFO ] [Alloc] Distributed 1503.5 / 1503.5 kW | Unmet: 0.0 kW
[2026-04-21 15:56:16] [INFO ] Cycle #85 | Supply: 2226.9 kW
[2026-04-21 15:56:16] [INFO ] [LOCK] Central Hospital — 92.0 kW (life support)
[2026-04-21 15:56:16] [INFO ] [Alloc] Distributed 1473.7 / 1473.7 kW | Unmet: 0.0 kW
[2026-04-21 15:56:18] [INFO ] Cycle #86 | Supply: 2115.0 kW
[2026-04-21 15:56:18] [INFO ] [LOCK] Central Hospital — 88.7 kW (life support)
[2026-04-21 15:56:18] [INFO ] [Alloc] Distributed 1374.1 / 1374.1 kW | Unmet: 0.0 kW
[2026-04-21 15:56:20] [INFO ] Cycle #87 | Supply: 2073.6 kW
[2026-04-21 15:56:20] [INFO ] [LOCK] Central Hospital — 75.5 kW (life support)
[2026-04-21 15:56:20] [INFO ] [Alloc] Distributed 1323.2 / 1323.2 kW | Unmet: 0.0 kW
[2026-04-21 15:56:22] [INFO ] Cycle #88 | Supply: 1877.7 kW
[2026-04-21 15:56:22] [INFO ] [LOCK] Central Hospital — 76.1 kW (life support)
[2026-04-21 15:56:22] [INFO ] [Alloc] Distributed 1225.2 / 1225.2 kW | Unmet: 0.0 kW
[2026-04-21 15:56:24] [INFO ] Cycle #89 | Supply: 2083.2 kW
[2026-04-21 15:56:24] [INFO ] [LOCK] Central Hospital — 77.4 kW (life support)
[2026-04-21 15:56:24] [INFO ] [Alloc] Distributed 1233.2 / 1233.2 kW | Unmet: 0.0 kW
[2026-04-21 15:56:26] [INFO ] Cycle #90 | Supply: 2130.8 kW
[2026-04-21 15:56:26] [INFO ] [LOCK] Central Hospital — 81.0 kW (life support)
[2026-04-21 15:56:26] [INFO ] [Alloc] Distributed 1160.4 / 1160.4 kW | Unmet: 0.0 kW
[2026-04-21 15:56:28] [INFO ] Cycle #91 | Supply: 2284.6 kW
[2026-04-21 15:56:28] [INFO ] [LOCK] Central Hospital — 103.3 kW (life support)
[2026-04-21 15:56:28] [INFO ] [Alloc] Distributed 1124.0 / 1124.0 kW | Unmet: 0.0 kW
[2026-04-21 15:56:30] [INFO ] Cycle #92 | Supply: 2035.1 kW
[2026-04-21 15:56:30] [INFO ] [LOCK] Central Hospital — 81.5 kW (life support)
[2026-04-21 15:56:30] [INFO ] [Alloc] Distributed 1193.4 / 1193.4 kW | Unmet: 0.0 kW
[2026-04-21 15:56:32] [INFO ] Cycle #93 | Supply: 2167.1 kW
[2026-04-21 15:56:32] [INFO ] [LOCK] Central Hospital — 59.4 kW (life support)
[2026-04-21 15:56:32] [INFO ] [Alloc] Distributed 1157.1 / 1157.1 kW | Unmet: 0.0 kW
[2026-04-21 15:56:34] [INFO ] Cycle #94 | Supply: 2108.8 kW
[2026-04-21 15:56:34] [INFO ] [LOCK] Central Hospital — 56.6 kW (life support)
[2026-04-21 15:56:34] [INFO ] [Alloc] Distributed 1097.4 / 1097.4 kW | Unmet: 0.0 kW
[2026-04-21 15:56:36] [INFO ] Cycle #95 | Supply: 2044.4 kW
[2026-04-21 15:56:36] [INFO ] [LOCK] Central Hospital — 68.5 kW (life support)
[2026-04-21 15:56:36] [INFO ] [Alloc] Distributed 1068.6 / 1068.6 kW | Unmet: 0.0 kW
[2026-04-21 15:56:38] [INFO ] Cycle #96 | Supply: 2009.1 kW
[2026-04-21 15:56:38] [INFO ] [LOCK] Central Hospital — 55.2 kW (life support)
[2026-04-21 15:56:38] [INFO ] [Alloc] Distributed 1011.5 / 1011.5 kW | Unmet: 0.0 kW
[2026-04-21 15:56:40] [INFO ] Cycle #97 | Supply: 2102.7 kW
[2026-04-21 15:56:40] [INFO ] [LOCK] Central Hospital — 57.1 kW (life support)
[2026-04-21 15:56:40] [INFO ] [Alloc] Distributed 952.3 / 952.3 kW | Unmet: 0.0 kW
[2026-04-21 15:56:42] [INFO ] Cycle #98 | Supply: 2117.1 kW
[2026-04-21 15:56:42] [INFO ] [LOCK] Central Hospital — 56.9 kW (life support)
[2026-04-21 15:56:42] [INFO ] [Alloc] Distributed 965.3 / 965.3 kW | Unmet: -0.0 kW
[2026-04-21 15:56:44] [INFO ] Cycle #99 | Supply: 2058.9 kW
[2026-04-21 15:56:44] [INFO ] [LOCK] Central Hospital — 49.2 kW (life support)
[2026-04-21 15:56:44] [INFO ] [Alloc] Distributed 1010.0 / 1010.0 kW | Unmet: 0.0 kW
[2026-04-21 15:56:46] [INFO ] Cycle #100 | Supply: 2267.1 kW
[2026-04-21 15:56:46] [INFO ] [LOCK] Central Hospital — 41.7 kW (life support)
[2026-04-21 15:56:46] [INFO ] [Alloc] Distributed 1144.9 / 1144.9 kW | Unmet: -0.0 kW
[2026-04-21 15:56:48] [INFO ] Cycle #101 | Supply: 2140.0 kW
[2026-04-21 15:56:48] [INFO ] [LOCK] Central Hospital — 39.1 kW (life support)
[2026-04-21 15:56:48] [INFO ] [Alloc] Distributed 1094.3 / 1094.3 kW | Unmet: 0.0 kW
[2026-04-21 15:56:50] [INFO ] Cycle #102 | Supply: 2176.5 kW
[2026-04-21 15:56:50] [INFO ] [LOCK] Central Hospital — 45.0 kW (life support)
[2026-04-21 15:56:50] [INFO ] [Alloc] Distributed 1037.2 / 1037.2 kW | Unmet: -0.0 kW
[2026-04-21 15:56:52] [INFO ] Cycle #103 | Supply: 2093.5 kW
[2026-04-21 15:56:52] [INFO ] [LOCK] Central Hospital — 36.6 kW (life support)
[2026-04-21 15:56:52] [INFO ] [Alloc] Distributed 1163.0 / 1163.0 kW | Unmet: 0.0 kW
[2026-04-21 15:56:54] [INFO ] Cycle #104 | Supply: 2218.3 kW
[2026-04-21 15:56:54] [INFO ] [LOCK] Central Hospital — 40.6 kW (life support)
[2026-04-21 15:56:54] [INFO ] [Alloc] Distributed 1116.7 / 1116.7 kW | Unmet: 0.0 kW
[2026-04-21 15:56:56] [INFO ] Cycle #105 | Supply: 2108.1 kW
[2026-04-21 15:56:56] [INFO ] [LOCK] Central Hospital — 39.3 kW (life support)
[2026-04-21 15:56:56] [INFO ] [Alloc] Distributed 1168.7 / 1168.7 kW | Unmet: 0.0 kW
[2026-04-21 15:56:58] [INFO ] Cycle #106 | Supply: 2120.3 kW
[2026-04-21 15:56:58] [INFO ] [LOCK] Central Hospital — 41.6 kW (life support)
[2026-04-21 15:56:58] [INFO ] [Alloc] Distributed 1135.2 / 1135.2 kW | Unmet: -0.0 kW
[2026-04-21 15:57:00] [INFO ] Cycle #107 | Supply: 2077.9 kW
[2026-04-21 15:57:00] [INFO ] [LOCK] Central Hospital — 46.7 kW (life support)
[2026-04-21 15:57:00] [INFO ] [Alloc] Distributed 1038.9 / 1038.9 kW | Unmet: 0.0 kW
[2026-04-21 15:57:02] [INFO ] Cycle #108 | Supply: 2250.1 kW
[2026-04-21 15:57:02] [INFO ] [LOCK] Central Hospital — 48.5 kW (life support)
[2026-04-21 15:57:02] [INFO ] [Alloc] Distributed 984.9 / 984.9 kW | Unmet: 0.0 kW
[2026-04-21 15:57:04] [INFO ] Cycle #109 | Supply: 2113.4 kW
[2026-04-21 15:57:04] [INFO ] [LOCK] Central Hospital — 51.9 kW (life support)
[2026-04-21 15:57:04] [INFO ] [Alloc] Distributed 1092.8 / 1092.8 kW | Unmet: 0.0 kW
[2026-04-21 15:57:06] [INFO ] Cycle #110 | Supply: 2230.8 kW
[2026-04-21 15:57:06] [INFO ] [LOCK] Central Hospital — 59.5 kW (life support)
[2026-04-21 15:57:06] [INFO ] [Alloc] Distributed 1088.7 / 1088.7 kW | Unmet: 0.0 kW
[2026-04-21 15:57:08] [INFO ] Cycle #111 | Supply: 2277.3 kW
[2026-04-21 15:57:08] [INFO ] [LOCK] Central Hospital — 59.8 kW (life support)
[2026-04-21 15:57:08] [INFO ] [Alloc] Distributed 1019.9 / 1019.9 kW | Unmet: 0.0 kW
[2026-04-21 15:57:10] [INFO ] Cycle #112 | Supply: 2180.4 kW
[2026-04-21 15:57:10] [INFO ] [LOCK] Central Hospital — 44.6 kW (life support)
[2026-04-21 15:57:10] [INFO ] [Alloc] Distributed 964.2 / 964.2 kW | Unmet: 0.0 kW
[2026-04-21 15:57:12] [INFO ] Cycle #113 | Supply: 1931.3 kW
[2026-04-21 15:57:12] [INFO ] [LOCK] Central Hospital — 43.0 kW (life support)
[2026-04-21 15:57:12] [INFO ] [Alloc] Distributed 1107.5 / 1107.5 kW | Unmet: 0.0 kW
[2026-04-21 15:57:14] [INFO ] Cycle #114 | Supply: 2027.5 kW
[2026-04-21 15:57:14] [INFO ] [LOCK] Central Hospital — 50.2 kW (life support)
[2026-04-21 15:57:14] [INFO ] [Alloc] Distributed 1001.3 / 1001.3 kW | Unmet: 0.0 kW
[2026-04-21 15:57:16] [INFO ] Cycle #115 | Supply: 2212.1 kW
[2026-04-21 15:57:16] [INFO ] [LOCK] Central Hospital — 42.2 kW (life support)
[2026-04-21 15:57:16] [INFO ] [Alloc] Distributed 1173.8 / 1173.8 kW | Unmet: -0.0 kW
[2026-04-21 15:57:18] [INFO ] Cycle #116 | Supply: 2210.6 kW
[2026-04-21 15:57:18] [INFO ] [LOCK] Central Hospital — 39.1 kW (life support)
[2026-04-21 15:57:18] [INFO ] [Alloc] Distributed 1003.4 / 1003.4 kW | Unmet: 0.0 kW
[2026-04-21 15:57:20] [INFO ] Cycle #117 | Supply: 2164.4 kW
[2026-04-21 15:57:20] [INFO ] [LOCK] Central Hospital — 36.3 kW (life support)
[2026-04-21 15:57:20] [INFO ] [Alloc] Distributed 1084.8 / 1084.8 kW | Unmet: 0.0 kW
[2026-04-21 15:57:22] [INFO ] Cycle #118 | Supply: 2276.9 kW
[2026-04-21 15:57:22] [INFO ] [LOCK] Central Hospital — 46.2 kW (life support)
[2026-04-21 15:57:22] [INFO ] [Alloc] Distributed 1125.1 / 1125.1 kW | Unmet: 0.0 kW
[2026-04-21 15:57:24] [INFO ] Cycle #119 | Supply: 1881.3 kW
[2026-04-21 15:57:24] [INFO ] [LOCK] Central Hospital — 47.9 kW (life support)
[2026-04-21 15:57:24] [INFO ] [Alloc] Distributed 1066.5 / 1066.5 kW | Unmet: 0.0 kW
[2026-04-21 15:57:26] [INFO ] Cycle #120 | Supply: 2026.4 kW
[2026-04-21 15:57:26] [INFO ] [LOCK] Central Hospital — 41.6 kW (life support)
[2026-04-21 15:57:26] [INFO ] [Alloc] Distributed 1071.9 / 1071.9 kW | Unmet: 0.0 kW
[2026-04-21 15:57:28] [INFO ] Cycle #121 | Supply: 2041.3 kW
[2026-04-21 15:57:28] [INFO ] [LOCK] Central Hospital — 41.6 kW (life support)
[2026-04-21 15:57:28] [INFO ] [Alloc] Distributed 1193.2 / 1193.2 kW | Unmet: 0.0 kW
[2026-04-21 15:57:30] [INFO ] Cycle #122 | Supply: 2254.5 kW
[2026-04-21 15:57:30] [INFO ] [LOCK] Central Hospital — 37.3 kW (life support)
[2026-04-21 15:57:30] [INFO ] [Alloc] Distributed 1076.8 / 1076.8 kW | Unmet: 0.0 kW
[2026-04-21 15:57:32] [INFO ] Cycle #123 | Supply: 2203.0 kW
[2026-04-21 15:57:32] [INFO ] [LOCK] Central Hospital — 41.0 kW (life support)
[2026-04-21 15:57:32] [INFO ] [Alloc] Distributed 1103.2 / 1103.2 kW | Unmet: 0.0 kW
[2026-04-21 15:57:34] [INFO ] Cycle #124 | Supply: 2225.5 kW
[2026-04-21 15:57:34] [INFO ] [LOCK] Central Hospital — 46.0 kW (life support)
[2026-04-21 15:57:34] [INFO ] [Alloc] Distributed 1122.2 / 1122.2 kW | Unmet: 0.0 kW
[2026-04-21 15:57:36] [INFO ] Cycle #125 | Supply: 2149.4 kW
[2026-04-21 15:57:36] [INFO ] [LOCK] Central Hospital — 50.7 kW (life support)
[2026-04-21 15:57:36] [INFO ] [Alloc] Distributed 1195.0 / 1195.0 kW | Unmet: 0.0 kW
[2026-04-21 15:57:38] [INFO ] Cycle #126 | Supply: 2121.0 kW
[2026-04-21 15:57:38] [INFO ] [LOCK] Central Hospital — 54.1 kW (life support)
[2026-04-21 15:57:38] [INFO ] [Alloc] Distributed 1146.7 / 1146.7 kW | Unmet: 0.0 kW
[2026-04-21 15:57:40] [INFO ] Cycle #127 | Supply: 2110.1 kW
[2026-04-21 15:57:40] [INFO ] [LOCK] Central Hospital — 51.0 kW (life support)
[2026-04-21 15:57:40] [INFO ] [Alloc] Distributed 1069.4 / 1069.4 kW | Unmet: 0.0 kW
[2026-04-21 15:57:42] [INFO ] Cycle #128 | Supply: 2185.4 kW
[2026-04-21 15:57:42] [INFO ] [LOCK] Central Hospital — 37.0 kW (life support)
[2026-04-21 15:57:42] [INFO ] [Alloc] Distributed 1215.8 / 1215.8 kW | Unmet: 0.0 kW
[2026-04-21 15:57:44] [INFO ] Cycle #129 | Supply: 2162.5 kW
[2026-04-21 15:57:44] [INFO ] [LOCK] Central Hospital — 37.1 kW (life support)
[2026-04-21 15:57:44] [INFO ] [Alloc] Distributed 1294.0 / 1294.0 kW | Unmet: 0.0 kW
[2026-04-21 15:57:46] [INFO ] Cycle #130 | Supply: 2272.2 kW
[2026-04-21 15:57:46] [INFO ] [LOCK] Central Hospital — 30.5 kW (life support)
[2026-04-21 15:57:46] [INFO ] [Alloc] Distributed 1117.3 / 1117.3 kW | Unmet: 0.0 kW
[2026-04-21 15:57:48] [INFO ] Cycle #131 | Supply: 2271.6 kW
[2026-04-21 15:57:48] [INFO ] [LOCK] Central Hospital — 27.0 kW (life support)
[2026-04-21 15:57:48] [INFO ] [Alloc] Distributed 1074.6 / 1074.6 kW | Unmet: -0.0 kW
[2026-04-21 15:57:50] [INFO ] Cycle #132 | Supply: 2089.2 kW
[2026-04-21 15:57:50] [INFO ] [LOCK] Central Hospital — 24.1 kW (life support)
[2026-04-21 15:57:50] [INFO ] [Alloc] Distributed 1075.9 / 1075.9 kW | Unmet: 0.0 kW
[2026-04-21 15:57:52] [INFO ] Cycle #133 | Supply: 2120.1 kW
[2026-04-21 15:57:52] [INFO ] [LOCK] Central Hospital — 21.4 kW (life support)
[2026-04-21 15:57:52] [INFO ] [Alloc] Distributed 1023.6 / 1023.6 kW | Unmet: 0.0 kW
[2026-04-21 15:57:54] [INFO ] Cycle #134 | Supply: 1977.4 kW
[2026-04-21 15:57:54] [INFO ] [LOCK] Central Hospital — 17.8 kW (life support)
[2026-04-21 15:57:54] [INFO ] [Alloc] Distributed 977.5 / 977.5 kW | Unmet: 0.0 kW
[2026-04-21 15:57:56] [INFO ] Cycle #135 | Supply: 2163.4 kW
[2026-04-21 15:57:56] [INFO ] [LOCK] Central Hospital — 13.7 kW (life support)
[2026-04-21 15:57:56] [INFO ] [Alloc] Distributed 942.0 / 942.0 kW | Unmet: 0.0 kW
[2026-04-21 15:57:58] [INFO ] Cycle #136 | Supply: 2196.9 kW
[2026-04-21 15:57:58] [INFO ] [LOCK] Central Hospital — 14.6 kW (life support)
[2026-04-21 15:57:58] [INFO ] [Alloc] Distributed 809.2 / 809.2 kW | Unmet: 0.0 kW
[2026-04-21 15:58:00] [INFO ] Cycle #137 | Supply: 2084.6 kW
[2026-04-21 15:58:00] [INFO ] [LOCK] Central Hospital — 12.4 kW (life support)
[2026-04-21 15:58:00] [INFO ] [Alloc] Distributed 809.7 / 809.7 kW | Unmet: 0.0 kW
[2026-04-21 15:58:02] [INFO ] Cycle #138 | Supply: 2211.5 kW
[2026-04-21 15:58:02] [INFO ] [LOCK] Central Hospital — 11.7 kW (life support)
[2026-04-21 15:58:02] [INFO ] [Alloc] Distributed 796.3 / 796.3 kW | Unmet: 0.0 kW
[2026-04-21 15:58:04] [INFO ] Cycle #139 | Supply: 1994.9 kW
[2026-04-21 15:58:04] [INFO ] [LOCK] Central Hospital — 14.2 kW (life support)
[2026-04-21 15:58:04] [INFO ] [Alloc] Distributed 807.7 / 807.7 kW | Unmet: -0.0 kW
[2026-04-21 15:58:06] [INFO ] Cycle #140 | Supply: 2033.4 kW
[2026-04-21 15:58:06] [INFO ] [LOCK] Central Hospital — 18.8 kW (life support)
[2026-04-21 15:58:06] [INFO ] [Alloc] Distributed 704.9 / 704.9 kW | Unmet: -0.0 kW
[2026-04-21 15:58:08] [INFO ] Cycle #141 | Supply: 2224.8 kW
[2026-04-21 15:58:08] [INFO ] [LOCK] Central Hospital — 21.6 kW (life support)
[2026-04-21 15:58:08] [INFO ] [Alloc] Distributed 668.2 / 668.2 kW | Unmet: -0.0 kW
[2026-04-21 15:58:10] [INFO ] Cycle #142 | Supply: 2140.2 kW
[2026-04-21 15:58:10] [INFO ] [LOCK] Central Hospital — 14.5 kW (life support)
[2026-04-21 15:58:10] [INFO ] [Alloc] Distributed 667.1 / 667.1 kW | Unmet: 0.0 kW
[2026-04-21 15:58:12] [INFO ] Cycle #143 | Supply: 2072.7 kW
[2026-04-21 15:58:12] [INFO ] [LOCK] Central Hospital — 13.3 kW (life support)
[2026-04-21 15:58:12] [INFO ] [Alloc] Distributed 672.5 / 672.5 kW | Unmet: 0.0 kW
[2026-04-21 15:58:14] [INFO ] Cycle #144 | Supply: 2204.1 kW
[2026-04-21 15:58:14] [INFO ] [LOCK] Central Hospital — 10.8 kW (life support)
[2026-04-21 15:58:14] [INFO ] [Alloc] Distributed 694.7 / 694.7 kW | Unmet: 0.0 kW
[2026-04-21 15:58:16] [INFO ] Cycle #145 | Supply: 2063.8 kW
[2026-04-21 15:58:16] [INFO ] [LOCK] Central Hospital — 8.8 kW (life support)
[2026-04-21 15:58:16] [INFO ] [Alloc] Distributed 836.5 / 836.5 kW | Unmet: 0.0 kW
[2026-04-21 15:58:18] [INFO ] Cycle #146 | Supply: 2032.2 kW
[2026-04-21 15:58:18] [INFO ] [LOCK] Central Hospital — 8.1 kW (life support)
[2026-04-21 15:58:18] [INFO ] [Alloc] Distributed 885.4 / 885.4 kW | Unmet: 0.0 kW
[2026-04-21 15:58:20] [INFO ] Cycle #147 | Supply: 2211.0 kW
[2026-04-21 15:58:20] [INFO ] [LOCK] Central Hospital — 9.6 kW (life support)
[2026-04-21 15:58:20] [INFO ] [Alloc] Distributed 831.7 / 831.7 kW | Unmet: 0.0 kW
[2026-04-21 15:58:22] [INFO ] Cycle #148 | Supply: 2266.1 kW
[2026-04-21 15:58:22] [INFO ] [LOCK] Central Hospital — 8.8 kW (life support)
[2026-04-21 15:58:22] [INFO ] [Alloc] Distributed 828.2 / 828.2 kW | Unmet: 0.0 kW
[2026-04-21 15:58:24] [INFO ] Cycle #149 | Supply: 2082.5 kW
[2026-04-21 15:58:24] [INFO ] [LOCK] Central Hospital — 7.9 kW (life support)
[2026-04-21 15:58:24] [INFO ] [Alloc] Distributed 890.2 / 890.2 kW | Unmet: 0.0 kW
[2026-04-21 15:58:26] [INFO ] Cycle #150 | Supply: 2269.5 kW
[2026-04-21 15:58:26] [INFO ] [LOCK] Central Hospital — 8.9 kW (life support)
[2026-04-21 15:58:26] [INFO ] [Alloc] Distributed 805.1 / 805.1 kW | Unmet: 0.0 kW
[2026-04-21 15:58:28] [INFO ] Cycle #151 | Supply: 2037.9 kW
[2026-04-21 15:58:28] [INFO ] [LOCK] Central Hospital — 8.1 kW (life support)
[2026-04-21 15:58:28] [INFO ] [Alloc] Distributed 875.9 / 875.9 kW | Unmet: 0.0 kW
[2026-04-21 15:58:30] [INFO ] Cycle #152 | Supply: 2254.1 kW
[2026-04-21 15:58:30] [INFO ] [LOCK] Central Hospital — 7.4 kW (life support)
[2026-04-21 15:58:30] [INFO ] [Alloc] Distributed 892.6 / 892.6 kW | Unmet: -0.0 kW
[2026-04-21 15:58:32] [INFO ] Cycle #153 | Supply: 2078.9 kW
[2026-04-21 15:58:32] [INFO ] [LOCK] Central Hospital — 6.9 kW (life support)
[2026-04-21 15:58:32] [INFO ] [Alloc] Distributed 897.7 / 897.7 kW | Unmet: 0.0 kW
[2026-04-21 15:58:34] [INFO ] Cycle #154 | Supply: 2196.2 kW
[2026-04-21 15:58:34] [INFO ] [LOCK] Central Hospital — 7.1 kW (life support)
[2026-04-21 15:58:34] [INFO ] [Alloc] Distributed 923.9 [2026-04-21 22:29:10] [INFO ] === VoltSync Session Started ===
[2026-04-21 22:29:10] [INFO ] Sector registered: Central Hospital [CRITICAL]
[2026-04-21 22:29:10] [INFO ] Sector registered: Fire Station Alpha [CRITICAL]
[2026-04-21 22:29:10] [INFO ] Sector registered: Industrial Zone A [HIGH]
[2026-04-21 22:29:10] [INFO ] Sector registered: Water Treatment [HIGH]
[2026-04-21 22:29:10] [INFO ] Sector registered: Downtown Commercial [MEDIUM]
[2026-04-21 22:29:10] [INFO ] Sector registered: Residential North [LOW]
[2026-04-21 22:29:10] [INFO ] Sector registered: Residential South [LOW]
[2026-04-21 22:29:10] [INFO ] Source added: Solar Farm Alpha
[2026-04-21 22:29:10] [INFO ] Source added: Solar Farm Beta
[2026-04-21 22:29:10] [INFO ] Source added: Wind Park North
[2026-04-21 22:29:10] [INFO ] Source added: Coal Plant Base
[2026-04-21 22:29:11] [INFO ] Thread started for sector: Central Hospital [Sector-Central Hospital]
[2026-04-21 22:29:11] [INFO ] Thread started for sector: Water Treatment [Sector-Water Treatment]
[2026-04-21 22:29:11] [INFO ] Thread started for sector: Industrial Zone A [Sector-Industrial Zone A]
[2026-04-21 22:29:11] [INFO ] Thread started for sector: Residential South [Sector-Residential South]
[2026-04-21 22:29:11] [INFO ] Thread started for sector: Fire Station Alpha [Sector-Fire Station Alpha]
[2026-04-21 22:29:11] [INFO ] Supply simulation thread started [SupplyThread]
[2026-04-21 22:29:11] [INFO ] Thread started for sector: Downtown Commercial [Sector-Downtown Commercial]
[2026-04-21 22:29:11] [INFO ] Thread started for sector: Residential North [Sector-Residential North]
[2026-04-21 22:29:13] [INFO ] Cycle #1 | Supply: 2256.9 kW
[2026-04-21 22:29:13] [WARN ] Overload risk! Demand 2199.1 kW vs Supply 2256.9 kW (97%)
[2026-04-21 22:29:13] [INFO ] [Alloc] Distributed 2199.1 / 2199.1 kW | Unmet: 0.0 kW
[2026-04-21 22:29:15] [INFO ] Cycle #2 | Supply: 1800.4 kW
[2026-04-21 22:29:15] [WARN ] Overload risk! Demand 2049.3 kW vs Supply 1800.4 kW (114%)
[2026-04-21 22:29:15] [WARN ] Load shed on Residential South: gave 150.6 / 399.6 kW
[2026-04-21 22:29:15] [INFO ] [Alloc] Distributed 1800.4 / 2049.3 kW | Unmet: 248.9 kW
[2026-04-21 22:29:17] [INFO ] Cycle #3 | Supply: 2192.5 kW
[2026-04-21 22:29:17] [WARN ] Overload risk! Demand 1997.8 kW vs Supply 2192.5 kW (91%)
[2026-04-21 22:29:17] [INFO ] [Alloc] Distributed 1997.8 / 1997.8 kW | Unmet: 0.0 kW
[2026-04-21 22:29:19] [INFO ] Cycle #4 | Supply: 2045.4 kW
[2026-04-21 22:29:19] [WARN ] Overload risk! Demand 2138.8 kW vs Supply 2045.4 kW (105%)
[2026-04-21 22:29:19] [WARN ] Load shed on Residential South: gave 456.8 / 550.2 kW
[2026-04-21 22:29:19] [INFO ] [Alloc] Distributed 2045.4 / 2138.8 kW | Unmet: 93.4 kW
[2026-04-21 22:29:21] [INFO ] Cycle #5 | Supply: 2119.5 kW
[2026-04-21 22:29:21] [WARN ] Overload risk! Demand 2263.4 kW vs Supply 2119.5 kW (107%)
[2026-04-21 22:29:21] [WARN ] Load shed on Residential South: gave 509.0 / 652.9 kW
[2026-04-21 22:29:21] [INFO ] [Alloc] Distributed 2119.5 / 2263.4 kW | Unmet: 143.9 kW
[2026-04-21 22:29:23] [INFO ] Cycle #6 | Supply: 2085.5 kW
[2026-04-21 22:29:23] [WARN ] Overload risk! Demand 2339.5 kW vs Supply 2085.5 kW (112%)
[2026-04-21 22:29:23] [INFO ] [LOCK] Central Hospital — 228.6 kW (life support)
[2026-04-21 22:29:23] [WARN ] Load shed on Residential South: gave 423.4 / 677.4 kW
[2026-04-21 22:29:23] [INFO ] [Alloc] Distributed 2085.5 / 2339.5 kW | Unmet: 254.0 kW
[2026-04-21 22:29:25] [INFO ] Cycle #7 | Supply: 2116.2 kW
[2026-04-21 22:29:25] [WARN ] Overload risk! Demand 2221.3 kW vs Supply 2116.2 kW (105%)
[2026-04-21 22:29:25] [INFO ] [LOCK] Central Hospital — 187.2 kW (life support)
[2026-04-21 22:29:25] [WARN ] Load shed on Residential South: gave 569.0 / 674.1 kW
[2026-04-21 22:29:25] [INFO ] [Alloc] Distributed 2116.2 / 2221.3 kW | Unmet: 105.1 kW
[2026-04-21 22:29:27] [INFO ] Cycle #8 | Supply: 2278.8 kW
[2026-04-21 22:29:27] [WARN ] Overload risk! Demand 1968.5 kW vs Supply 2278.8 kW (86%)
[2026-04-21 22:29:27] [INFO ] [LOCK] Central Hospital — 146.8 kW (life support)
[2026-04-21 22:29:27] [INFO ] [Alloc] Distributed 1968.5 / 1968.5 kW | Unmet: 0.0 kW
[2026-04-21 22:29:29] [INFO ] Cycle #9 | Supply: 2174.5 kW
[2026-04-21 22:29:29] [INFO ] [LOCK] Central Hospital — 155.8 kW (life support)
[2026-04-21 22:29:29] [INFO ] [Alloc] Distributed 1840.0 / 1840.0 kW | Unmet: 0.0 kW
[2026-04-21 22:29:31] [INFO ] Cycle #10 | Supply: 2159.3 kW
[2026-04-21 22:29:31] [INFO ] [LOCK] Central Hospital — 159.3 kW (life support)
[2026-04-21 22:29:31] [INFO ] [Alloc] Distributed 1744.4 / 1744.4 kW | Unmet: 0.0 kW
[2026-04-21 22:29:33] [INFO ] Cycle #11 | Supply: 2128.4 kW
[2026-04-21 22:29:33] [INFO ] [LOCK] Central Hospital — 155.3 kW (life support)
[2026-04-21 22:29:33] [INFO ] [Alloc] Distributed 1624.8 / 1624.8 kW | Unmet: 0.0 kW
[2026-04-21 22:29:35] [INFO ] Cycle #12 | Supply: 2217.1 kW
[2026-04-21 22:29:35] [INFO ] [LOCK] Central Hospital — 144.3 kW (life support)
[2026-04-21 22:29:35] [INFO ] [Alloc] Distributed 1642.0 / 1642.0 kW | Unmet: -0.0 kW
[2026-04-21 22:29:37] [INFO ] Cycle #13 | Supply: 2076.2 kW
[2026-04-21 22:29:37] [INFO ] [LOCK] Central Hospital — 135.6 kW (life support)
[2026-04-21 22:29:37] [INFO ] [Alloc] Distributed 1559.3 / 1559.3 kW | Unmet: 0.0 kW
[2026-04-21 22:29:39] [INFO ] Cycle #14 | Supply: 2147.9 kW
[2026-04-21 22:29:39] [INFO ] [LOCK] Central Hospital — 145.5 kW (life support)
[2026-04-21 22:29:39] [INFO ] [Alloc] Distributed 1629.7 / 1629.7 kW | Unmet: 0.0 kW
[2026-04-21 22:29:41] [INFO ] Cycle #15 | Supply: 2041.1 kW
[2026-04-21 22:29:41] [INFO ] [LOCK] Central Hospital — 149.6 kW (life support)
[2026-04-21 22:29:41] [INFO ] [Alloc] Distributed 1529.6 / 1529.6 kW | Unmet: 0.0 kW
[2026-04-21 22:29:43] [INFO ] Cycle #16 | Supply: 2265.1 kW
[2026-04-21 22:29:43] [INFO ] [LOCK] Central Hospital — 140.8 kW (life support)
[2026-04-21 22:29:43] [INFO ] [Alloc] Distributed 1613.5 / 1613.5 kW | Unmet: 0.0 kW
[2026-04-21 22:29:45] [INFO ] Cycle #17 | Supply: 2065.3 kW
[2026-04-21 22:29:45] [INFO ] [LOCK] Central Hospital — 185.2 kW (life support)
[2026-04-21 22:29:45] [INFO ] [Alloc] Distributed 1571.4 / 1571.4 kW | Unmet: -0.0 kW
[2026-04-21 22:29:47] [INFO ] Cycle #18 | Supply: 2091.4 kW
[2026-04-21 22:29:47] [INFO ] [LOCK] Central Hospital — 188.4 kW (life support)
[2026-04-21 22:29:47] [INFO ] [Alloc] Distributed 1110.6 / 1110.6 kW | Unmet: 0.0 kW
[2026-04-21 22:29:49] [INFO ] Cycle #19 | Supply: 2235.6 kW
[2026-04-21 22:29:49] [INFO ] [LOCK] Central Hospital — 152.0 kW (life support)
[2026-04-21 22:29:49] [INFO ] [Alloc] Distributed 1024.1 / 1024.1 kW | Unmet: 0.0 kW
[2026-04-21 22:29:51] [INFO ] Cycle #20 | Supply: 2187.5 kW
[2026-04-21 22:29:51] [INFO ] [LOCK] Central Hospital — 165.3 kW (life support)
[2026-04-21 22:29:51] [INFO ] [Alloc] Distributed 1027.6 / 1027.6 kW | Unmet: 0.0 kW
[2026-04-21 22:29:53] [INFO ] Cycle #21 | Supply: 2025.3 kW
[2026-04-21 22:29:53] [INFO ] [LOCK] Central Hospital — 154.1 kW (life support)
[2026-04-21 22:29:53] [INFO ] [Alloc] Distributed 1160.9 / 1160.9 kW | Unmet: 0.0 kW
[2026-04-21 22:29:55] [INFO ] Cycle #22 | Supply: 2278.6 kW
[2026-04-21 22:29:55] [INFO ] [LOCK] Central Hospital — 164.2 kW (life support)
[2026-04-21 22:29:55] [INFO ] [Alloc] Distributed 1631.0 / 1631.0 kW | Unmet: 0.0 kW
[2026-04-21 22:29:57] [INFO ] Cycle #23 | Supply: 2177.1 kW
[2026-04-21 22:29:57] [INFO ] [LOCK] Central Hospital — 145.5 kW (life support)
[2026-04-21 22:29:57] [INFO ] [Alloc] Distributed 1727.2 / 1727.2 kW | Unmet: 0.0 kW
[2026-04-21 22:29:59] [INFO ] Cycle #24 | Supply: 2273.8 kW
[2026-04-21 22:29:59] [INFO ] [LOCK] Central Hospital — 148.9 kW (life support)
[2026-04-21 22:29:59] [INFO ] [Alloc] Distributed 1585.9 / 1585.9 kW | Unmet: 0.0 kW
[2026-04-21 22:30:01] [INFO ] Cycle #25 | Supply: 2233.7 kW
[2026-04-21 22:30:01] [INFO ] [LOCK] Central Hospital — 157.8 kW (life support)
[2026-04-21 22:30:01] [INFO ] [Alloc] Distributed 1015.5 / 1015.5 kW | Unmet: 0.0 kW
[2026-04-21 22:30:03] [INFO ] Cycle #26 | Supply: 2230.1 kW
[2026-04-21 22:30:03] [INFO ] [LOCK] Central Hospital — 160.0 kW (life support)
[2026-04-21 22:30:03] [INFO ] [Alloc] Distributed 1103.2 / 1103.2 kW | Unmet: 0.0 kW
[2026-04-21 22:30:05] [INFO ] Cycle #27 | Supply: 2138.3 kW
[2026-04-21 22:30:05] [INFO ] [LOCK] Central Hospital — 137.3 kW (life support)
[2026-04-21 22:30:05] [INFO ] [Alloc] Distributed 1047.4 / 1047.4 kW | Unmet: -0.0 kW
[2026-04-21 22:30:07] [INFO ] Cycle #28 | Supply: 2090.5 kW
[2026-04-21 22:30:07] [INFO ] [LOCK] Central Hospital — 156.4 kW (life support)
[2026-04-21 22:30:07] [INFO ] [Alloc] Distributed 1442.7 / 1442.7 kW | Unmet: 0.0 kW
[2026-04-21 22:30:09] [INFO ] Cycle #29 | Supply: 2242.2 kW
[2026-04-21 22:30:09] [INFO ] [LOCK] Central Hospital — 151.6 kW (life support)
[2026-04-21 22:30:09] [INFO ] [Alloc] Distributed 1352.8 / 1352.8 kW | Unmet: 0.0 kW
[2026-04-21 22:30:11] [INFO ] Cycle #30 | Supply: 2201.6 kW
[2026-04-21 22:30:11] [INFO ] [LOCK] Central Hospital — 174.0 kW (life support)
[2026-04-21 22:30:11] [INFO ] [Alloc] Distributed 1311.7 / 1311.7 kW | Unmet: 0.0 kW
[2026-04-21 22:30:13] [INFO ] Cycle #31 | Supply: 2164.9 kW
[2026-04-21 22:30:13] [INFO ] [LOCK] Central Hospital — 166.1 kW (life support)
[2026-04-21 22:30:13] [INFO ] [Alloc] Distributed 1201.4 / 1201.4 kW | Unmet: 0.0 kW
[2026-04-21 22:30:15] [INFO ] Cycle #32 | Supply: 2297.4 kW
[2026-04-21 22:30:15] [INFO ] [LOCK] Central Hospital — 153.2 kW (life support)
[2026-04-21 22:30:15] [INFO ] [Alloc] Distributed 1240.7 / 1240.7 kW | Unmet: -0.0 kW
[2026-04-21 22:30:17] [INFO ] Cycle #33 | Supply: 2265.4 kW
[2026-04-21 22:30:17] [INFO ] [LOCK] Central Hospital — 184.5 kW (life support)
[2026-04-21 22:30:17] [INFO ] [Alloc] Distributed 967.0 / 967.0 kW | Unmet: 0.0 kW
[2026-04-21 22:30:19] [INFO ] Cycle #34 | Supply: 2152.4 kW
[2026-04-21 22:30:19] [INFO ] [LOCK] Central Hospital — 151.4 kW (life support)
[2026-04-21 22:30:19] [INFO ] [Alloc] Distributed 914.9 / 914.9 kW | Unmet: 0.0 kW
[2026-04-21 22:30:21] [INFO ] Cycle #35 | Supply: 2122.6 kW
[2026-04-21 22:30:21] [INFO ] [LOCK] Central Hospital — 149.6 kW (life support)
[2026-04-21 22:30:21] [INFO ] [Alloc] Distributed 931.2 / 931.2 kW | Unmet: 0.0 kW
[2026-04-21 22:30:23] [INFO ] Cycle #36 | Supply: 2068.8 kW
[2026-04-21 22:30:23] [INFO ] [LOCK] Central Hospital — 140.5 kW (life support)
[2026-04-21 22:30:23] [INFO ] [Alloc] Distributed 964.3 / 964.3 kW | Unmet: 0.0 kW
[2026-04-21 22:30:25] [INFO ] Cycle #37 | Supply: 2279.6 kW
[2026-04-21 22:30:25] [INFO ] [LOCK] Central Hospital — 121.7 kW (life support)
[2026-04-21 22:30:25] [INFO ] [Alloc] Distributed 890.8 / 890.8 kW | Unmet: 0.0 kW
[2026-04-21 22:30:27] [INFO ] Cycle #38 | Supply: 2253.4 kW
[2026-04-21 22:30:27] [INFO ] [LOCK] Central Hospital — 129.5 kW (life support)
[2026-04-21 22:30:27] [INFO ] [Alloc] Distributed 843.2 / 843.2 kW | Unmet: -0.0 kW
[2026-04-21 22:30:29] [INFO ] Cycle #39 | Supply: 2254.1 kW
[2026-04-21 22:30:29] [INFO ] [LOCK] Central Hospital — 137.2 kW (life support)
[2026-04-21 22:30:29] [INFO ] [Alloc] Distributed 788.6 / 788.6 kW | Unmet: 0.0 kW
[2026-04-21 22:30:31] [INFO ] Cycle #40 | Supply: 2203.4 kW
[2026-04-21 22:30:31] [INFO ] [LOCK] Central Hospital — 132.4 kW (life support)
[2026-04-21 22:30:31] [INFO ] [Alloc] Distributed 750.2 / 750.2 kW | Unmet: 0.0 kW
[2026-04-21 22:30:33] [INFO ] Cycle #41 | Supply: 2154.2 kW
[2026-04-21 22:30:33] [INFO ] [LOCK] Central Hospital — 128.5 kW (life support)
[2026-04-21 22:30:33] [INFO ] [Alloc] Distributed 656.4 / 656.4 kW | Unmet: 0.0 kW
[2026-04-21 22:30:35] [INFO ] Cycle #42 | Supply: 2142.6 kW
[2026-04-21 22:30:35] [INFO ] [LOCK] Central Hospital — 119.1 kW (life support)
[2026-04-21 22:30:35] [INFO ] [Alloc] Distributed 628.9 / 628.9 kW | Unmet: 0.0 kW
[2026-04-21 22:30:37] [INFO ] Cycle #43 | Supply: 2273.7 kW
[2026-04-21 22:30:37] [INFO ] [LOCK] Central Hospital — 111.2 kW (life support)
[2026-04-21 22:30:37] [INFO ] [Alloc] Distributed 629.2 / 629.2 kW | Unmet: 0.0 kW
[2026-04-21 22:30:39] [INFO ] Cycle #44 | Supply: 2238.1 kW
[2026-04-21 22:30:39] [INFO ] [LOCK] Central Hospital — 122.1 kW (life support)
[2026-04-21 22:30:39] [INFO ] [Alloc] Distributed 620.0 / 620.0 kW | Unmet: 0.0 kW
[2026-04-21 22:30:41] [INFO ] Cycle #45 | Supply: 1941.3 kW
[2026-04-21 22:30:41] [INFO ] [LOCK] Central Hospital — 108.8 kW (life support)
[2026-04-21 22:30:41] [INFO ] [Alloc] Distributed 581.6 / 581.6 kW | Unmet: 0.0 kW
[2026-04-21 22:30:43] [INFO ] Cycle #46 | Supply: 2149.0 kW
[2026-04-21 22:30:43] [ERROR] [GRID OVERLOAD] Demand 5436.8 kW exceeds supply 2149.0 kW (deficit: 3287.9 kW)
[2026-04-21 22:30:43] [WARN ] EMERGENCY LOAD SHEDDING
[2026-04-21 22:30:43] [WARN ] Shed: Downtown Commercial
[2026-04-21 22:30:43] [WARN ] Shed: Residential North
[2026-04-21 22:30:43] [WARN ] Shed: Residential South
[2026-04-21 22:30:45] [INFO ] Cycle #47 | Supply: 1961.4 kW
[2026-04-21 22:30:45] [ERROR] [GRID OVERLOAD] Demand 6745.9 kW exceeds supply 1961.4 kW (deficit: 4784.5 kW)
[2026-04-21 22:30:45] [WARN ] EMERGENCY LOAD SHEDDING
[2026-04-21 22:30:45] [WARN ] Shed: Downtown Commercial
[2026-04-21 22:30:45] [WARN ] Shed: Residential North
[2026-04-21 22:30:45] [WARN ] Shed: Residential South
[2026-04-21 22:30:47] [INFO ] Cycle #48 | Supply: 2207.7 kW
[2026-04-21 22:30:47] [ERROR] [GRID OVERLOAD] Demand 7550.7 kW exceeds supply 2207.7 kW (deficit: 5343.0 kW)
[2026-04-21 22:30:47] [WARN ] EMERGENCY LOAD SHEDDING
[2026-04-21 22:30:47] [WARN ] Shed: Downtown Commercial
[2026-04-21 22:30:47] [WARN ] Shed: Residential North
[2026-04-21 22:30:47] [WARN ] Shed: Residential South
[2026-04-21 22:30:49] [INFO ] Cycle #49 | Supply: 2118.0 kW
[2026-04-21 22:30:49] [ERROR] [GRID OVERLOAD] Demand 7244.8 kW exceeds supply 2118.0 kW (deficit: 5126.8 kW)
[2026-04-21 22:30:49] [WARN ] EMERGENCY LOAD SHEDDING
[2026-04-21 22:30:49] [WARN ] Shed: Downtown Commercial
[2026-04-21 22:30:49] [WARN ] Shed: Residential North
[2026-04-21 22:30:49] [WARN ] Shed: Residential South
[2026-04-21 22:30:51] [INFO ] Cycle #50 | Supply: 1937.5 kW
[2026-04-21 22:30:51] [ERROR] [GRID OVERLOAD] Demand 8215.5 kW exceeds supply 1937.5 kW (deficit: 6278.0 kW)
[2026-04-21 22:30:51] [WARN ] EMERGENCY LOAD SHEDDING
[2026-04-21 22:30:51] [WARN ] Shed: Downtown Commercial
[2026-04-21 22:30:51] [WARN ] Shed: Residential North
[2026-04-21 22:30:51] [WARN ] Shed: Residential South
[2026-04-21 22:30:53] [INFO ] Cycle #51 | Supply: 2059.8 kW
[2026-04-21 22:30:53] [ERROR] [GRID OVERLOAD] Demand 6270.9 kW exceeds supply 2059.8 kW (deficit: 4211.1 kW)
[2026-04-21 22:30:53] [WARN ] EMERGENCY LOAD SHEDDING
[2026-04-21 22:30:53] [WARN ] Shed: Downtown Commercial
[2026-04-21 22:30:53] [WARN ] Shed: Residential North
[2026-04-21 22:30:53] [WARN ] Shed: Residential South
[2026-04-21 22:30:55] [INFO ] Cycle #52 | Supply: 2208.4 kW
[2026-04-21 22:30:55] [ERROR] [GRID OVERLOAD] Demand 6508.6 kW exceeds supply 2208.4 kW (deficit: 4300.2 kW)
[2026-04-21 22:30:55] [WARN ] EMERGENCY LOAD SHEDDING
[2026-04-21 22:30:55] [WARN ] Shed: Downtown Commercial
[2026-04-21 22:30:55] [WARN ] Shed: Residential North
[2026-04-21 22:30:55] [WARN ] Shed: Residential South
[2026-04-21 22:30:57] [INFO ] Cycle #53 | Supply: 2028.8 kW
[2026-04-21 22:30:57] [ERROR] [GRID OVERLOAD] Demand 6834.1 kW exceeds supply 2028.8 kW (deficit: 4805.2 kW)
[2026-04-21 22:30:57] [WARN ] EMERGENCY LOAD SHEDDING
[2026-04-21 22:30:57] [WARN ] Shed: Downtown Commercial
[2026-04-21 22:30:57] [WARN ] Shed: Residential North
[2026-04-21 22:30:57] [WARN ] Shed: Residential South
[2026-04-21 22:30:59] [INFO ] Cycle #54 | Supply: 2002.1 kW
[2026-04-21 22:30:59] [ERROR] [GRID OVERLOAD] Demand 8431.1 kW exceeds supply 2002.1 kW (deficit: 6429.0 kW)
[2026-04-21 22:30:59] [WARN ] EMERGENCY LOAD SHEDDING
[2026-04-21 22:30:59] [WARN ] Shed: Downtown Commercial
[2026-04-21 22:30:59] [WARN ] Shed: Residential North
[2026-04-21 22:30:59] [WARN ] Shed: Residential South
[2026-04-21 22:31:01] [INFO ] Cycle #55 | Supply: 2178.9 kW
[2026-04-21 22:31:01] [INFO ] [LOCK] Central Hospital — 4.7 kW (life support)
[2026-04-21 22:31:01] [INFO ] [Alloc] Distributed 411.7 / 411.7 kW | Unmet: -0.0 kW
[2026-04-21 22:31:03] [INFO ] Cycle #56 | Supply: 2281.7 kW
[2026-04-21 22:31:03] [INFO ] [LOCK] Central Hospital — 4.4 kW (life support)
[2026-04-21 22:31:03] [INFO ] [Alloc] Distributed 408.0 / 408.0 kW | Unmet: 0.0 kW
[2026-04-21 22:31:05] [INFO ] Cycle #57 | Supply: 2060.2 kW
[2026-04-21 22:31:05] [INFO ] [LOCK] Central Hospital — 4.2 kW (life support)
[2026-04-21 22:31:05] [INFO ] [Alloc] Distributed 445.2 / 445.2 kW | Unmet: 0.0 kW
[2026-04-21 22:31:07] [INFO ] Cycle #58 | Supply: 2289.8 kW
[2026-04-21 22:31:07] [INFO ] [LOCK] Central Hospital — 4.5 kW (life support)
[2026-04-21 22:31:07] [INFO ] [Alloc] Distributed 425.4 / 425.4 kW | Unmet: 0.0 kW
[2026-04-21 22:31:09] [INFO ] Cycle #59 | Supply: 2020.8 kW
[2026-04-21 22:31:09] [INFO ] [LOCK] Central Hospital — 5.3 kW (life support)
[2026-04-21 22:31:09] [INFO ] [Alloc] Distributed 436.4 / 436.4 kW | Unmet: -0.0 kW
[2026-04-21 22:31:11] [INFO ] Cycle #60 | Supply: 2281.9 kW
[2026-04-21 22:31:11] [INFO ] [LOCK] Central Hospital — 5.0 kW (life support)
[2026-04-21 22:31:11] [INFO ] [Alloc] Distributed 437.3 / 437.3 kW | Unmet: 0.0 kW
[2026-04-21 22:31:13] [INFO ] Cycle #61 | Supply: 2234.4 kW
[2026-04-21 22:31:13] [INFO ] [LOCK] Central Hospital — 4.5 kW (life support)
[2026-04-21 22:31:13] [INFO ] [Alloc] Distributed 444.9 / 444.9 kW | Unmet: 0.0 kW
[2026-04-21 22:31:15] [INFO ] Cycle #62 | Supply: 2219.0 kW
[2026-04-21 22:31:15] [INFO ] [LOCK] Central Hospital — 4.4 kW (life support)
[2026-04-21 22:31:15] [INFO ] [Alloc] Distributed 433.8 / 433.8 kW | Unmet: 0.0 kW
[2026-04-21 22:31:17] [INFO ] Cycle #63 | Supply: 2258.0 kW
[2026-04-21 22:31:17] [INFO ] [LOCK] Central Hospital — 3.5 kW (life support)
[2026-04-21 22:31:17] [INFO ] [Alloc] Distributed 565.0 / 565.0 kW | Unmet: 0.0 kW
[2026-04-21 22:31:19] [INFO ] Cycle #64 | Supply: 1980.6 kW
[2026-04-21 22:31:19] [INFO ] [LOCK] Central Hospital — 3.7 kW (life support)
[2026-04-21 22:31:19] [INFO ] [Alloc] Distributed 449.0 / 449.0 kW | Unmet: 0.0 kW
[2026-04-21 22:31:21] [INFO ] Cycle #65 | Supply: 2129.5 kW
[2026-04-21 22:31:21] [INFO ] [LOCK] Central Hospital — 3.1 kW (life support)
[2026-04-21 22:31:21] [INFO ] [Alloc] Distributed 604.7 / 604.7 kW | Unmet: 0.0 kW
[2026-04-21 22:31:23] [INFO ] Cycle #66 | Supply: 2101.2 kW
[2026-04-21 22:31:23] [INFO ] [LOCK] Central Hospital — 2.8 kW (life support)
[2026-04-21 22:31:23] [INFO ] [Alloc] Distributed 587.0 / 587.0 kW | Unmet: 0.0 kW
[2026-04-21 22:31:25] [INFO ] Cycle #67 | Supply: 2085.3 kW
[2026-04-21 22:31:25] [INFO ] [LOCK] Central Hospital — 2.5 kW (life support)
[2026-04-21 22:31:25] [INFO ] [Alloc] Distributed 591.4 / 591.4 kW | Unmet: 0.0 kW
[2026-04-21 22:31:27] [INFO ] Cycle #68 | Supply: 2300.0 kW
[2026-04-21 22:31:27] [INFO ] [LOCK] Central Hospital — 3.1 kW (life support)
[2026-04-21 22:31:27] [INFO ] [Alloc] Distributed 581.4 / 581.4 kW | Unmet: 0.0 kW
[2026-04-21 22:31:29] [INFO ] Cycle #69 | Supply: 2146.4 kW
[2026-04-21 22:31:29] [INFO ] [LOCK] Central Hospital — 2.5 kW (life support)
[2026-04-21 22:31:29] [INFO ] [Alloc] Distributed 655.6 / 655.6 kW | Unmet: 0.0 kW
[2026-04-21 22:31:31] [INFO ] Cycle #70 | Supply: 2016.0 kW
[2026-04-21 22:31:31] [INFO ] [LOCK] Central Hospital — 2.3 kW (life support)
[2026-04-21 22:31:31] [INFO ] [Alloc] Distributed 817.4 / 817.4 kW | Unmet: -0.0 kW
[2026-04-21 22:31:33] [INFO ] Cycle #71 | Supply: 2067.7 kW
[2026-04-21 22:31:33] [INFO ] [LOCK] Central Hospital — 2.3 kW (life support)
[2026-04-21 22:31:33] [INFO ] [Alloc] Distributed 649.4 / 649.4 kW | Unmet: 0.0 kW
[2026-04-21 22:31:35] [INFO ] Cycle #72 | Supply: 2214.3 kW
[2026-04-21 22:31:35] [INFO ] [LOCK] Central Hospital — 2.5 kW (life support)
[2026-04-21 22:31:35] [INFO ] [Alloc] Distributed 716.8 / 716.8 kW | Unmet: 0.0 kW
[2026-04-21 22:31:37] [INFO ] Cycle #73 | Supply: 2120.4 kW
[2026-04-21 22:31:37] [INFO ] [LOCK] Central Hospital — 2.3 kW (life support)
[2026-04-21 22:31:37] [INFO ] [Alloc] Distributed 843.2 / 843.2 kW | Unmet: -0.0 kW
[2026-04-21 22:31:39] [INFO ] Cycle #74 | Supply: 1998.5 kW
[2026-04-21 22:31:39] [INFO ] [LOCK] Central Hospital — 2.5 kW (life support)
[2026-04-21 22:31:39] [INFO ] [Alloc] Distributed 919.9 / 919.9 kW | Unmet: -0.0 kW
[2026-04-21 22:31:40] [INFO ] Grid state saved.
[2026-04-21 22:31:41] [INFO ] Cycle #75 | Supply: 2160.2 kW
[2026-04-21 22:31:41] [INFO ] [LOCK] Central Hospital — 2.2 kW (life support)
[2026-04-21 22:31:41] [INFO ] [Alloc] Distributed 1021.5 / 1021.5 kW | Unmet: 0.0 kW
[2026-04-21 22:31:43] [INFO ] Cycle #76 | Supply: 2271.6 kW
[2026-04-21 22:31:43] [INFO ] [LOCK] Central Hospital — 1.8 kW (life support)
[2026-04-21 22:31:43] [INFO ] [Alloc] Distributed 1072.3 / 1072.3 kW | Unmet: 0.0 kW
[2026-04-21 22:31:45] [INFO ] Cycle #77 | Supply: 2129.7 kW
[2026-04-21 22:31:45] [INFO ] [LOCK] Central Hospital — 2.0 kW (life support)
[2026-04-21 22:31:45] [INFO ] [Alloc] Distributed 930.3 / 930.3 kW | Unmet: 0.0 kW
[2026-04-21 22:31:47] [INFO ] Cycle #78 | Supply: 2163.3 kW
[2026-04-21 22:31:47] [INFO ] [LOCK] Central Hospital — 1.5 kW (life support)
[2026-04-21 22:31:47] [INFO ] [Alloc] Distributed 1042.9 / 1042.9 kW | Unmet: 0.0 kW
[2026-04-21 22:31:49] [INFO ] Cycle #79 | Supply: 2300.0 kW
[2026-04-21 22:31:49] [INFO ] [LOCK] Central Hospital — 1.3 kW (life support)
[2026-04-21 22:31:49] [INFO ] [Alloc] Distributed 1062.3 / 1062.3 kW | Unmet: 0.0 kW
[2026-04-21 22:31:51] [INFO ] Cycle #80 | Supply: 2106.9 kW
[2026-04-21 22:31:51] [INFO ] [LOCK] Central Hospital — 1.3 kW (life support)
[2026-04-21 22:31:51] [INFO ] [Alloc] Distributed 965.7 / 965.7 kW | Unmet: 0.0 kW
[2026-04-21 22:31:53] [INFO ] Cycle #81 | Supply: 2249.5 kW
[2026-04-21 22:31:53] [INFO ] [LOCK] Central Hospital — 1.1 kW (life support)
[2026-04-21 22:31:53] [INFO ] [Alloc] Distributed 912.3 / 912.3 kW | Unmet: 0.0 kW
[2026-04-21 22:31:55] [INFO ] Cycle #82 | Supply: 2286.7 kW
[2026-04-21 22:31:55] [ERROR] [GRID OVERLOAD] Demand 5987.8 kW exceeds supply 2286.7 kW (deficit: 3701.0 kW)
[2026-04-21 22:31:55] [WARN ] EMERGENCY LOAD SHEDDING
[2026-04-21 22:31:55] [WARN ] Shed: Downtown Commercial
[2026-04-21 22:31:55] [WARN ] Shed: Residential North
[2026-04-21 22:31:55] [WARN ] Shed: Residential South
[2026-04-21 22:31:57] [INFO ] Cycle #83 | Supply: 2222.2 kW
[2026-04-21 22:31:57] [ERROR] [GRID OVERLOAD] Demand 5255.6 kW exceeds supply 2222.2 kW (deficit: 3033.3 kW)
[2026-04-21 22:31:57] [WARN ] EMERGENCY LOAD SHEDDING
[2026-04-21 22:31:57] [WARN ] Shed: Downtown Commercial
[2026-04-21 22:31:57] [WARN ] Shed: Residential North
[2026-04-21 22:31:57] [WARN ] Shed: Residential South
[2026-04-21 22:31:59] [INFO ] Cycle #84 | Supply: 2135.9 kW
[2026-04-21 22:31:59] [ERROR] [GRID OVERLOAD] Demand 5073.8 kW exceeds supply 2135.9 kW (deficit: 2937.9 kW)
[2026-04-21 22:31:59] [WARN ] EMERGENCY LOAD SHEDDING
[2026-04-21 22:31:59] [WARN ] Shed: Downtown Commercial
[2026-04-21 22:31:59] [WARN ] Shed: Residential North
[2026-04-21 22:31:59] [WARN ] Shed: Residential South
[2026-04-21 22:32:01] [INFO ] Cycle #85 | Supply: 2245.3 kW
[2026-04-21 22:32:01] [ERROR] [GRID OVERLOAD] Demand 5737.5 kW exceeds supply 2245.3 kW (deficit: 3492.2 kW)
[2026-04-21 22:32:01] [WARN ] EMERGENCY LOAD SHEDDING
[2026-04-21 22:32:01] [WARN ] Shed: Downtown Commercial
[2026-04-21 22:32:01] [WARN ] Shed: Residential North
[2026-04-21 22:32:01] [WARN ] Shed: Residential South
[2026-04-21 22:32:03] [INFO ] Cycle #86 | Supply: 1937.6 kW
[2026-04-21 22:32:03] [ERROR] [GRID OVERLOAD] Demand 6177.4 kW exceeds supply 1937.6 kW (deficit: 4239.8 kW)
[2026-04-21 22:32:03] [WARN ] EMERGENCY LOAD SHEDDING
[2026-04-21 22:32:03] [WARN ] Shed: Downtown Commercial
[2026-04-21 22:32:03] [WARN ] Shed: Residential North
[2026-04-21 22:32:03] [WARN ] Shed: Residential South
[2026-04-21 22:32:05] [INFO ] Cycle #87 | Supply: 1990.7 kW
[2026-04-21 22:32:05] [ERROR] [GRID OVERLOAD] Demand 5884.9 kW exceeds supply 1990.7 kW (deficit: 3894.2 kW)
[2026-04-21 22:32:05] [WARN ] EMERGENCY LOAD SHEDDING
[2026-04-21 22:32:05] [WARN ] Shed: Downtown Commercial
[2026-04-21 22:32:05] [WARN ] Shed: Residential North
[2026-04-21 22:32:05] [WARN ] Shed: Residential South
[2026-04-21 22:32:07] [INFO ] Cycle #88 | Supply: 2227.4 kW
[2026-04-21 22:32:07] [ERROR] [GRID OVERLOAD] Demand 6371.2 kW exceeds supply 2227.4 kW (deficit: 4143.8 kW)
[2026-04-21 22:32:07] [WARN ] EMERGENCY LOAD SHEDDING
[2026-04-21 22:32:07] [WARN ] Shed: Downtown Commercial
[2026-04-21 22:32:07] [WARN ] Shed: Residential North
[2026-04-21 22:32:07] [WARN ] Shed: Residential South
[2026-04-21 22:32:09] [INFO ] Cycle #89 | Supply: 1915.9 kW
[2026-04-21 22:32:09] [ERROR] [GRID OVERLOAD] Demand 5503.6 kW exceeds supply 1915.9 kW (deficit: 3587.7 kW)
[2026-04-21 22:32:09] [WARN ] EMERGENCY LOAD SHEDDING
[2026-04-21 22:32:09] [WARN ] Shed: Downtown Commercial
[2026-04-21 22:32:09] [WARN ] Shed: Residential North
[2026-04-21 22:32:09] [WARN ] Shed: Residential South
[2026-04-21 22:32:11] [INFO ] Cycle #90 | Supply: 1997.7 kW
[2026-04-21 22:32:11] [ERROR] [GRID OVERLOAD] Demand 5899.5 kW exceeds supply 1997.7 kW (deficit: 3901.8 kW)
[2026-04-21 22:32:11] [WARN ] EMERGENCY LOAD SHEDDING
[2026-04-21 22:32:11] [WARN ] Shed: Downtown Commercial
[2026-04-21 22:32:11] [WARN ] Shed: Residential North
[2026-04-21 22:32:11] [WARN ] Shed: Residential South
[2026-04-21 22:32:13] [INFO ] Cycle #91 | Supply: 2166.3 kW
[2026-04-21 22:32:13] [ERROR] [GRID OVERLOAD] Demand 5728.0 kW exceeds supply 2166.3 kW (deficit: 3561.7 kW)
[2026-04-21 22:32:13] [WARN ] EMERGENCY LOAD SHEDDING
[2026-04-21 22:32:13] [WARN ] Shed: Downtown Commercial
[2026-04-21 22:32:13] [WARN ] Shed: Residential North
[2026-04-21 22:32:13] [WARN ] Shed: Residential South
[2026-04-21 22:32:15] [INFO ] Cycle #92 | Supply: 2286.4 kW
[2026-04-21 22:32:15] [ERROR] [GRID OVERLOAD] Demand 6301.1 kW exceeds supply 2286.4 kW (deficit: 4014.7 kW)
[2026-04-21 22:32:15] [WARN ] EMERGENCY LOAD SHEDDING
[2026-04-21 22:32:15] [WARN ] Shed: Downtown Commercial
[2026-04-21 22:32:15] [WARN ] Shed: Residential North
[2026-04-21 22:32:15] [WARN ] Shed: Residential South
[2026-04-21 22:32:17] [INFO ] Cycle #93 | Supply: 2297.8 kW
[2026-04-21 22:32:17] [ERROR] [GRID OVERLOAD] Demand 7909.2 kW exceeds supply 2297.8 kW (deficit: 5611.4 kW)
[2026-04-21 22:32:17] [WARN ] EMERGENCY LOAD SHEDDING
[2026-04-21 22:32:17] [WARN ] Shed: Downtown Commercial
[2026-04-21 22:32:17] [WARN ] Shed: Residential North
[2026-04-21 22:32:17] [WARN ] Shed: Residential South
[2026-04-21 22:32:19] [INFO ] Cycle #94 | Supply: 2265.7 kW
[2026-04-21 22:32:19] [ERROR] [GRID OVERLOAD] Demand 10699.9 kW exceeds supply 2265.7 kW (deficit: 8434.3 kW)
[2026-04-21 22:32:19] [WARN ] EMERGENCY LOAD SHEDDING
[2026-04-21 22:32:19] [WARN ] Shed: Downtown Commercial
[2026-04-21 22:32:19] [WARN ] Shed: Residential North
[2026-04-21 22:32:19] [WARN ] Shed: Residential South
[2026-04-21 22:32:21] [INFO ] Cycle #95 | Supply: 2043.6 kW
[2026-04-21 22:32:21] [ERROR] [GRID OVERLOAD] Demand 10085.6 kW exceeds supply 2043.6 kW (deficit: 8042.0 kW)
[2026-04-21 22:32:21] [WARN ] EMERGENCY LOAD SHEDDING
[2026-04-21 22:32:21] [WARN ] Shed: Downtown Commercial
[2026-04-21 22:32:21] [WARN ] Shed: Residential North
[2026-04-21 22:32:21] [WARN ] Shed: Residential South
[2026-04-21 22:32:23] [INFO ] Cycle #96 | Supply: 1952.1 kW
[2026-04-21 22:32:23] [ERROR] [GRID OVERLOAD] Demand 7761.3 kW exceeds supply 1952.1 kW (deficit: 5809.2 kW)
[2026-04-21 22:32:23] [WARN ] EMERGENCY LOAD SHEDDING
[2026-04-21 22:32:23] [WARN ] Shed: Downtown Commercial
[2026-04-21 22:32:23] [WARN ] Shed: Residential North
[2026-04-21 22:32:23] [WARN ] Shed: Residential South
[2026-04-21 22:32:25] [INFO ] Cycle #97 | Supply: 2053.7 kW
[2026-04-21 22:32:25] [ERROR] [GRID OVERLOAD] Demand 9625.6 kW exceeds supply 2053.7 kW (deficit: 7572.0 kW)
[2026-04-21 22:32:25] [WARN ] EMERGENCY LOAD SHEDDING
[2026-04-21 22:32:25] [WARN ] Shed: Downtown Commercial
[2026-04-21 22:32:25] [WARN ] Shed: Residential North
[2026-04-21 22:32:25] [WARN ] Shed: Residential South
[2026-04-21 22:32:27] [INFO ] Cycle #98 | Supply: 1996.5 kW
[2026-04-21 22:32:27] [ERROR] [GRID OVERLOAD] Demand 9474.3 kW exceeds supply 1996.5 kW (deficit: 7477.8 kW)
[2026-04-21 22:32:27] [WARN ] EMERGENCY LOAD SHEDDING
[2026-04-21 22:32:27] [WARN ] Shed: Downtown Commercial
[2026-04-21 22:32:27] [WARN ] Shed: Residential North
[2026-04-21 22:32:27] [WARN ] Shed: Residential South
[2026-04-21 22:32:29] [INFO ] Cycle #99 | Supply: 2152.7 kW
[2026-04-21 22:32:29] [ERROR] [GRID OVERLOAD] Demand 9440.5 kW exceeds supply 2152.7 kW (deficit: 7287.8 kW)
[2026-04-21 22:32:29] [WARN ] EMERGENCY LOAD SHEDDING
[2026-04-21 22:32:29] [WARN ] Shed: Downtown Commercial
[2026-04-21 22:32:29] [WARN ] Shed: Residential North
[2026-04-21 22:32:29] [WARN ] Shed: Residential South
[2026-04-21 22:32:31] [INFO ] Cycle #100 | Supply: 2273.1 kW
[2026-04-21 22:32:31] [ERROR] [GRID OVERLOAD] Demand 7420.7 kW exceeds supply 2273.1 kW (deficit: 5147.6 kW)
[2026-04-21 22:32:31] [WARN ] EMERGENCY LOAD SHEDDING
[2026-04-21 22:32:31] [WARN ] Shed: Downtown Commercial
[2026-04-21 22:32:31] [WARN ] Shed: Residential North
[2026-04-21 22:32:31] [WARN ] Shed: Residential South
[2026-04-21 22:32:33] [INFO ] Cycle #101 | Supply: 1920.3 kW
[2026-04-21 22:32:33] [ERROR] [GRID OVERLOAD] Demand 6686.5 kW exceeds supply 1920.3 kW (deficit: 4766.2 kW)
[2026-04-21 22:32:33] [WARN ] EMERGENCY LOAD SHEDDING
[2026-04-21 22:32:33] [WARN ] Shed: Downtown Commercial
[2026-04-21 22:32:33] [WARN ] Shed: Residential North
[2026-04-21 22:32:33] [WARN ] Shed: Residential South
[2026-04-21 22:32:35] [INFO ] Cycle #102 | Supply: 2291.9 kW
[2026-04-21 22:32:35] [ERROR] [GRID OVERLOAD] Demand 6508.1 kW exceeds supply 2291.9 kW (deficit: 4216.2 kW)
[2026-04-21 22:32:35] [WARN ] EMERGENCY LOAD SHEDDING
[2026-04-21 22:32:35] [WARN ] Shed: Downtown Commercial
[2026-04-21 22:32:35] [WARN ] Shed: Residential North
[2026-04-21 22:32:35] [WARN ] Shed: Residential South
[2026-04-21 22:32:37] [INFO ] Cycle #103 | Supply: 2096.5 kW
[2026-04-21 22:32:37] [ERROR] [GRID OVERLOAD] Demand 8280.6 kW exceeds supply 2096.5 kW (deficit: 6184.0 kW)
[2026-04-21 22:32:37] [WARN ] EMERGENCY LOAD SHEDDING
[2026-04-21 22:32:37] [WARN ] Shed: Downtown Commercial
[2026-04-21 22:32:37] [WARN ] Shed: Residential North
[2026-04-21 22:32:37] [WARN ] Shed: Residential South
[2026-04-21 22:32:39] [INFO ] Cycle #104 | Supply: 2231.3 kW
[2026-04-21 22:32:39] [ERROR] [GRID OVERLOAD] Demand 6331.1 kW exceeds supply 2231.3 kW (deficit: 4099.8 kW)
[2026-04-21 22:32:39] [WARN ] EMERGENCY LOAD SHEDDING
[2026-04-21 22:32:39] [WARN ] Shed: Downtown Commercial
[2026-04-21 22:32:39] [WARN ] Shed: Residential North
[2026-04-21 22:32:39] [WARN ] Shed: Residential South
[2026-04-21 22:32:41] [INFO ] Cycle #105 | Supply: 2130.0 kW
[2026-04-21 22:32:41] [ERROR] [GRID OVERLOAD] Demand 7222.9 kW exceeds supply 2130.0 kW (deficit: 5092.9 kW)
[2026-04-21 22:32:41] [WARN ] EMERGENCY LOAD SHEDDING
[2026-04-21 22:32:41] [WARN ] Shed: Downtown Commercial
[2026-04-21 22:32:41] [WARN ] Shed: Residential North
[2026-04-21 22:32:41] [WARN ] Shed: Residential South
[2026-04-21 22:32:43] [INFO ] Cycle #106 | Supply: 2037.2 kW
[2026-04-21 22:32:43] [ERROR] [GRID OVERLOAD] Demand 6247.6 kW exceeds supply 2037.2 kW (deficit: 4210.4 kW)
[2026-04-21 22:32:43] [WARN ] EMERGENCY LOAD SHEDDING
[2026-04-21 22:32:43] [WARN ] Shed: Downtown Commercial
[2026-04-21 22:32:43] [WARN ] Shed: Residential North
[2026-04-21 22:32:43] [WARN ] Shed: Residential South
[2026-04-21 22:32:45] [INFO ] Cycle #107 | Supply: 2283.8 kW
[2026-04-21 22:32:45] [ERROR] [GRID OVERLOAD] Demand 6433.4 kW exceeds supply 2283.8 kW (deficit: 4149.5 kW)
[2026-04-21 22:32:45] [WARN ] EMERGENCY LOAD SHEDDING
[2026-04-21 22:32:45] [WARN ] Shed: Downtown Commercial
[2026-04-21 22:32:45] [WARN ] Shed: Residential North
[2026-04-21 22:32:45] [WARN ] Shed: Residential South
[2026-04-21 22:32:47] [INFO ] Cycle #108 | Supply: 2123.9 kW
[2026-04-21 22:32:47] [ERROR] [GRID OVERLOAD] Demand 6398.1 kW exceeds supply 2[2026-04-22 17:12:35] [INFO ] === VoltSync Session Started ===
[2026-04-22 17:12:35] [INFO ] Sector registered: Central Hospital [CRITICAL]
[2026-04-22 17:12:35] [INFO ] Sector registered: Fire Station Alpha [CRITICAL]
[2026-04-22 17:12:35] [INFO ] Sector registered: Industrial Zone A [HIGH]
[2026-04-22 17:12:35] [INFO ] Sector registered: Water Treatment [HIGH]
[2026-04-22 17:12:35] [INFO ] Sector registered: Downtown Commercial [MEDIUM]
[2026-04-22 17:12:35] [INFO ] Sector registered: Residential North [LOW]
[2026-04-22 17:12:35] [INFO ] Sector registered: Residential South [LOW]
[2026-04-22 17:12:35] [INFO ] Source added: Solar Farm Alpha
[2026-04-22 17:12:35] [INFO ] Source added: Solar Farm Beta
[2026-04-22 17:12:35] [INFO ] Source added: Wind Park North
[2026-04-22 17:12:35] [INFO ] Source added: Coal Plant Base
[2026-04-22 17:12:36] [INFO ] Thread started for sector: Central Hospital [Sector-Central Hospital]
[2026-04-22 17:12:36] [INFO ] Thread started for sector: Water Treatment [Sector-Water Treatment]
[2026-04-22 17:12:36] [INFO ] Thread started for sector: Downtown Commercial [Sector-Downtown Commercial]
[2026-04-22 17:12:36] [INFO ] Supply simulation thread started [SupplyThread]
[2026-04-22 17:12:36] [INFO ] Thread started for sector: Residential North [Sector-Residential North]
[2026-04-22 17:12:36] [INFO ] Thread started for sector: Residential South [Sector-Residential South]
[2026-04-22 17:12:36] [INFO ] Thread started for sector: Fire Station Alpha [Sector-Fire Station Alpha]
[2026-04-22 17:12:36] [INFO ] Thread started for sector: Industrial Zone A [Sector-Industrial Zone A]
[2026-04-22 17:12:38] [INFO ] Cycle #1 | Supply: 2170.6 kW
[2026-04-22 17:12:38] [WARN ] Overload risk! Demand 2237.0 kW vs Supply 2170.6 kW (103%)
[2026-04-22 17:12:38] [WARN ] Load shed on Residential South: gave 212.8 / 279.2 kW
[2026-04-22 17:12:38] [INFO ] [Alloc] Distributed 2170.6 / 2237.0 kW | Unmet: 66.4 kW
[2026-04-22 17:12:40] [INFO ] Cycle #2 | Supply: 1997.2 kW
[2026-04-22 17:12:40] [WARN ] Overload risk! Demand 1987.2 kW vs Supply 1997.2 kW (99%)
[2026-04-22 17:12:40] [INFO ] [Alloc] Distributed 1987.2 / 1987.2 kW | Unmet: 0.0 kW
[2026-04-22 17:12:42] [INFO ] Cycle #3 | Supply: 2077.7 kW
[2026-04-22 17:12:42] [WARN ] Overload risk! Demand 2121.8 kW vs Supply 2077.7 kW (102%)
[2026-04-22 17:12:42] [WARN ] Load shed on Residential South: gave 280.1 / 324.2 kW
[2026-04-22 17:12:42] [INFO ] [Alloc] Distributed 2077.7 / 2121.8 kW | Unmet: 44.1 kW
[2026-04-22 17:12:44] [INFO ] Cycle #4 | Supply: 2103.4 kW
[2026-04-22 17:12:44] [WARN ] Overload risk! Demand 2219.1 kW vs Supply 2103.4 kW (105%)
[2026-04-22 17:12:44] [WARN ] Load shed on Residential South: gave 275.3 / 390.9 kW
[2026-04-22 17:12:44] [INFO ] [Alloc] Distributed 2103.4 / 2219.1 kW | Unmet: 115.7 kW
[2026-04-22 17:12:46] [INFO ] Cycle #5 | Supply: 2277.9 kW
[2026-04-22 17:12:46] [WARN ] Overload risk! Demand 2351.6 kW vs Supply 2277.9 kW (103%)
[2026-04-22 17:12:46] [WARN ] Load shed on Residential South: gave 355.9 / 429.5 kW
[2026-04-22 17:12:46] [INFO ] [Alloc] Distributed 2277.9 / 2351.6 kW | Unmet: 73.6 kW
[2026-04-22 17:12:48] [INFO ] Cycle #6 | Supply: 2268.5 kW
[2026-04-22 17:12:48] [WARN ] Overload risk! Demand 2296.8 kW vs Supply 2268.5 kW (101%)
[2026-04-22 17:12:48] [INFO ] [LOCK] Central Hospital — 160.1 kW (life support)
[2026-04-22 17:12:48] [WARN ] Load shed on Residential South: gave 478.2 / 506.5 kW
[2026-04-22 17:12:48] [INFO ] [Alloc] Distributed 2268.5 / 2296.8 kW | Unmet: 28.3 kW
[2026-04-22 17:12:50] [INFO ] Cycle #7 | Supply: 2300.0 kW
[2026-04-22 17:12:50] [WARN ] Overload risk! Demand 2379.8 kW vs Supply 2300.0 kW (103%)
[2026-04-22 17:12:50] [INFO ] [LOCK] Central Hospital — 158.8 kW (life support)
[2026-04-22 17:12:50] [WARN ] Load shed on Residential South: gave 447.6 / 527.4 kW
[2026-04-22 17:12:50] [INFO ] [Alloc] Distributed 2300.0 / 2379.8 kW | Unmet: 79.8 kW
[2026-04-22 17:12:52] [INFO ] Cycle #8 | Supply: 2280.1 kW
[2026-04-22 17:12:52] [WARN ] Overload risk! Demand 2250.0 kW vs Supply 2280.1 kW (99%)
[2026-04-22 17:12:52] [INFO ] [LOCK] Central Hospital — 179.4 kW (life support)
[2026-04-22 17:12:52] [INFO ] [Alloc] Distributed 2250.0 / 2250.0 kW | Unmet: 0.0 kW
[2026-04-22 17:12:54] [INFO ] Cycle #9 | Supply: 2153.1 kW
[2026-04-22 17:12:54] [WARN ] Overload risk! Demand 2149.9 kW vs Supply 2153.1 kW (100%)
[2026-04-22 17:12:54] [INFO ] [LOCK] Central Hospital — 152.1 kW (life support)
[2026-04-22 17:12:54] [INFO ] [Alloc] Distributed 2149.9 / 2149.9 kW | Unmet: 0.0 kW
[2026-04-22 17:12:56] [INFO ] Cycle #10 | Supply: 2300.0 kW
[2026-04-22 17:12:56] [WARN ] Overload risk! Demand 1993.9 kW vs Supply 2300.0 kW (87%)
[2026-04-22 17:12:56] [INFO ] [LOCK] Central Hospital — 114.1 kW (life support)
[2026-04-22 17:12:56] [INFO ] [Alloc] Distributed 1993.9 / 1993.9 kW | Unmet: 0.0 kW
[2026-04-22 17:12:58] [INFO ] Cycle #11 | Supply: 2288.6 kW
[2026-04-22 17:12:58] [INFO ] [LOCK] Central Hospital — 117.5 kW (life support)
[2026-04-22 17:12:58] [INFO ] [Alloc] Distributed 1871.1 / 1871.1 kW | Unmet: 0.0 kW
[2026-04-22 17:13:00] [INFO ] Cycle #12 | Supply: 2233.9 kW
[2026-04-22 17:13:00] [WARN ] Overload risk! Demand 1970.9 kW vs Supply 2233.9 kW (88%)
[2026-04-22 17:13:00] [INFO ] [LOCK] Central Hospital — 115.7 kW (life support)
[2026-04-22 17:13:00] [INFO ] [Alloc] Distributed 1970.9 / 1970.9 kW | Unmet: 0.0 kW
[2026-04-22 17:13:02] [INFO ] Cycle #13 | Supply: 2213.3 kW
[2026-04-22 17:13:02] [INFO ] [LOCK] Central Hospital — 123.8 kW (life support)
[2026-04-22 17:13:02] [INFO ] [Alloc] Distributed 1796.3 / 1796.3 kW | Unmet: 0.0 kW
[2026-04-22 17:13:04] [INFO ] Cycle #14 | Supply: 2047.3 kW
[2026-04-22 17:13:04] [WARN ] Overload risk! Demand 1761.7 kW vs Supply 2047.3 kW (86%)
[2026-04-22 17:13:04] [INFO ] [LOCK] Central Hospital — 124.0 kW (life support)
[2026-04-22 17:13:04] [INFO ] [Alloc] Distributed 1761.7 / 1761.7 kW | Unmet: 0.0 kW
[2026-04-22 17:13:06] [INFO ] Cycle #15 | Supply: 2213.0 kW
[2026-04-22 17:13:06] [INFO ] [LOCK] Central Hospital — 127.2 kW (life support)
[2026-04-22 17:13:06] [INFO ] [Alloc] Distributed 1691.4 / 1691.4 kW | Unmet: 0.0 kW
[2026-04-22 17:13:08] [INFO ] Cycle #16 | Supply: 2300.0 kW
[2026-04-22 17:13:08] [INFO ] [LOCK] Central Hospital — 113.2 kW (life support)
[2026-04-22 17:13:08] [INFO ] [Alloc] Distributed 1797.3 / 1797.3 kW | Unmet: 0.0 kW
[2026-04-22 17:13:10] [INFO ] Cycle #17 | Supply: 2188.8 kW
[2026-04-22 17:13:10] [INFO ] [LOCK] Central Hospital — 132.4 kW (life support)
[2026-04-22 17:13:10] [INFO ] [Alloc] Distributed 1568.5 / 1568.5 kW | Unmet: 0.0 kW
[2026-04-22 17:13:12] [INFO ] Cycle #18 | Supply: 1812.5 kW
[2026-04-22 17:13:12] [WARN ] Overload risk! Demand 1666.9 kW vs Supply 1812.5 kW (92%)
[2026-04-22 17:13:12] [INFO ] [LOCK] Central Hospital — 129.2 kW (life support)
[2026-04-22 17:13:12] [INFO ] [Alloc] Distributed 1666.9 / 1666.9 kW | Unmet: 0.0 kW
[2026-04-22 17:13:14] [INFO ] Cycle #19 | Supply: 2197.5 kW
[2026-04-22 17:13:14] [INFO ] [LOCK] Central Hospital — 90.4 kW (life support)
[2026-04-22 17:13:14] [INFO ] [Alloc] Distributed 1526.4 / 1526.4 kW | Unmet: 0.0 kW
[2026-04-22 17:13:16] [INFO ] Cycle #20 | Supply: 2296.0 kW
[2026-04-22 17:13:16] [INFO ] [LOCK] Central Hospital — 112.5 kW (life support)
[2026-04-22 17:13:16] [INFO ] [Alloc] Distributed 1516.1 / 1516.1 kW | Unmet: 0.0 kW
[2026-04-22 17:13:18] [INFO ] Cycle #21 | Supply: 2142.1 kW
[2026-04-22 17:13:18] [INFO ] [LOCK] Central Hospital — 98.6 kW (life support)
[2026-04-22 17:13:18] [INFO ] [Alloc] Distributed 1409.3 / 1409.3 kW | Unmet: 0.0 kW
[2026-04-22 17:13:20] [INFO ] Cycle #22 | Supply: 1906.9 kW
[2026-04-22 17:13:20] [INFO ] [LOCK] Central Hospital — 107.0 kW (life support)
[2026-04-22 17:13:20] [INFO ] [Alloc] Distributed 1399.3 / 1399.3 kW | Unmet: 0.0 kW
[2026-04-22 17:13:22] [INFO ] Cycle #23 | Supply: 2110.8 kW
[2026-04-22 17:13:22] [INFO ] [LOCK] Central Hospital — 133.1 kW (life support)
[2026-04-22 17:13:22] [INFO ] [Alloc] Distributed 1527.3 / 1527.3 kW | Unmet: 0.0 kW
[2026-04-22 17:13:24] [INFO ] Cycle #24 | Supply: 1970.9 kW
[2026-04-22 17:13:24] [INFO ] [LOCK] Central Hospital — 110.6 kW (life support)
[2026-04-22 17:13:24] [INFO ] [Alloc] Distributed 1457.7 / 1457.7 kW | Unmet: 0.0 kW
[2026-04-22 17:13:26] [INFO ] Cycle #25 | Supply: 2117.7 kW
[2026-04-22 17:13:26] [INFO ] [LOCK] Central Hospital — 107.6 kW (life support)
[2026-04-22 17:13:26] [INFO ] [Alloc] Distributed 1364.2 / 1364.2 kW | Unmet: 0.0 kW
[2026-04-22 17:13:28] [INFO ] Cycle #26 | Supply: 2122.2 kW
[2026-04-22 17:13:28] [INFO ] [LOCK] Central Hospital — 108.7 kW (life support)
[2026-04-22 17:13:28] [INFO ] [Alloc] Distributed 1306.3 / 1306.3 kW | Unmet: 0.0 kW
[2026-04-22 17:13:30] [INFO ] Cycle #27 | Supply: 2061.7 kW
[2026-04-22 17:13:30] [INFO ] [LOCK] Central Hospital — 89.4 kW (life support)
[2026-04-22 17:13:30] [INFO ] [Alloc] Distributed 1337.4 / 1337.4 kW | Unmet: 0.0 kW
[2026-04-22 17:13:32] [INFO ] Cycle #28 | Supply: 2066.7 kW
[2026-04-22 17:13:32] [INFO ] [LOCK] Central Hospital — 98.5 kW (life support)
[2026-04-22 17:13:32] [INFO ] [Alloc] Distributed 1473.0 / 1473.0 kW | Unmet: -0.0 kW
[2026-04-22 17:13:34] [INFO ] Cycle #29 | Supply: 2196.9 kW
[2026-04-22 17:13:34] [INFO ] [LOCK] Central Hospital — 85.9 kW (life support)
[2026-04-22 17:13:34] [INFO ] [Alloc] Distributed 1240.2 / 1240.2 kW | Unmet: 0.0 kW
[2026-04-22 17:13:36] [INFO ] Cycle #30 | Supply: 2202.8 kW
[2026-04-22 17:13:36] [INFO ] [LOCK] Central Hospital — 101.7 kW (life support)
[2026-04-22 17:13:36] [INFO ] [Alloc] Distributed 1294.8 / 1294.8 kW | Unmet: 0.0 kW
[2026-04-22 17:13:38] [INFO ] Cycle #31 | Supply: 2040.4 kW
[2026-04-22 17:13:38] [INFO ] [LOCK] Central Hospital — 104.1 kW (life support)
[2026-04-22 17:13:38] [INFO ] [Alloc] Distributed 1252.4 / 1252.4 kW | Unmet: 0.0 kW
[2026-04-22 17:13:40] [INFO ] Cycle #32 | Supply: 2259.5 kW
[2026-04-22 17:13:40] [INFO ] [LOCK] Central Hospital — 137.5 kW (life support)
[2026-04-22 17:13:40] [INFO ] [Alloc] Distributed 1305.2 / 1305.2 kW | Unmet: -0.0 kW
[2026-04-22 17:13:42] [INFO ] Cycle #33 | Supply: 2163.1 kW
[2026-04-22 17:13:42] [INFO ] [LOCK] Central Hospital — 130.2 kW (life support)
[2026-04-22 17:13:42] [INFO ] [Alloc] Distributed 1226.0 / 1226.0 kW | Unmet: 0.0 kW
[2026-04-22 17:13:44] [INFO ] Cycle #34 | Supply: 2138.6 kW
[2026-04-22 17:13:44] [INFO ] [LOCK] Central Hospital — 123.1 kW (life support)
[2026-04-22 17:13:44] [INFO ] [Alloc] Distributed 1154.9 / 1154.9 kW | Unmet: 0.0 kW
[2026-04-22 17:13:46] [INFO ] Cycle #35 | Supply: 2251.0 kW
[2026-04-22 17:13:46] [INFO ] [LOCK] Central Hospital — 105.4 kW (life support)
[2026-04-22 17:13:46] [INFO ] [Alloc] Distributed 1061.3 / 1061.3 kW | Unmet: 0.0 kW
[2026-04-22 17:13:48] [INFO ] Cycle #36 | Supply: 2300.0 kW
[2026-04-22 17:13:48] [INFO ] [LOCK] Central Hospital — 80.5 kW (life support)
[2026-04-22 17:13:48] [INFO ] [Alloc] Distributed 1032.7 / 1032.7 kW | Unmet: 0.0 kW
[2026-04-22 17:13:50] [INFO ] Cycle #37 | Supply: 2012.3 kW
[2026-04-22 17:13:50] [INFO ] [LOCK] Central Hospital — 94.8 kW (life support)
[2026-04-22 17:13:50] [INFO ] [Alloc] Distributed 1033.8 / 1033.8 kW | Unmet: 0.0 kW
[2026-04-22 17:13:52] [INFO ] Cycle #38 | Supply: 2030.6 kW
[2026-04-22 17:13:52] [INFO ] [LOCK] Central Hospital — 84.3 kW (life support)
[2026-04-22 17:13:52] [INFO ] [Alloc] Distributed 1000.0 / 1000.0 kW | Unmet: 0.0 kW
[2026-04-22 17:13:54] [INFO ] Cycle #39 | Supply: 2297.0 kW
[2026-04-22 17:13:54] [INFO ] [LOCK] Central Hospital — 82.1 kW (life support)
[2026-04-22 17:13:54] [INFO ] [Alloc] Distributed 991.7 / 991.7 kW | Unmet: 0.0 kW
[2026-04-22 17:13:56] [INFO ] Cycle #40 | Supply: 2300.0 kW
[2026-04-22 17:13:56] [INFO ] [LOCK] Central Hospital — 89.5 kW (life support)
[2026-04-22 17:13:56] [INFO ] [Alloc] Distributed 982.6 / 982.6 kW | Unmet: 0.0 kW
[2026-04-22 17:13:58] [INFO ] Cycle #41 | Supply: 2128.1 kW
[2026-04-22 17:13:58] [ERROR] [GRID OVERLOAD] Demand 5736.0 kW exceeds supply 2128.1 kW (deficit: 3608.0 kW)
[2026-04-22 17:13:58] [WARN ] EMERGENCY LOAD SHEDDING
[2026-04-22 17:13:58] [WARN ] Shed: Downtown Commercial
[2026-04-22 17:13:58] [WARN ] Shed: Residential North
[2026-04-22 17:13:58] [WARN ] Shed: Residential South
[2026-04-22 17:14:00] [INFO ] Cycle #42 | Supply: 2168.5 kW
[2026-04-22 17:14:00] [ERROR] [GRID OVERLOAD] Demand 5893.6 kW exceeds supply 2168.5 kW (deficit: 3725.1 kW)
[2026-04-22 17:14:00] [WARN ] EMERGENCY LOAD SHEDDING
[2026-04-22 17:14:00] [WARN ] Shed: Downtown Commercial
[2026-04-22 17:14:00] [WARN ] Shed: Residential North
[2026-04-22 17:14:00] [WARN ] Shed: Residential South
[2026-04-22 17:14:02] [INFO ] Cycle #43 | Supply: 2123.2 kW
[2026-04-22 17:14:02] [ERROR] [GRID OVERLOAD] Demand 5520.2 kW exceeds supply 2123.2 kW (deficit: 3397.0 kW)
[2026-04-22 17:14:02] [WARN ] EMERGENCY LOAD SHEDDING
[2026-04-22 17:14:02] [WARN ] Shed: Downtown Commercial
[2026-04-22 17:14:02] [WARN ] Shed: Residential North
[2026-04-22 17:14:02] [WARN ] Shed: Residential South
[2026-04-22 17:14:04] [INFO ] Cycle #44 | Supply: 2056.3 kW
[2026-04-22 17:14:04] [ERROR] [GRID OVERLOAD] Demand 5671.6 kW exceeds supply 2056.3 kW (deficit: 3615.3 kW)
[2026-04-22 17:14:04] [WARN ] EMERGENCY LOAD SHEDDING
[2026-04-22 17:14:04] [WARN ] Shed: Downtown Commercial
[2026-04-22 17:14:04] [WARN ] Shed: Residential North
[2026-04-22 17:14:04] [WARN ] Shed: Residential South
[2026-04-22 17:14:06] [INFO ] Cycle #45 | Supply: 2064.4 kW
[2026-04-22 17:14:06] [ERROR] [GRID OVERLOAD] Demand 6920.7 kW exceeds supply 2064.4 kW (deficit: 4856.3 kW)
[2026-04-22 17:14:06] [WARN ] EMERGENCY LOAD SHEDDING
[2026-04-22 17:14:06] [WARN ] Shed: Downtown Commercial
[2026-04-22 17:14:06] [WARN ] Shed: Residential North
[2026-04-22 17:14:06] [WARN ] Shed: Residential South
[2026-04-22 17:14:08] [INFO ] Cycle #46 | Supply: 2143.0 kW
[2026-04-22 17:14:08] [ERROR] [GRID OVERLOAD] Demand 7369.8 kW exceeds supply 2143.0 kW (deficit: 5226.7 kW)
[2026-04-22 17:14:08] [WARN ] EMERGENCY LOAD SHEDDING
[2026-04-22 17:14:08] [WARN ] Shed: Downtown Commercial
[2026-04-22 17:14:08] [WARN ] Shed: Residential North
[2026-04-22 17:14:08] [WARN ] Shed: Residential South
[2026-04-22 17:14:10] [INFO ] Cycle #47 | Supply: 2061.5 kW
[2026-04-22 17:14:10] [ERROR] [GRID OVERLOAD] Demand 7510.1 kW exceeds supply 2061.5 kW (deficit: 5448.6 kW)
[2026-04-22 17:14:10] [WARN ] EMERGENCY LOAD SHEDDING
[2026-04-22 17:14:10] [WARN ] Shed: Downtown Commercial
[2026-04-22 17:14:10] [WARN ] Shed: Residential North
[2026-04-22 17:14:10] [WARN ] Shed: Residential South
[2026-04-22 17:14:12] [INFO ] Cycle #48 | Supply: 2147.7 kW
[2026-04-22 17:14:12] [ERROR] [GRID OVERLOAD] Demand 8330.4 kW exceeds supply 2147.7 kW (deficit: 6182.7 kW)
[2026-04-22 17:14:12] [WARN ] EMERGENCY LOAD SHEDDING
[2026-04-22 17:14:12] [WARN ] Shed: Downtown Commercial
[2026-04-22 17:14:12] [WARN ] Shed: Residential North
[2026-04-22 17:14:12] [WARN ] Shed: Residential South
[2026-04-22 17:14:14] [INFO ] Cycle #49 | Supply: 2266.6 kW
[2026-04-22 17:14:14] [ERROR] [GRID OVERLOAD] Demand 9183.2 kW exceeds supply 2266.6 kW (deficit: 6916.6 kW)
[2026-04-22 17:14:14] [WARN ] EMERGENCY LOAD SHEDDING
[2026-04-22 17:14:14] [WARN ] Shed: Downtown Commercial
[2026-04-22 17:14:14] [WARN ] Shed: Residential North
[2026-04-22 17:14:14] [WARN ] Shed: Residential South
[2026-04-22 17:14:16] [INFO ] Cycle #50 | Supply: 2123.8 kW
[2026-04-22 17:14:16] [ERROR] [GRID OVERLOAD] Demand 9078.7 kW exceeds supply 2123.8 kW (deficit: 6955.0 kW)
[2026-04-22 17:14:16] [WARN ] EMERGENCY LOAD SHEDDING
[2026-04-22 17:14:16] [WARN ] Shed: Downtown Commercial
[2026-04-22 17:14:16] [WARN ] Shed: Residential North
[2026-04-22 17:14:16] [WARN ] Shed: Residential South
[2026-04-22 17:14:18] [INFO ] Cycle #51 | Supply: 2121.7 kW
[2026-04-22 17:14:18] [ERROR] [GRID OVERLOAD] Demand 9378.8 kW exceeds supply 2121.7 kW (deficit: 7257.1 kW)
[2026-04-22 17:14:18] [WARN ] EMERGENCY LOAD SHEDDING
[2026-04-22 17:14:18] [WARN ] Shed: Downtown Commercial
[2026-04-22 17:14:18] [WARN ] Shed: Residential North
[2026-04-22 17:14:18] [WARN ] Shed: Residential South
[2026-04-22 17:14:20] [INFO ] Cycle #52 | Supply: 2278.4 kW
[2026-04-22 17:14:20] [INFO ] [LOCK] Central Hospital — 4.7 kW (life support)
[2026-04-22 17:14:20] [INFO ] [Alloc] Distributed 959.0 / 959.0 kW | Unmet: 0.0 kW
[2026-04-22 17:14:22] [INFO ] Cycle #53 | Supply: 2162.1 kW
[2026-04-22 17:14:22] [INFO ] [LOCK] Central Hospital — 3.7 kW (life support)
[2026-04-22 17:14:22] [INFO ] [Alloc] Distributed 842.7 / 842.7 kW | Unmet: -0.0 kW
[2026-04-22 17:14:24] [INFO ] Cycle #54 | Supply: 2201.6 kW
[2026-04-22 17:14:24] [INFO ] [LOCK] Central Hospital — 3.2 kW (life support)
[2026-04-22 17:14:24] [INFO ] [Alloc] Distributed 818.7 / 818.7 kW | Unmet: 0.0 kW
[2026-04-22 17:14:26] [INFO ] Cycle #55 | Supply: 2092.0 kW
[2026-04-22 17:14:26] [INFO ] [LOCK] Central Hospital — 3.0 kW (life support)
[2026-04-22 17:14:26] [INFO ] [Alloc] Distributed 894.2 / 894.2 kW | Unmet: 0.0 kW
[2026-04-22 17:14:28] [INFO ] Cycle #56 | Supply: 2020.2 kW
[2026-04-22 17:14:28] [INFO ] [LOCK] Central Hospital — 2.9 kW (life support)
[2026-04-22 17:14:28] [INFO ] [Alloc] Distributed 888.8 / 888.8 kW | Unmet: 0.0 kW
[2026-04-22 17:14:30] [INFO ] Cycle #57 | Supply: 2052.8 kW
[2026-04-22 17:14:30] [INFO ] [LOCK] Central Hospital — 2.2 kW (life support)
[2026-04-22 17:14:30] [INFO ] [Alloc] Distributed 766.9 / 766.9 kW | Unmet: 0.0 kW
[2026-04-22 17:14:32] [INFO ] Cycle #58 | Supply: 2108.9 kW
[2026-04-22 17:14:32] [INFO ] [LOCK] Central Hospital — 2.1 kW (life support)
[2026-04-22 17:14:32] [INFO ] [Alloc] Distributed 777.4 / 777.4 kW | Unmet: 0.0 kW
[2026-04-22 17:14:34] [INFO ] Cycle #59 | Supply: 2266.3 kW
[2026-04-22 17:14:34] [INFO ] [LOCK] Central Hospital — 2.4 kW (life support)
[2026-04-22 17:14:34] [INFO ] [Alloc] Distributed 738.1 / 738.1 kW | Unmet: -0.0 kW
[2026-04-22 17:14:36] [INFO ] Cycle #60 | Supply: 2197.1 kW
[2026-04-22 17:14:36] [INFO ] [LOCK] Central Hospital — 1.9 kW (life support)
[2026-04-22 17:14:36] [INFO ] [Alloc] Distributed 746.8 / 746.8 kW | Unmet: 0.0 kW
[2026-04-22 17:14:38] [INFO ] Cycle #61 | Supply: 2124.1 kW
[2026-04-22 17:14:38] [INFO ] [LOCK] Central Hospital — 2.4 kW (life support)
[2026-04-22 17:14:38] [INFO ] [Alloc] Distributed 671.4 / 671.4 kW | Unmet: -0.0 kW
[2026-04-22 17:14:40] [INFO ] Cycle #62 | Supply: 2141.6 kW
[2026-04-22 17:14:40] [INFO ] [LOCK] Central Hospital — 2.3 kW (life support)
[2026-04-22 17:14:40] [INFO ] [Alloc] Distributed 645.9 / 645.9 kW | Unmet: 0.0 kW
[2026-04-22 17:14:42] [INFO ] Cycle #63 | Supply: 2266.8 kW
[2026-04-22 17:14:42] [INFO ] [LOCK] Central Hospital — 2.6 kW (life support)
[2026-04-22 17:14:42] [INFO ] [Alloc] Distributed 550.3 / 550.3 kW | Unmet: 0.0 kW
[2026-04-22 17:14:44] [INFO ] Cycle #64 | Supply: 2220.6 kW
[2026-04-22 17:14:44] [INFO ] [LOCK] Central Hospital — 2.7 kW (life support)
[2026-04-22 17:14:44] [INFO ] [Alloc] Distributed 574.6 / 574.6 kW | Unmet: -0.0 kW
[2026-04-22 17:14:46] [INFO ] Cycle #65 | Supply: 2085.3 kW
[2026-04-22 17:14:46] [INFO ] [LOCK] Central Hospital — 3.9 kW (life support)
[2026-04-22 17:14:46] [INFO ] [Alloc] Distributed 614.4 / 614.4 kW | Unmet: 0.0 kW
[2026-04-22 17:14:48] [INFO ] Cycle #66 | Supply: 2204.2 kW
[2026-04-22 17:14:48] [INFO ] [LOCK] Central Hospital — 4.1 kW (life support)
[2026-04-22 17:14:48] [INFO ] [Alloc] Distributed 577.5 / 577.5 kW | Unmet: 0.0 kW
[2026-04-22 17:14:50] [INFO ] Cycle #67 | Supply: 2150.7 kW
[2026-04-22 17:14:50] [INFO ] [LOCK] Central Hospital — 4.6 kW (life support)
[2026-04-22 17:14:50] [INFO ] [Alloc] Distributed 551.6 / 551.6 kW | Unmet: 0.0 kW
[2026-04-22 17:14:52] [INFO ] Cycle #68 | Supply: 2002.9 kW
[2026-04-22 17:14:52] [INFO ] [LOCK] Central Hospital — 4.5 kW (life support)
[2026-04-22 17:14:52] [INFO ] [Alloc] Distributed 610.1 / 610.1 kW | Unmet: 0.0 kW
[2026-04-22 17:14:54] [INFO ] Cycle #69 | Supply: 1907.8 kW
[2026-04-22 17:14:54] [INFO ] [LOCK] Central Hospital — 4.0 kW (life support)
[2026-04-22 17:14:54] [INFO ] [Alloc] Distributed 550.7 / 550.7 kW | Unmet: 0.0 kW
[2026-04-22 17:14:56] [INFO ] Cycle #70 | Supply: 2266.0 kW
[2026-04-22 17:14:56] [INFO ] [LOCK] Central Hospital — 4.0 kW (life support)
[2026-04-22 17:14:56] [INFO ] [Alloc] Distributed 518.4 / 518.4 kW | Unmet: 0.0 kW
[2026-04-22 17:14:58] [INFO ] Cycle #71 | Supply: 2300.0 kW
[2026-04-22 17:14:58] [INFO ] [LOCK] Central Hospital — 3.4 kW (life support)
[2026-04-22 17:14:58] [INFO ] [Alloc] Distributed 509.0 / 509.0 kW | Unmet: -0.0 kW
[2026-04-22 17:15:00] [INFO ] Cycle #72 | Supply: 2103.4 kW
[2026-04-22 17:15:00] [INFO ] [LOCK] Central Hospital — 3.3 kW (life support)
[2026-04-22 17:15:00] [INFO ] [Alloc] Distributed 514.8 / 514.8 kW | Unmet: -0.0 kW
[2026-04-22 17:15:02] [INFO ] Cycle #73 | Supply: 2204.6 kW
[2026-04-22 17:15:02] [INFO ] [LOCK] Central Hospital — 2.7 kW (life support)
[2026-04-22 17:15:02] [INFO ] [Alloc] Distributed 448.8 / 448.8 kW | Unmet: 0.0 kW
[2026-04-22 17:15:04] [INFO ] Cycle #74 | Supply: 2271.3 kW
[2026-04-22 17:15:04] [INFO ] [LOCK] Central Hospital — 2.5 kW (life support)
[2026-04-22 17:15:04] [INFO ] [Alloc] Distributed 307.6 / 307.6 kW | Unmet: 0.0 kW
[2026-04-22 17:15:06] [INFO ] Cycle #75 | Supply: 2221.9 kW
[2026-04-22 17:15:06] [INFO ] [LOCK] Central Hospital — 3.2 kW (life support)
[2026-04-22 17:15:06] [INFO ] [Alloc] Distributed 440.2 / 440.2 kW | Unmet: -0.0 kW
[2026-04-22 17:15:08] [INFO ] Cycle #76 | Supply: 2064.1 kW
[2026-04-22 17:15:08] [INFO ] [LOCK] Central Hospital — 4.5 kW (life support)
[2026-04-22 17:15:08] [INFO ] [Alloc] Distributed 432.0 / 432.0 kW | Unmet: 0.0 kW
[2026-04-22 17:15:10] [INFO ] Cycle #77 | Supply: 2300.0 kW
[2026-04-22 17:15:10] [INFO ] [LOCK] Central Hospital — 3.7 kW (life support)
[2026-04-22 17:15:10] [INFO ] [Alloc] Distributed 295.8 / 295.8 kW | Unmet: 0.0 kW
[2026-04-22 17:15:12] [INFO ] Cycle #78 | Supply: 2247.5 kW
[2026-04-22 17:15:12] [INFO ] [LOCK] Central Hospital — 4.1 kW (life support)
[2026-04-22 17:15:12] [INFO ] [Alloc] Distributed 252.0 / 252.0 kW | Unmet: 0.0 kW
[2026-04-22 17:15:14] [INFO ] Cycle #79 | Supply: 2089.3 kW
[2026-04-22 17:15:14] [INFO ] [LOCK] Central Hospital — 5.2 kW (life support)
[2026-04-22 17:15:14] [INFO ] [Alloc] Distributed 238.1 / 238.1 kW | Unmet: 0.0 kW
[2026-04-22 17:15:16] [INFO ] Cycle #80 | Supply: 2190.0 kW
[2026-04-22 17:15:16] [INFO ] [LOCK] Central Hospital — 5.8 kW (life support)
[2026-04-22 17:15:16] [INFO ] [Alloc] Distributed 242.5 / 242.5 kW | Unmet: 0.0 kW
[2026-04-22 17:15:18] [INFO ] Cycle #81 | Supply: 2141.7 kW
[2026-04-22 17:15:18] [INFO ] [LOCK] Central Hospital — 5.6 kW (life support)
[2026-04-22 17:15:18] [INFO ] [Alloc] Distributed 235.5 / 235.5 kW | Unmet: 0.0 kW
[2026-04-22 17:15:20] [INFO ] Cycle #82 | Supply: 2104.1 kW
[2026-04-22 17:15:20] [INFO ] [LOCK] Central Hospital — 6.4 kW (life support)
[2026-04-22 17:15:20] [INFO ] [Alloc] Distributed 215.3 / 215.3 kW | Unmet: 0.0 kW
[2026-04-22 17:15:22] [INFO ] Cycle #83 | Supply: 2210.4 kW
[2026-04-22 17:15:22] [INFO ] [LOCK] Central Hospital — 6.6 kW (life support)
[2026-04-22 17:15:22] [INFO ] [Alloc] Distributed 200.0 / 200.0 kW | Unmet: -0.0 kW
[2026-04-22 17:15:24] [INFO ] Cycle #84 | Supply: 2251.1 kW
[2026-04-22 17:15:24] [INFO ] [LOCK] Central Hospital — 6.0 kW (life support)
[2026-04-22 17:15:24] [INFO ] [Alloc] Distributed 207.9 / 207.9 kW | Unmet: -0.0 kW
[2026-04-22 17:15:26] [INFO ] Cycle #85 | Supply: 2121.9 kW
[2026-04-22 17:15:26] [INFO ] [LOCK] Central Hospital — 7.8 kW (life support)
[2026-04-22 17:15:26] [INFO ] [Alloc] Distributed 208.9 / 208.9 kW | Unmet: 0.0 kW
[2026-04-22 17:15:28] [INFO ] Cycle #86 | Supply: 2147.8 kW
[2026-04-22 17:15:28] [INFO ] [LOCK] Central Hospital — 8.5 kW (life support)
[2026-04-22 17:15:28] [INFO ] [Alloc] Distributed 226.4 / 226.4 kW | Unmet: 0.0 kW
[2026-04-22 17:15:30] [INFO ] Cycle #87 | Supply: 2094.4 kW
[2026-04-22 17:15:30] [INFO ] [LOCK] Central Hospital — 7.9 kW (life support)
[2026-04-22 17:15:30] [INFO ] [Alloc] Distributed 224.7 / 224.7 kW | Unmet: -0.0 kW
[2026-04-22 17:15:32] [INFO ] Cycle #88 | Supply: 2180.4 kW
[2026-04-22 17:15:32] [INFO ] [LOCK] Central Hospital — 8.2 kW (life support)
[2026-04-22 17:15:32] [INFO ] [Alloc] Distributed 209.8 / 209.8 kW | Unmet: 0.0 kW
[2026-04-22 17:15:34] [INFO ] Cycle #89 | Supply: 2291.1 kW
[2026-04-22 17:15:34] [INFO ] [LOCK] Central Hospital — 9.2 kW (life support)
[2026-04-22 17:15:34] [INFO ] [Alloc] Distributed 209.9 / 209.9 kW | Unmet: 0.0 kW
[2026-04-22 17:15:36] [INFO ] Cycle #90 | Supply: 2185.1 kW
[2026-04-22 17:15:36] [INFO ] [LOCK] Central Hospital — 7.5 kW (life support)
[2026-04-22 17:15:36] [INFO ] [Alloc] Distributed 225.7 / 225.7 kW | Unmet: 0.0 kW
[2026-04-22 17:15:38] [INFO ] Cycle #91 | Supply: 2288.2 kW
[2026-04-22 17:15:38] [INFO ] [LOCK] Central Hospital — 6.5 kW (life support)
[2026-04-22 17:15:38] [INFO ] [Alloc] Distributed 235.2 / 235.2 kW | Unmet: 0.0 kW
[2026-04-22 17:15:40] [INFO ] Cycle #92 | Supply: 2059.6 kW
[2026-04-22 17:15:40] [INFO ] [LOCK] Central Hospital — 4.8 kW (life support)
[2026-04-22 17:15:40] [INFO ] [Alloc] Distributed 259.3 / 259.3 kW | Unmet: 0.0 kW
[2026-04-22 17:15:42] [INFO ] Cycle #93 | Supply: 2085.6 kW
[2026-04-22 17:15:42] [INFO ] [LOCK] Central Hospital — 3.7 kW (life support)
[2026-04-22 17:15:42] [INFO ] [Alloc] Distributed 237.5 / 237.5 kW | Unmet: 0.0 kW
[2026-04-22 17:15:44] [INFO ] Cycle #94 | Supply: 2274.1 kW
[2026-04-22 17:15:44] [INFO ] [LOCK] Central Hospital — 3.6 kW (life support)
[2026-04-22 17:15:44] [INFO ] [Alloc] Distributed 216.3 / 216.3 kW | Unmet: 0.0 kW
[2026-04-22 17:15:46] [INFO ] Cycle #95 | Supply: 2044.9 kW
[2026-04-22 17:15:46] [INFO ] [LOCK] Central Hospital — 2.9 kW (life support)
[2026-04-22 17:15:46] [INFO ] [Alloc] Distributed 237.1 / 237.1 kW | Unmet: 0.0 kW
[2026-04-22 17:15:48] [INFO ] Cycle #96 | Supply: 2215.0 kW
[2026-04-22 17:15:48] [INFO ] [LOCK] Central Hospital — 2.8 kW (life support)
[2026-04-22 17:15:48] [INFO ] [Alloc] Distributed 247.4 / 247.4 kW | Unmet: 0.0 kW
[2026-04-22 17:15:50] [INFO ] Cycle #97 | Supply: 2291.0 kW
[2026-04-22 17:15:50] [INFO ] [LOCK] Central Hospital — 2.7 kW (life support)
[2026-04-22 17:15:50] [INFO ] [Alloc] Distributed 256.4 / 256.4 kW | Unmet: 0.0 kW
[2026-04-22 17:15:52] [INFO ] Cycle #98 | Supply: 2195.3 kW
[2026-04-22 17:15:52] [INFO ] [LOCK] Central Hospital — 2.7 kW (life support)
[2026-04-22 17:15:52] [INFO ] [Alloc] Distributed 218.3 / 218.3 kW | Unmet: 0.0 kW
[2026-04-22 17:15:54] [INFO ] Cycle #99 | Supply: 2199.5 kW
[2026-04-22 17:15:54] [INFO ] [LOCK] Central Hospital — 2.9 kW (life support)
[2026-04-22 17:15:54] [INFO ] [Alloc] Distributed 209.6 / 209.6 kW | Unmet: 0.0 kW
[2026-04-22 17:15:56] [INFO ] Cycle #100 | Supply: 2300.0 kW
[2026-04-22 17:15:56] [INFO ] [LOCK] Central Hospital — 3.0 kW (life support)
[2026-04-22 17:15:56] [INFO ] [Alloc] Distributed 206.4 / 206.4 kW | Unmet: 0.0 kW
[2026-04-22 17:15:58] [INFO ] Cycle #101 | Supply: 2241.2 kW
[2026-04-22 17:15:58] [INFO ] [LOCK] Central Hospital — 4.1 kW (life support)
[2026-04-22 17:15:58] [INFO ] [Alloc] Distributed 191.2 / 191.2 kW | Unmet: 0.0 kW
[2026-04-22 17:16:00] [INFO ] Cycle #102 | Supply: 2247.4 kW
[2026-04-22 17:16:00] [INFO ] [LOCK] Central Hospital — 4.6 kW (life support)
[2026-04-22 17:16:00] [INFO ] [Alloc] Distributed 182.1 / 182.1 kW | Unmet: 0.0 kW
[2026-04-22 17:16:02] [INFO ] Cycle #103 | Supply: 2016.1 kW
[2026-04-22 17:16:02] [INFO ] [LOCK] Central Hospital — 5.6 kW (life support)
[2026-04-22 17:16:02] [INFO ] [Alloc] Distributed 186.0 / 186.0 kW | Unmet: -0.0 kW
[2026-04-22 17:16:04] [INFO ] Cycle #104 | Supply: 2232.7 kW
[2026-04-22 17:16:04] [INFO ] [LOCK] Central Hospital — 5.8 kW (life support)
[2026-04-22 17:16:04] [INFO ] [Alloc] Distributed 174.6 / 174.6 kW | Unmet: 0.0 kW
[2026-04-22 17:16:06] [INFO ] Cycle #105 | Supply: 2250.7 kW
[2026-04-22 17:16:06] [INFO ] [LOCK] Central Hospital — 5.9 kW (life support)
[2026-04-22 17:16:06] [INFO ] [Alloc] Distributed 182.1 / 182.1 kW | Unmet: -0.0 kW
[2026-04-22 17:16:08] [INFO ] Cycle #106 | Supply: 2197.2 kW
[2026-04-22 17:16:08] [INFO ] [LOCK] Central Hospital — 6.4 kW (life support)
[2026-04-22 17:16:08] [INFO ] [Alloc] Distributed 189.7 / 189.7 kW | Unmet: 0.0 kW
[2026-04-22 17:16:10] [INFO ] Cycle #107 | Supply: 2014.7 kW
[2026-04-22 17:16:10] [INFO ] [LOCK] Central Hospital — 6.6 kW (life support)
[2026-04-22 17:16:10] [INFO ] [Alloc] Distributed 181.7 / 181.7 kW | Unmet: 0.0 kW
[2026-04-22 17:16:12] [INFO ] Cycle #108 | Supply: 2168.7 kW
[2026-04-22 17:16:12] [INFO ] [LOCK] Central Hospital — 7.9 kW (life support)
[2026-04-22 17:16:12] [INFO ] [Alloc] Distributed 178.5 / 178.5 kW | Unmet: 0.0 kW
[2026-04-22 17:16:14] [INFO ] Cycle #109 | Supply: 2101.9 kW
[2026-04-22 17:16:14] [INFO ] [LOCK] Central Hospital — 7.2 kW (life support)
[2026-04-22 17:16:14] [INFO ] [Alloc] Distributed 197.9 / 197.9 kW | Unmet: 0.0 kW
[2026-04-22 17:16:16] [INFO ] Cycle #110 | Supply: 2098.0 kW
[2026-04-22 17:16:16] [INFO ] [LOCK] Central Hospital — 6.7 kW (life support)
[2026-04-22 17:16:16] [INFO ] [Alloc] Distributed 208.0 / 208.0 kW | Unmet: -0.0 kW
[2026-04-22 17:16:18] [INFO ] Cycle #111 | Supply: 2168.3 kW
[2026-04-22 17:16:18] [INFO ] [LOCK] Central Hospital — 4.6 kW (life support)
[2026-04-22 17:16:18] [INFO ] [Alloc] Distributed 204.2 / 204.2 kW | Unmet: 0.0 kW
[2026-04-22 17:16:20] [INFO ] Cycle #112 | Supply: 2300.0 kW
[2026-04-22 17:16:20] [INFO ] [LOCK] Central Hospital — 5.2 kW (life support)
[2026-04-22 17:16:20] [INFO ] [Alloc] Distributed 387.9 / 387.9 kW | Unmet: 0.0 kW
[2026-04-22 17:16:22] [INFO ] Cycle #113 | Supply: 1900.3 kW
[2026-04-22 17:16:22] [INFO ] [LOCK] Central Hospital — 5.1 kW (life support)
[2026-04-22 17:16:22] [INFO ] [Alloc] Distributed 416.9 / 416.9 kW | Unmet: 0.0 kW
[2026-04-22 17:16:24] [INFO ] Cycle #114 | Supply: 2265.1 kW
[2026-04-22 17:16:24] [INFO ] [LOCK] Central Hospital — 5.0 kW (life support)
[2026-04-22 17:16:24] [INFO ] [Alloc] Distributed 376.6 / 376.6 kW | Unmet: -0.0 kW
[2026-04-22 17:16:26] [INFO ] Cycle #115 | Supply: 2073.5 kW
[2026-04-22 17:16:26] [INFO ] [LOCK] Central Hospital — 4.9 kW (life support)
[2026-04-22 17:16:26] [INFO ] [Alloc] Distributed 371.2 / 371.2 kW | Unmet: 0.0 kW
[2026-04-22 17:16:28] [INFO ] Cycle #116 | Supply: 2067.3 kW
[2026-04-22 17:16:28] [INFO ] [LOCK] Central Hospital — 6.1 kW (life support)
[2026-04-22 17:16:28] [INFO ] [Alloc] Distributed 368.7 / 368.7 kW | Unmet: 0.0 kW
[2026-04-22 17:16:30] [INFO ] Cycle #117 | Supply: 1975.1 kW
[2026-04-22 17:16:30] [INFO ] [LOCK] Central Hospital — 5.5 kW (life support)
[2026-04-22 17:16:30] [INFO ] [Alloc] Distributed 412.6 / 412.6 kW | Unmet: 0.0 kW
[2026-04-22 17:16:32] [INFO ] Cycle #118 | Supply: 2267.3 kW
[2026-04-22 17:16:32] [INFO ] [LOCK] Central Hospital — 5.5 kW (life support)
[2026-04-22 17:16:32] [INFO ] [Alloc] Distributed 389.1 / 389.1 kW | Unmet: 0.0 kW
[2026-04-22 17:16:34] [INFO ] Cycle #119 | Supply: 2155.1 kW
[2026-04-22 17:16:34] [INFO ] [LOCK] Central Hospital — 5.3 kW (life support)
[2026-04-22 17:16:34] [INFO ] [Alloc] Distributed 405.2 / 405.2 kW | Unmet: 0.0 kW
[2026-04-22 17:16:36] [INFO ] Cycle #120 | Supply: 2086.3 kW
[2026-04-22 17:16:36] [INFO ] [LOCK] Central Hospital — 5.5 kW (life support)
[2026-04-22 17:16:36] [INFO ] [Alloc] Distributed 387.2 / 387.2 kW | Unmet: 0.0 kW
[2026-04-22 17:16:38] [INFO ] Cycle #121 | Supply: 2113.2 kW
[2026-04-22 17:16:38] [INFO ] [LOCK] Central Hospital — 5.8 kW (life support)
[2026-04-22 17:16:38] [INFO ] [Alloc] Distributed 421.8 / 421.8 kW | Unmet: 0.0 kW
[2026-04-22 17:16:40] [INFO ] Cycle #122 | Supply: 2225.9 kW
[2026-04-22 17:16:40] [INFO ] [LOCK] Central Hospital — 5.1 kW (life support)
[2026-04-22 17:16:40] [INFO ] [Alloc] Distributed 501.1 / 501.1 kW | Unmet: 0.0 kW
[2026-04-22 17:16:42] [INFO ] Cycle #123 | Supply: 2187.6 kW
[2026-04-22 17:16:42] [INFO ] [LOCK] Central Hospital — 5.8 kW (life support)
[2026-04-22 17:16:42] [INFO ] [Alloc] Distributed 499.4 / 499.4 kW | Unmet: 0.0 kW
[2026-04-22 17:16:44] [INFO ] Cycle #124 | Supply: 1980.3 kW
[2026-04-22 17:16:44] [INFO ] [LOCK] Central Hospital — 5.0 kW (life support)
[2026-04-22 17:16:44] [INFO ] [Alloc] Distributed 517.3 / 517.3 kW | Unmet: 0.0 kW
[2026-04-22 17:16:46] [INFO ] Cycle #125 | Supply: 2300.0 kW
[2026-04-22 17:16:46] [INFO ] [LOCK] Central Hospital — 5.4 kW (life support)
[2026-04-22 17:16:46] [INFO ] [Alloc] Distributed 528.2 / 528.2 kW | Unmet: 0.0 kW
[2026-04-22 17:16:48] [INFO ] Cycle #126 | Supply: 2112.2 kW
[2026-04-22 17:16:48] [INFO ] [LOCK] Central Hospital — 6.7 kW (life support)
[2026-04-22 17:16:48] [INFO ] [Alloc] Distributed 506.2 / 506.2 kW | Unmet: 0.0 kW
[2026-04-22 17:16:50] [INFO ] Cycle #127 | Supply: 2207.8 kW
[2026-04-22 17:16:50] [INFO ] [LOCK] Central Hospital — 6.6 kW (life support)
[2026-04-22 17:16:50] [INFO ] [Alloc] Distributed 550.1 / 550.1 kW | Unmet: 0.0 kW
[2026-04-22 17:16:52] [INFO ] Cycle #128 | Supply: 1894.3 kW
[2026-04-22 17:16:52] [INFO ] [LOCK] Central Hospital — 6.1 kW (life support)
[2026-04-22 17:16:52] [INFO ] [Alloc] Distributed 521.9 / 521.9 kW | Unmet: 0.0 kW
[2026-04-22 17:16:54] [INFO ] Cycle #129 | Supply: 2190.6 kW
[2026-04-22 17:16:54] [INFO ] [LOCK] Central Hospital — 5.7 kW (life support)
[2026-04-22 17:16:54] [INFO ] [Alloc] Distributed 588.8 / 588.8 kW | Unmet: 0.0 kW
[2026-04-22 17:16:56] [INFO ] Cycle #130 | Supply: 2166.5 kW
[2026-04-22 17:16:56] [INFO ] [LOCK] Central Hospital — 4.1 kW (life support)
[2026-04-22 17:16:56] [INFO ] [Alloc] Distributed 614.3 / 614.3 kW | Unmet: 0.0 kW
[2026-04-22 17:16:58] [INFO ] Cycle #131 | Supply: 2234.0 kW
[2026-04-22 17:16:58] [INFO ] [LOCK] Central Hospital — 5.4 kW (life support)
[2026-04-22 17:16:58] [INFO ] [Alloc] Distributed 624.8 / 624.8 kW | Unmet: 0.0 kW
[2026-04-22 17:17:00] [INFO ] Cycle #132 | Supply: 2195.9 kW
[2026-04-22 17:17:00] [INFO ] [LOCK] Central Hospital — 7.0 kW (life support)
[2026-04-22 17:17:00] [INFO ] [Alloc] Distributed 589.2 / 589.2 kW | Unmet: 0.0 kW
[2026-04-22 17:17:02] [INFO ] Cycle #133 | Supply: 2127.9 kW
[2026-04-22 17:17:02] [INFO ] [LOCK] Central Hospital — 7.1 kW (life support)
[2026-04-22 17:17:02] [INFO ] [Alloc] Distributed 528.7 / 528.7 kW | Unmet: 0.0 kW
[2026-04-22 17:17:04] [INFO ] Cycle #134 | Supply: 2124.5 kW
[2026-04-22 17:17:04] [INFO ] [LOCK] Central Hospital — 7.2 kW (life support)
[2026-04-22 17:17:04] [INFO ] [Alloc] Distributed 514.4 / 514.4 kW | Unmet: 0.0 kW
[2026-04-22 17:17:06] [INFO ] Cycle #135 | Supply: 1935.4 kW
[2026-04-22 17:17:06] [INFO ] [LOCK] Central Hospital — 8.7 kW (life support)
[2026-04-22 17:17:06] [INFO ] [Alloc] Distributed 514.4 / 514.4 kW | Unmet: -0.0 kW
[2026-04-22 17:17:08] [INFO ] Cycle #136 | Supply: 2123.0 kW
[2026-04-22 17:17:08] [INFO ] [LOCK] Central Hospital — 10.3 kW (life support)
[2026-04-22 17:17:08] [INFO ] [Alloc] Distributed 491.3 / 491.3 kW | Unmet: 0.0 kW
[2026-04-22 17:17:10] [INFO ] Cycle #137 | Supply: 2298.9 kW
[2026-04-22 17:17:10] [INFO ] [LOCK] Central Hospital — 9.3 kW (life support)
[2026-04-22 17:17:10] [INFO ] [Alloc] Distributed 553.3 / 553.3 kW | Unmet: 0.0 kW
[2026-04-22 17:17:12] [INFO ] Cycle #138 | Supply: 2209.7 kW
[2026-04-22 17:17:12] [INFO ] [LOCK] Central Hospital — 11.6 kW (life support)
[2026-04-22 17:17:12] [INFO ] [Alloc] Distributed 510.2 / 510.2 kW | Unmet: 0.0 kW
[2026-04-22 17:17:14] [INFO ] Cycle #139 | Supply: 2112.5 kW
[2026-04-22 17:17:14] [INFO ] [LOCK] Central Hospital — 13.4 kW (life support)
[2026-04-22 17:17:14] [INFO ] [Alloc] Distributed 491.2 / 491.2 kW | Unmet: 0.0 kW
[2026-04-22 17:17:16] [INFO ] Cycle #140 | Supply: 2116.0 kW
[2026-04-22 17:17:16] [INFO ] [LOCK] Central Hospital — 13.7 kW (life support)
[2026-04-22 17:17:16] [INFO ] [Alloc] Distributed 448.6 / 448.6 kW | Unmet: 0.0 kW
[2026-04-22 17:17:18] [INFO ] Cycle #141 | Supply: 2248.2 kW
[2026-04-22 17:17:18] [INFO ] [LOCK] Central Hospital — 14.4 kW (life support)
[2026-04-22 17:17:18] [INFO ] [Alloc] Distributed 482.4 / 482.4 kW | Unmet: 0.0 kW
[2026-04-22 17:17:20] [INFO ] Cycle #142 | Supply: 2116.4 kW
[2026-04-22 17:17:20] [INFO ] [LOCK] Central Hospital — 17.0 kW (life support)
[2026-04-22 17:17:20] [INFO ] [Alloc] Distributed 485.2 / 485.2 kW | Unmet: 0.0 kW
[2026-04-22 17:17:22] [INFO ] Cycle #143 | Supply: 2162.8 kW
[2026-04-22 17:17:22] [INFO ] [LOCK] Central Hospital — 13.5 kW (life support)
[2026-04-22 17:17:22] [INFO ] [Alloc] Distributed 511.6 / 511.6 kW | Unmet: -0.0 kW
[2026-04-22 17:17:24] [INFO ] Cycle #144 | Supply: 2099.8 kW
[2026-04-22 17:17:24] [INFO ] [LOCK] Central Hospital — 12.0 kW (life support)
[2026-04-22 17:17:24] [INFO ] [Alloc] Distributed 483.5 / 483.5 kW | Unmet: 0.0 kW
[2026-04-22 17:17:26] [INFO ] Cycle #145 | Supply: 2248.7 kW
[2026-04-22 17:17:26] [INFO ] [LOCK] Central Hospital — 11.0 kW (life support)
[2026-04-22 17:17:26] [INFO ] [Alloc] Distributed 433.1 / 433.1 kW | Unmet: 0.0 kW
[2026-04-22 17:17:28] [INFO ] Cycle #146 | Supply: 2195.0 kW
[2026-04-22 17:17:28] [INFO ] [LOCK] Central Hospital — 8.8 kW (life support)
[2026-04-22 17:17:28] [INFO ] [Alloc] Distributed 423.2 / 423.2 kW | Unmet: 0.0 kW
[2026-04-22 17:17:30] [INFO ] Cycle #147 | Supply: 2065.2 kW
[2026-04-22 17:17:30] [INFO ] [LOCK] Central Hospital — 8.3 kW (life support)
[2026-04-22 17:17:30] [INFO ] [Alloc] Distributed 429.6 / 429.6 kW | Unmet: 0.0 kW
[2026-04-22 17:17:32] [INFO ] Cycle #148 | Supply: 2229.3 kW
[2026-04-22 17:17:32] [INFO ] [LOCK] Central Hospital — 6.9 kW (life support)
[2026-04-22 17:17:32] [INFO ] [Alloc] Distributed 427.0 / 427.0 kW | Unmet: 0.0 kW
[2026-04-22 17:17:34] [INFO ] Cycle #149 | Supply: 1989.9 kW
[2026-04-22 17:17:34] [INFO ] [LOCK] Central Hospital — 7.1 kW (life support)
[2026-04-22 17:17:34] [INFO ] [Alloc] Distributed 370.4 / 370.4 kW | Unmet: 0.0 kW
[2026-04-22 17:17:36] [INFO ] Cycle #150 | Supply: 1828.1 kW
[2026-04-22 17:17:36] [INFO ] [LOCK] Central Hospital — 6.4 kW (life support)
[2026-04-22 17:17:36] [INFO ] [Alloc] Distributed 350.4 / 350.4 kW | Unmet: 0.0 kW
[2026-04-22 17:17:38] [INFO ] Cycle #151 | Supply: 2300.0 kW
[2026-04-22 17:17:38] [INFO ] [LOCK] Central Hospital — 5.6 kW (life support)
[2026-04-22 17:17:38] [INFO ] [Alloc] Distributed 386.2 / 386.2 kW | Unmet: 0.0 kW
[2026-04-22 17:17:40] [INFO ] Cycle #152 | Supply: 2260.2 kW
[2026-04-22 17:17:40] [INFO ] [LOCK] Central Hospital — 7.2 kW (life support)
[2026-04-22 17:17:40] [INFO ] [Alloc] Distributed 361.3 / 361.3 kW | Unmet: 0.0 kW
[2026-04-22 17:17:42] [INFO ] Cycle #153 | Supply: 2212.6 kW
[2026-04-22 17:17:42] [INFO ] [LOCK] Central Hospital — 7.1 kW (life support)
[2026-04-22 17:17:42] [INFO ] [Alloc] Distributed 353.2 / 353.2 kW | Unmet: 0.0 kW
[2026-04-22 17:17:44] [INFO ] Cycle #154 | Supply: 2255.5 kW
[2026-04-22 17:17:44] [INFO ] [LOCK] Central Hospital — 8.7 kW (life support)
[2026-04-22 17:17:44] [INFO ] [Alloc] Distributed 353.6 / 353.6 kW | Unmet: 0.0 kW
[2026-04-22 17:17:46] [INFO ] Cycle #155 | Supply: 2070.8 kW
[2026-04-22 17:17:46] [INFO ] [LOCK] Central Hospital — 10.7 kW (life support)
[2026-04-22 17:17:46] [INFO ] [Alloc] Distributed 361.8 / 361.8 kW | Unmet: 0.0 kW
[2026-04-22 17:17:48] [INFO ] Cycle #156 | Supply: 2241.6 kW
[2026-04-22 17:17:48] [INFO ] [LOCK] Central Hospital — 11.5 kW (life support)
[2026-04-22 17:17:48] [INFO ] [Alloc] Distributed 370.6 / 370.6 kW | Unmet: 0.0 kW
[2026-04-22 17:17:50] [INFO ] Cycle #157 | Supply: 2113.4 kW
[2026-04-22 17:17:50] [INFO ] [LOCK] Central Hospital — 11.8 kW (life support)
[2026-04-22 17:17:50] [INFO ] [Alloc] Distributed 378.3 / 378.3 kW | Unmet: 0.0 kW
[2026-04-22 17:17:52] [INFO ] Cycle #158 | Supply: 2279.5 kW
[2026-04-22 17:17:52] [INFO ] [LOCK] Central Hospital — 10.4 kW (life support)
[2026-04-22 17:17:52] [INFO ] [Alloc] Distributed 331.4 / 331.4 kW | Unmet: 0.0 kW
[2026-04-22 17:17:54] [INFO ] Cycle #159 | Supply: 2267.2 kW
[2026-04-22 17:17:54] [INFO ] [LOCK] Central Hospital — 8.1 kW (life support)
[2026-04-22 17:17:54] [INFO ] [Alloc] Distributed 316.5 / 316.5 kW | Unmet: 0.0 kW
[2026-04-22 17:17:56] [INFO ] Cycle #160 | Supply: 1972.4 kW
[2026-04-22 17:17:56] [INFO ] [LOCK] Central Hospital — 7.8 kW (life support)
[2026-04-22 17:17:56] [INFO ] [Alloc] Distributed 336.1 / 336.1 kW | Unmet: 0.0 kW
[2026-04-22 17:17:58] [INFO ] Cycle #161 | Supply: 2176.4 kW
[2026-04-22 17:17:58] [INFO ] [LOCK] Central Hospital — 9.0 kW (life support)
[2026-04-22 17:17:58] [INFO ] [Alloc] Distributed 346.2 / 346.2 kW | Unmet: 0.0 kW
[2026-04-22 17:18:00] [INFO ] Cycle #162 | Supply: 2042.0 kW
[2026-04-22 17:18:00] [INFO ] [LOCK] Central Hospital — 8.3 kW (life support)
[2026-04-22 17:18:00] [INFO ] [Alloc] Distributed 358.8 / 358.8 kW | Unmet: 0.0 kW
[2026-04-22 17:18:02] [INFO ] Cycle #163 | Supply: 2300.0 kW
[2026-04-22 17:18:02] [INFO ] [LOCK] Central Hospital — 7.8 kW (life support)
[2026-04-22 17:18:02] [INFO ] [Alloc] Distributed 352.5 / 352.5 kW | Unmet: 0.0 kW
[2026-04-22 17:18:04] [INFO ] Cycle #164 | Supply: 2234.2 kW
[2026-04-22 17:18:04] [INFO ] [LOCK] Central Hospital — 5.9 kW (life support)
[2026-04-22 17:18:04] [INFO ] [Alloc] Distributed 366.4 / 366.4 kW | Unmet: 0.0 kW
[2026-04-22 17:18:06] [INFO ] Cycle #165 | Supply: 2234.1 kW
[2026-04-22 17:18:06] [INFO ] [LOCK] Central Hospital — 6.9 kW (life support)
[2026-04-22 17:18:06] [INFO ] [Alloc] Distributed 376.5 / 376.5 kW | Unmet: 0.0 kW
[2026-04-22 17:18:08] [INFO ] Cycle #166 | Supply: 2278.8 kW
[2026-04-22 17:18:08] [INFO ] [LOCK] Central Hospital — 5.5 kW (life support)
[2026-04-22 17:18:08] [INFO ] [Alloc] Distributed 348.0 / 348.0 kW | Unmet: 0.0 kW
[2026-04-22 17:18:10] [INFO ] Cycle #167 | Supply: 2282.1 kW
[2026-04-22 17:18:10] [INFO ] [LOCK] Central Hospital — 4.9 kW (life support)
[2026-04-22 17:18:10] [INFO ] [Alloc] Distributed 353.9 / 353.9 kW | Unmet: -0.0 kW
[2026-04-22 17:18:12] [INFO ] Cycle #168 | Supply: 2056.0 kW
[2026-04-22 17:18:12] [INFO ] [LOCK] Central Hospital — 5.3 kW (life support)
[2026-04-22 17:18:12] [INFO ] [Alloc] Distributed 343.7 / 343.7 kW | Unmet: 0.0 kW
[2026-04-22 17:18:14] [INFO ] Cycle #169 | Supply: 1977.3 kW
[2026-04-22 17:18:14] [INFO ] [LOCK] Central Hospital — 6.3 kW (life support)
[2026-04-22 17:18:14] [INFO ] [Alloc] Distributed 339.6 / 339.6 kW | Unmet: 0.0 kW
[2026-04-22 17:18:16] [INFO ] Cycle #170 | Supply: 2295.4 kW
[2026-04-22 17:18:16] [INFO ] [LOCK] Central Hospital — 7.1 kW (life support)
[2026-04-22 17:18:16] [INFO ] [Alloc] Distributed 325.1 / 325.1 kW | Unmet: 0.0 kW
[2026-04-22 17:18:18] [INFO ] Cycle #171 | Supply: 2221.6 kW
[2026-04-22 17:18:18] [INFO ] [LOCK] Central Hospital — 7.6 kW (life support)
[2026-04-22 17:18:18] [INFO ] [Alloc] Distributed 315.3 / 315.3 kW | Unmet: -0.0 kW
[2026-04-22 17:18:20] [INFO ] Cycle #172 | Supply: 2085.0 kW
[2026-04-22 17:18:20] [INFO ] [LOCK] Central Hospital — 9.1 kW (life support)
[2026-04-22 17:18:20] [INFO ] [Alloc] Distributed 295.0 / 295.0 kW | Unmet: -0.0 kW
[2026-04-22 17:18:22] [INFO ] Cycle #173 | Supply: 2038.7 kW
[2026-04-22 17:18:22] [INFO ] [LOCK] Central Hospital — 8.6 kW (life support)
[2026-04-22 17:18:22] [INFO ] [Alloc] Distributed 302.3 / 302.3 kW | Unmet: 0.0 kW
[2026-04-22 17:18:24] [INFO ] Cycle #174 | Supply: 2089.3 kW
[2026-04-22 17:18:24] [INFO ] [LOCK] Central Hospital — 8.1 kW (life support)
[2026-04-22 17:18:24] [INFO ] [Alloc] Distributed 321.1 / 321.1 kW | Unmet: 0.0 kW
[2026-04-22 17:18:26] [INFO ] Cycle #175 | Supply: 2134.0 kW
[2026-04-22 17:18:26] [INFO ] [LOCK] Central Hospital — 9.0 kW (life support)
[2026-04-22 17:18:26] [INFO ] [Alloc] Distributed 326.7 / 326.7 kW | Unmet: 0.0 kW
[2026-04-22 17:18:28] [INFO ] Cycle #176 | Supply: 2101.7 kW
[2026-04-22 17:18:28] [INFO ] [LOCK] Central Hospital — 9.8 kW (life support)
[2026-04-22 17:18:28] [INFO ] [Alloc] Distributed 332.1 / 332.1 kW | Unmet: 0.0 kW
[2026-04-22 17:18:30] [INFO ] Cycle #177 | Supply: 2123.4 kW
[2026-04-22 17:18:30] [INFO ] [LOCK] Central Hospital — 8.4 kW (life support)
[2026-04-22 17:18:30] [INFO ] [Alloc] Distributed 326.8 / 326.8 kW | Unmet: 0.0 kW
[2026-04-22 17:18:32] [INFO ] Cycle #178 | Supply: 2300.0 kW
[2026-04-22 17:18:32] [INFO ] [LOCK] Central Hospital — 6.9 kW (life support)
[2026-04-22 17:18:32] [INFO ] [Alloc] Distributed 352.4 / 352.4 kW | Unmet: 0.0 kW
[2026-04-22 17:18:34] [INFO ] Cycle #179 | Supply: 2166.9 kW
[2026-04-22 17:18:34] [INFO ] [LOCK] Central Hospital — 6.0 kW (life support)
[2026-04-22 17:18:34] [INFO ] [Alloc] Distributed 353.4 / 353.4 kW | Unmet: 0.0 kW
[2026-04-22 17:18:36] [INFO ] Cycle #180 | Supply: 2051.2 kW
[2026-04-22 17:18:36] [INFO ] [LOCK] Central Hospital — 5.2 kW (life support)
[2026-04-22 17:18:36] [INFO ] [Alloc] Distributed 359.9 / 359.9 kW | Unmet: 0.0 kW
[2026-04-22 17:18:38] [INFO ] Cycle #181 | Supply: 2219.5 kW
[2026-04-22 17:18:38] [INFO ] [LOCK] Central Hospital — 5.6 kW (life support)
[2026-04-22 17:18:38] [INFO ] [Alloc] Distributed 358.1 / 358.1 kW | Unmet: 0.0 kW
[2026-04-22 17:18:40] [INFO ] Cycle #182 | Supply: 2300.0 kW
[2026-04-22 17:18:40] [INFO ] [LOCK] Central Hospital — 5.0 kW (life support)
[2026-04-22 17:18:40] [INFO ] [Alloc] Distributed 359.4 / 359.4 kW | Unmet: 0.0 kW
[2026-04-22 17:18:42] [INFO ] Cycle #183 | Supply: 2094.2 kW
[2026-04-22 17:18:42] [INFO ] [LOCK] Central Hospital — 3.9 kW (life support)
[2026-04-22 17:18:42] [INFO ] [Alloc] Distributed 347.3 / 347.3 kW | Unmet: 0.0 kW
[2026-04-22 17:18:44] [INFO ] Cycle #184 | Supply: 1980.4 kW
[2026-04-22 17:18:44] [INFO ] [LOCK] Central Hospital — 4.2 kW (life support)
[2026-04-22 17:18:44] [INFO ] [Alloc] Distributed 326.5 / 326.5 kW | Unmet: 0.0 kW
[2026-04-22 17:18:46] [INFO ] Cycle #185 | Supply: 2169.5 kW
[2026-04-22 17:18:46] [INFO ] [LOCK] Central Hospital — 5.0 kW (life support)
[2026-04-22 17:18:46] [INFO ] [Alloc] Distributed 316.8 / 316.8 kW | Unmet: 0.0 kW
[2026-04-22 17:18:48] [INFO ] Cycle #186 | Supply: 2133.5 kW
[2026-04-22 17:18:48] [INFO ] [LOCK] Central Hospital — 4.4 kW (life support)
[2026-04-22 17:18:48] [INFO ] [Alloc] Distributed 331.8 / 331.8 kW | Unmet: -0.0 kW
[2026-04-22 17:18:51] [INFO ] Cycle #187 | Supply: 2226.0 kW
[2026-04-22 17:18:51] [INFO ] [LOCK] Central Hospital — 4.4 kW (life support)
[2026-04-22 17:18:51] [INFO ] [Alloc] Distributed 342.9 / 342.9 kW | Unmet: 0.0 kW
[2026-04-22 17:18:53] [INFO ] Cycle #188 | Supply: 2236.0 kW
[2026-04-22 17:18:53] [INFO ] [LOCK] Central Hospital — 5.3 kW (life support)
[2026-04-22 17:18:53] [INFO ] [Alloc] Distributed 318.7 / 318.7 kW | Unmet: 0.0 kW
[2026-04-22 17:18:55] [INFO ] Cycle #189 | Supply: 2092.9 kW
[2026-04-22 17:18:55] [INFO ] [LOCK] Central Hospital — 5.5 kW (life support)
[2026-04-22 17:18:55] [INFO ] [Alloc] Distributed 320.9 / 320.9 kW | Unmet: 0.0 kW
[2026-04-22 17:18:57] [INFO ] Cycle #190 | Supply: 2215.3 kW
[2026-04-22 17:18:57] [INFO ] [LOCK] Central Hospital — 6.4 kW (life support)
[2026-04-22 17:18:57] [INFO ] [Alloc] Distributed 283.4 / 283.4 kW | Unmet: 0.0 kW
[2026-04-22 17:18:59] [INFO ] Cycle #191 | Supply: 2064.9 kW
[2026-04-22 17:18:59] [INFO ] [LOCK] Central Hospital — 7.9 kW (life support)
[2026-04-22 17:18:59] [INFO ] [Alloc] Distributed 317.7 / 317.7 kW | Unmet: 0.0 kW
[2026-04-22 17:19:01] [INFO ] Cycle #192 | Supply: 2212.9 kW
[2026-04-22 17:19:01] [INFO ] [LOCK] Central Hospital — 6.4 kW (life support)
[2026-04-22 17:19:01] [INFO ] [Alloc] Distributed 345.8 / 345.8 kW | Unmet: -0.0 kW
[2026-04-22 17:19:03] [INFO ] Cycle #193 | Supply: 2251.7 kW
[2026-04-22 17:19:03] [INFO ] [LOCK] Central Hospital — 6.4 kW (life support)
[2026-04-22 17:19:03] [INFO ] [Alloc] Distributed 339.3 / 339.3 kW | Unmet: 0.0 kW
[2026-04-22 17:19:05] [INFO ] Cycle #194 | Supply: 2262.3 kW
[2026-04-22 17:19:05] [INFO ] [LOCK] Central Hospital — 7.3 kW (life support)
[2026-04-22 17:19:05] [INFO ] [Alloc] Distributed 378.6 / 378.6 kW | Unmet: 0.0 kW
[2026-04-22 17:19:07] [INFO ] Cycle #195 | Supply: 2221.9 kW
[2026-04-22 17:19:07] [INFO ] [LOCK] Central Hospital — 8.7 kW (life support)
[2026-04-22 17:19:07] [INFO ] [Alloc] Distributed 345.4 / 345.4 kW | Unmet: 0.0 kW
[2026-04-22 17:19:09] [INFO ] Cycle #196 | Supply: 2126.2 kW
[2026-04-22 17:19:09] [INFO ] [LOCK] Central Hospital — 10.7 kW (life support)
[2026-04-22 17:19:09] [INFO ] [Alloc] Distributed 322.1 / 322.1 kW | Unmet: 0.0 kW
[2026-04-22 17:19:11] [INFO ] Cycle #197 | Supply: 2206.2 kW
[2026-04-22 17:19:11] [INFO ] [LOCK] Central Hospital — 8.6 kW (life support)
[2026-04-22 17:19:11] [INFO ] [Alloc] Distributed 279.9 / 279.9 kW | Unmet: -0.0 kW
[2026-04-22 17:19:13] [INFO ] Cycle #198 | Supply: 2129.0 kW
[2026-04-22 17:19:13] [INFO ] [LOCK] Central Hospital — 10.8 kW (life support)
[2026-04-22 17:19:13] [INFO ] [Alloc] Distributed 272.8 / 272.8 kW | Unmet: 0.0 kW
[2026-04-22 17:19:15] [INFO ] Cycle #199 | Supply: 2210.6 kW
[2026-04-22 17:19:15] [INFO ] [LOCK] Central Hospital — 12.0 kW (life support)
[2026-04-22 17:19:15] [INFO ] [Alloc] Distributed 260.9 / 260.9 kW | Unmet: 0.0 kW
[2026-04-22 17:19:17] [INFO ] Cycle #200 | Supply: 2252.7 kW
[2026-04-22 17:19:17] [INFO ] [LOCK] Central Hospital — 9.3 kW (life support)
[2026-04-22 17:19:17] [INFO ] [Alloc] Distributed 299.4 / 299.4 kW | Unmet: 0.0 kW
[2026-04-22 17:19:19] [INFO ] Cycle #201 | Supply: 2280.8 kW
[2026-04-22 17:19:19] [INFO ] [LOCK] Central Hospital — 10.7 kW (life support)
[2026-04-22 17:19:19] [INFO ] [Alloc] Distributed 332.7 / 332.7 kW | Unmet: -0.0 kW
[2026-04-22 17:19:21] [INFO ] Cycle #202 | Supply: 2240.2 kW
[2026-04-22 17:19:21] [INFO ] [LOCK] Central Hospital — 9.9 kW (life support)
[2026-04-22 17:19:21] [INFO ] [Alloc] Distributed 326.3 / 326.3 kW | Unmet: 0.0 kW
[2026-04-22 17:19:23] [INFO ] Cycle #203 | Supply: 2174.4 kW
[2026-04-22 17:19:23] [INFO ] [LOCK] Central Hospital — 12.1 kW (life support)
[2026-04-22 17:19:23] [INFO ] [Alloc] Distributed 372.8 / 372.8 kW | Unmet: -0.0 kW
[2026-04-22 17:19:25] [INFO ] Cycle #204 | Supply: 2029.1 kW
[2026-04-22 17:19:25] [INFO ] [LOCK] Central Hospital — 12.5 kW (life support)
[2026-04-22 17:19:25] [INFO ] [Alloc] Distributed 378.6 / 378.6 kW | Unmet: 0.0 kW
[2026-04-22 17:19:27] [INFO ] Cycle #205 | Supply: 1928.2 kW
[2026-04-22 17:19:27] [INFO ] [LOCK] Central Hospital — 12.2 kW (life support)
[2026-04-22 17:19:27] [INFO ] [Alloc] Distributed 364.7 / 364.7 kW | Unmet: 0.0 kW
[2026-04-22 17:19:29] [INFO ] Cycle #206 | Supply: 2130.0 kW
[2026-04-22 17:19:29] [INFO ] [LOCK] Central Hospital — 9.5 kW (life support)
[2026-04-22 17:19:29] [INFO ] [Alloc] Distributed 363.3 / 363.3 kW | Unmet: 0.0 kW
[2026-04-22 17:19:31] [INFO ] Cycle #207 | Supply: 1945.5 kW
[2026-04-22 17:19:31] [INFO ] [LOCK] Central Hospital — 13.0 kW (life support)
[2026-04-22 17:19:31] [INFO ] [Alloc] Distributed 352.1 / 352.1 kW | Unmet: 0.0 kW
[2026-04-22 17:19:33] [INFO ] Cycle #208 | Supply: 2244.9 kW
[2026-04-22 17:19:33] [INFO ] [LOCK] Central Hospital — 11.6 kW (life support)
[2026-04-22 17:19:33] [INFO ] [Alloc] Distributed 333.0 / 333.0 kW | Unmet: -0.0 kW
[2026-04-22 17:19:35] [INFO ] Cycle #209 | Supply: 2300.0 kW
[2026-04-22 17:19:35] [INFO ] [LOCK] Central Hospital — 13.2 kW (life support)
[2026-04-22 17:19:35] [INFO ] [Alloc] Distributed 307.1 / 307.1 kW | Unmet: 0.0 kW
[2026-04-22 17:19:37] [INFO ] Cycle #210 | Supply: 2214.9 kW
[2026-04-22 17:19:37] [INFO ] [LOCK] Central Hospital — 13.2 kW (life support)
[2026-04-22 17:19:37] [INFO ] [Alloc] Distributed 283.6 / 283.6 kW | Unmet: 0.0 kW
[2026-04-22 17:19:39] [INFO ] Cycle #211 | Supply: 2287.8 kW
[2026-04-22 17:19:39] [INFO ] [LOCK] Central Hospital — 9.6 kW (life support)
[2026-04-22 17:19:39] [INFO ] [Alloc] Distributed 285.3 / 285.3 kW | Unmet: 0.0 kW
[2026-04-22 17:19:41] [INFO ] Cycle #212 | Supply: 2039.8 kW
[2026-04-22 17:19:41] [INFO ] [LOCK] Central Hospital — 7.8 kW (life support)
[2026-04-22 17:19:41] [INFO ] [Alloc] Distributed 278.8 / 278.8 kW | Unmet: 0.0 kW
[2026-04-22 17:19:43] [INFO ] Cycle #213 | Supply: 2207.0 kW
[2026-04-22 17:19:43] [INFO ] [LOCK] Central Hospital — 8.4 kW (life support)
[2026-04-22 17:19:43] [INFO ] [Alloc] Distributed 281.3 / 281.3 kW | Unmet: 0.0 kW
[2026-04-22 17:19:45] [INFO ] Cycle #214 | Supply: 2300.0 kW
[2026-04-22 17:19:45] [INFO ] [LOCK] Central Hospital — 8.6 kW (life support)
[2026-04-22 17:19:45] [INFO ] [Alloc] Distributed 282.4 / 282.4 kW | Unmet: 0.0 kW
[2026-04-22 17:19:47] [INFO ] Cycle #215 | Supply: 1869.3 kW
[2026-04-22 17:19:47] [INFO ] [LOCK] Central Hospital — 9.3 kW (life support)
[2026-04-22 17:19:47] [INFO ] [Alloc] Distributed 265.7 / 265.7 kW | Unmet: 0.0 kW
[2026-04-22 17:19:49] [INFO ] Cycle #216 | Supply: 2261.2 kW
[2026-04-22 17:19:49] [INFO ] [LOCK] Central Hospital — 12.4 kW (life support)
[2026-04-22 17:19:49] [INFO ] [Alloc] Distributed 301.8 / 301.8 kW | Unmet: 0.0 kW
[2026-04-22 17:19:51] [INFO ] Cycle #217 | Supply: 2193.5 kW
[2026-04-22 17:19:51] [INFO ] [LOCK] Central Hospital — 8.4 kW (life support)
[2026-04-22 17:19:51] [INFO ] [Alloc] Distributed 321.7 / 321.7 kW | Unmet: -0.0 kW
[2026-04-22 17:19:53] [INFO ] Cycle #218 | Supply: 1987.5 kW
[2026-04-22 17:19:53] [INFO ] [LOCK] Central Hospital — 8.6 kW (life support)
[2026-04-22 17:19:53] [INFO ] [Alloc] Distributed 325.0 / 325.0 kW | Unmet: 0.0 kW
[2026-04-22 17:19:55] [INFO ] Cycle #219 | Supply: 2106.7 kW
[2026-04-22 17:19:55] [INFO ] [LOCK] Central Hospital — 8.5 kW (life support)
[2026-04-22 17:19:55] [INFO ] [Alloc] Distributed 354.8 / 354.8 kW | Unmet: 0.0 kW
[2026-04-22 17:19:57] [INFO ] Cycle #220 | Supply: 2107.2 kW
[2026-04-22 17:19:57] [INFO ] [LOCK] Central Hospital — 10.1 kW (life support)
[2026-04-22 17:19:57] [INFO ] [Alloc] Distributed 378.0 / 378.0 kW | Unmet: 0.0 kW
[2026-04-22 17:19:59] [INFO ] Cycle #221 | Supply: 2211.2 kW
[2026-04-22 17:19:59] [INFO ] [LOCK] Central Hospital — 10.1 kW (life support)
[2026-04-22 17:19:59] [INFO ] [Alloc] Distributed 377.5 / 377.5 kW | Unmet: 0.0 kW
[2026-04-22 17:20:01] [INFO ] Cycle #222 | Supply: 2113.8 kW
[2026-04-22 17:20:01] [INFO ] [LOCK] Central Hospital — 10.0 kW (life support)
[2026-04-22 17:20:01] [INFO ] [Alloc] Distributed 346.9 / 346.9 kW | Unmet: 0.0 kW
[2026-04-22 17:20:03] [INFO ] Cycle #223 | Supply: 2213.5 kW
[2026-04-22 17:20:03] [INFO ] [LOCK] Central Hospital — 11.4 kW (life support)
[2026-04-22 17:20:03] [INFO ] [Alloc] Distributed 375.2 / 375.2 kW | Unmet: 0.0 kW
[2026-04-22 17:20:05] [INFO ] Cycle #224 | Supply: 1983.3 kW
[2026-04-22 17:20:05] [INFO ] [LOCK] Central Hospital — 10.4 kW (life support)
[2026-04-22 17:20:05] [INFO ] [Alloc] Distributed 398.2 / 398.2 kW | Unmet: -0.0 kW
[2026-04-22 17:20:07] [INFO ] Cycle #225 | Supply: 2142.1 kW
[2026-04-22 17:20:07] [INFO ] [LOCK] Central Hospital — 8.5 kW (life support)
[2026-04-22 17:20:07] [INFO ] [Alloc] Distributed 373.1 / 373.1 kW | Unmet: 0.0 kW
[2026-04-22 17:20:09] [INFO ] Cycle #226 | Supply: 1934.2 kW
[2026-04-22 17:20:09] [INFO ] [LOCK] Central Hospital — 9.3 kW (life support)
[2026-04-22 17:20:09] [INFO ] [Alloc] Distributed 405.5 / 405.5 kW | Unmet: 0.0 kW
[2026-04-22 17:20:11] [INFO ] Cycle #227 | Supply: 2185.3 kW
[2026-04-22 17:20:11] [INFO ] [LOCK] Central Hospital — 10.4 kW (life support)
[2026-04-22 17:20:11] [INFO ] [Alloc] Distributed 371.9 / 371.9 kW | Unmet: 0.0 kW
[2026-04-22 17:20:13] [INFO ] Cycle #228 | Supply: 2233.2 kW
[2026-04-22 17:20:13] [INFO ] [LOCK] Central Hospital — 10.7 kW (life support)
[2026-04-22 17:20:13] [INFO ] [Alloc] Distributed 360.6 / 360.6 kW | Unmet: 0.0 kW
[2026-04-22 17:20:15] [INFO ] Cycle #229 | Supply: 2015.0 kW
[2026-04-22 17:20:15] [INFO ] [LOCK] Central Hospital — 11.9 kW (life support)
[2026-04-22 17:20:15] [INFO ] [Alloc] Distributed 323.5 / 323.5 kW | Unmet: 0.0 kW
[2026-04-22 17:20:17] [INFO ] Cycle #230 | Supply: 2204.5 kW
[2026-04-22 17:20:17] [INFO ] [LOCK] Central Hospital — 13.9 kW (life support)
[2026-04-22 17:20:17] [INFO ] [Alloc] Distributed 352.5 / 352.5 kW | Unmet: 0.0 kW
[2026-04-22 17:20:19] [INFO ] Cycle #231 | Supply: 2018.3 kW
[2026-04-22 17:20:19] [INFO ] [LOCK] Central Hospital — 18.1 kW (life support)
[2026-04-22 17:20:19] [INFO ] [Alloc] Distributed 350.9 / 350.9 kW | Unmet: 0.0 kW
[2026-04-22 17:20:21] [INFO ] Cycle #232 | Supply: 2192.8 kW
[2026-04-22 17:20:21] [INFO ] [LOCK] Central Hospital — 14.2 kW (life support)
[2026-04-22 17:20:21] [INFO ] [Alloc] Distributed 355.5 / 355.5 kW | Unmet: 0.0 kW
[2026-04-22 17:20:23] [INFO ] Cycle #233 | Supply: 2174.0 kW
[2026-04-22 17:20:23] [INFO ] [LOCK] Central Hospital — 13.3 kW (life support)
[2026-04-22 17:20:23] [INFO ] [Alloc] Distributed 342.0 / 342.0 kW | Unmet: -0.0 kW
[2026-04-22 17:20:25] [INFO ] Cycle #234 | Supply: 2133.2 kW
[2026-04-22 17:20:25] [INFO ] [LOCK] Central Hospital — 15.4 kW (life support)
[2026-04-22 17:20:25] [INFO ] [Alloc] Distributed 323.6 / 323.6 kW | Unmet: 0.0 kW
[2026-04-22 17:20:27] [INFO ] Cycle #235 | Supply: 2296.3 kW
[2026-04-22 17:20:27] [INFO ] [LOCK] Central Hospital — 20.3 kW (life support)
[2026-04-22 17:20:27] [INFO ] [Alloc] Distributed 307.6 / 307.6 kW | Unmet: 0.0 kW
[2026-04-22 17:20:29] [INFO ] Cycle #236 | Supply: 2063.4 kW
[2026-04-22 17:20:29] [INFO ] [LOCK] Central Hospital — 22.9 kW (life support)
[2026-04-22 17:20:29] [INFO ] [Alloc] Distributed 306.8 / 306.8 kW | Unmet: 0.0 kW
[2026-04-22 17:20:31] [INFO ] Cycle #237 | Supply: 2015.9 kW
[2026-04-22 17:20:31] [INFO ] [LOCK] Central Hospital — 21.7 kW (life support)
[2026-04-22 17:20:31] [INFO ] [Alloc] Distributed 326.2 / 326.2 kW | Unmet: 0.0 kW
[2026-04-22 17:20:33] [INFO ] Cycle #238 | Supply: 2223.1 kW
[2026-04-22 17:20:33] [INFO ] [LOCK] Central Hospital — 22.0 kW (life support)
[2026-04-22 17:20:33] [INFO ] [Alloc] Distributed 301.1 / 301.1 kW | Unmet: 0.0 kW
[2026-04-22 17:20:35] [INFO ] Cycle #239 | Supply: 2261.2 kW
[2026-04-22 17:20:35] [INFO ] [LOCK] Central Hospital — 25.2 kW (life support)
[2026-04-22 17:20:35] [INFO ] [Alloc] Distributed 288.3 / 288.3 kW | Unmet: 0.0 kW
[2026-04-22 17:20:37] [INFO ] Cycle #240 | Supply: 2300.0 kW
[2026-04-22 17:20:37] [INFO ] [LOCK] Central Hospital — 23.3 kW (life support)
[2026-04-22 17:20:37] [INFO ] [Alloc] Distributed 259.9 / 259.9 kW | Unmet: 0.0 kW
[2026-04-22 17:20:39] [INFO ] Cycle #241 | Supply: 2143.8 kW
[2026-04-22 17:20:39] [INFO ] [LOCK] Central Hospital — 22.6 kW (life support)
[2026-04-22 17:20:39] [INFO ] [Alloc] Distributed 262.1 / 262.1 kW | Unmet: 0.0 kW
[2026-04-22 17:20:41] [INFO ] Cycle #242 | Supply: 2007.2 kW
[2026-04-22 17:20:41] [INFO ] [LOCK] Central Hospital — 20.1 kW (life support)
[2026-04-22 17:20:41] [INFO ] [Alloc] Distributed 292.2 / 292.2 kW | Unmet: 0.0 kW
[2026-04-22 17:20:43] [INFO ] Cycle #243 | Supply: 2056.2 kW
[2026-04-22 17:20:43] [INFO ] [LOCK] Central Hospital — 19.4 kW (life support)
[2026-04-22 17:20:43] [INFO ] [Alloc] Distributed 297.0 / 297.0 kW | Unmet: 0.0 kW
[2026-04-22 17:20:45] [INFO ] Cycle #244 | Supply: 1989.8 kW
[2026-04-22 17:20:45] [INFO ] [LOCK] Central Hospital — 17.2 kW (life support)
[2026-04-22 17:20:45] [INFO ] [Alloc] Distributed 280.9 / 280.9 kW | Unmet: 0.0 kW
[2026-04-22 17:20:47] [INFO ] Cycle #245 | Supply: 2144.6 kW
[2026-04-22 17:20:47] [INFO ] [LOCK] Central Hospital — 19.9 kW (life support)
[2026-04-22 17:20:47] [INFO ] [Alloc] Distributed 260.0 / 260.0 kW | Unmet: 0.0 kW
[2026-04-22 17:20:49] [INFO ] Cycle #246 | Supply: 2300.0 kW
[2026-04-22 17:20:49] [INFO ] [LOCK] Central Hospital — 15.1 kW (life support)
[2026-04-22 17:20:49] [INFO ] [Alloc] Distributed 282.1 / 282.1 kW | Unmet: 0.0 kW
[2026-04-22 17:20:51] [INFO ] Cycle #247 | Supply: 2297.9 kW
[2026-04-22 17:20:51] [INFO ] [LOCK] Central Hospital — 21.8 kW (life support)
[2026-04-22 17:20:51] [INFO ] [Alloc] Distributed 290.9 / 290.9 kW | Unmet: 0.0 kW
[2026-04-22 17:20:53] [INFO ] Cycle #248 | Supply: 1981.7 kW
[2026-04-22 17:20:53] [INFO ] [LOCK] Central Hospital — 19.4 kW (life support)
[2026-04-22 17:20:53] [INFO ] [Alloc] Distributed 277.9 / 277.9 kW | Unmet: 0.0 kW
[2026-04-22 17:20:55] [INFO ] Cycle #249 | Supply: 2155.0 kW
[2026-04-22 17:20:55] [INFO ] [LOCK] Central Hospital — 22.0 kW (life support)
[2026-04-22 17:20:55] [INFO ] [Alloc] Distributed 288.4 / 288.4 kW | Unmet: 0.0 kW
[2026-04-22 17:20:57] [INFO ] Cycle #250 | Supply: 2275.9 kW
[2026-04-22 17:20:57] [INFO ] [LOCK] Central Hospital — 25.0 kW (life support)
[2026-04-22 17:20:57] [INFO ] [Alloc] Distributed 259.7 / 259.7 kW | Unmet: -0.0 kW
[2026-04-22 17:20:59] [INFO ] Cycle #251 | Supply: 1973.7 kW
[2026-04-22 17:20:59] [INFO ] [LOCK] Central Hospital — 28.4 kW (life support)
[2026-04-22 17:20:59] [INFO ] [Alloc] Distributed 246.1 / 246.1 kW | Unmet: 0.0 kW
[2026-04-22 17:21:01] [INFO ] Cycle #252 | Supply: 2068.2 kW
[2026-04-22 17:21:01] [INFO ] [LOCK] Central Hospital — 20.9 kW (life support)
[2026-04-22 17:21:01] [INFO ] [Alloc] Distributed 249.5 / 249.5 kW | Unmet: 0.0 kW
[2026-04-22 17:21:03] [INFO ] Cycle #253 | Supply: 2058.9 kW
[2026-04-22 17:21:03] [INFO ] [LOCK] Central Hospital — 18.8 kW (life support)
[2026-04-22 17:21:03] [INFO ] [Alloc] Distributed 227.5 / 227.5 kW | Unmet: 0.0 kW
[2026-04-22 17:21:05] [INFO ] Cycle #254 | Supply: 1963.8 kW
[2026-04-22 17:21:05] [INFO ] [LOCK] Central Hospital — 20.9 kW (life support)
[2026-04-22 17:21:05] [INFO ] [Alloc] Distributed 217.6 / 217.6 kW | Unmet: 0.0 kW
[2026-04-22 17:21:07] [INFO ] Cycle #255 | Supply: 2039.1 kW
[2026-04-22 17:21:07] [INFO ] [LOCK] Central Hospital — 19.1 kW (life support)
[2026-04-22 17:21:07] [INFO ] [Alloc] Distributed 214.9 / 214.9 kW | Unmet: 0.0 kW
[2026-04-22 17:21:09] [INFO ] Cycle #256 | Supply: 2111.9 kW
[2026-04-22 17:21:09] [INFO ] [LOCK] Central Hospital — 14.3 kW (life support)
[2026-04-22 17:21:09] [INFO ] [Alloc] Distributed 208.2 / 208.2 kW | Unmet: 0.0 kW
[2026-04-22 17:21:11] [INFO ] Cycle #257 | Supply: 2022.3 kW
[2026-04-22 17:21:11] [INFO ] [LOCK] Central Hospital — 12.0 kW (life support)
[2026-04-22 17:21:11] [INFO ] [Alloc] Distributed 200.9 / 200.9 kW | Unmet: -0.0 kW
[2026-04-22 17:21:13] [INFO ] Cycle #258 | Supply: 2265.9 kW
[2026-04-22 17:21:13] [INFO ] [LOCK] Central Hospital — 10.4 kW (life support)
[2026-04-22 17:21:13] [INFO ] [Alloc] Distributed 180.9 / 180.9 kW | Unmet: -0.0 kW
[2026-04-22 17:21:15] [INFO ] Cycle #259 | Supply: 2104.9 kW
[2026-04-22 17:21:15] [INFO ] [LOCK] Central Hospital — 13.9 kW (life support)
[2026-04-22 17:21:15] [INFO ] [Alloc] Distributed 185.7 / 185.7 kW | Unmet: 0.0 kW
[2026-04-22 17:21:17] [INFO ] Cycle #260 | Supply: 2113.4 kW
[2026-04-22 17:21:17] [INFO ] [LOCK] Central Hospital — 12.8 kW (life support)
[2026-04-22 17:21:17] [INFO ] [Alloc] Distributed 181.0 / 181.0 kW | Unmet: 0.0 kW
[2026-04-22 17:21:19] [INFO ] Cycle #261 | Supply: 2289.7 kW
[2026-04-22 17:21:19] [INFO ] [LOCK] Central Hospital — 11.5 kW (life support)
[2026-04-22 17:21:19] [INFO ] [Alloc] Distributed 206.4 / 206.4 kW | Unmet: -0.0 kW
[2026-04-22 17:21:21] [INFO ] Cycle #262 | Supply: 2235.1 kW
[2026-04-22 17:21:21] [INFO ] [LOCK] Central Hospital — 11.7 kW (life support)
[2026-04-22 17:21:21] [INFO ] [Alloc] Distributed 200.2 / 200.2 kW | Unmet: 0.0 kW
[2026-04-22 17:21:23] [INFO ] Cycle #263 | Supply: 2288.9 kW
[2026-04-22 17:21:23] [INFO ] [LOCK] Central Hospital — 12.5 kW (life support)
[2026-04-22 17:21:23] [INFO ] [Alloc] Distributed 214.1 / 214.1 kW | Unmet: -0.0 kW
[2026-04-22 17:21:25] [INFO ] Cycle #264 | Supply: 1986.1 kW
[2026-04-22 17:21:25] [INFO ] [LOCK] Central Hospital — 13.3 kW (life support)
[2026-04-22 17:21:25] [INFO ] [Alloc] Distributed 227.2 / 227.2 kW | Unmet: -0.0 kW
[2026-04-22 17:21:27] [INFO ] Cycle #265 | Supply: 2044.6 kW
[2026-04-22 17:21:27] [INFO ] [LOCK] Central Hospital — 15.1 kW (life support)
[2026-04-22 17:21:27] [INFO ] [Alloc] Distributed 203.5 / 203.5 kW | Unmet: 0.0 kW
[2026-04-22 17:21:29] [INFO ] Cycle #266 | Supply: 2150.5 kW
[2026-04-22 17:21:29] [INFO ] [LOCK] Central Hospital — 12.5 kW (life support)
[2026-04-22 17:21:29] [INFO ] [Alloc] Distributed 199.8 / 199.8 kW | Unmet: 0.0 kW
[2026-04-22 17:21:31] [INFO ] Cycle #267 | Supply: 2128.7 kW
[2026-04-22 17:21:31] [INFO ] [LOCK] Central Hospital — 10.6 kW (life support)
[2026-04-22 17:21:31] [INFO ] [Alloc] Distributed 208.7 / 208.7 kW | Unmet: 0.0 kW
[2026-04-22 17:21:33] [INFO ] Cycle #268 | Supply: 2128.1 kW
[2026-04-22 17:21:33] [INFO ] [LOCK] Central Hospital — 11.4 kW (life support)
[2026-04-22 17:21:33] [INFO ] [Alloc] Distributed 190.1 / 190.1 kW | Unmet: 0.0 kW
[2026-04-22 17:21:35] [INFO ] Cycle #269 | Supply: 2227.4 kW
[2026-04-22 17:21:35] [INFO ] [LOCK] Central Hospital — 13.4 kW (life support)
[2026-04-22 17:21:35] [INFO ] [Alloc] Distributed 199.2 / 199.2 kW | Unmet: 0.0 kW
[2026-04-22 17:21:37] [INFO ] Cycle #270 | Supply: 2184.9 kW
[2026-04-22 17:21:37] [INFO ] [LOCK] Central Hospital — 13.7 kW (life support)
[2026-04-22 17:21:37] [INFO ] [Alloc] Distributed 207.7 / 207.7 kW | Unmet: 0.0 kW
[2026-04-22 17:21:39] [INFO ] Cycle #271 | Supply: 2057.7 kW
[2026-04-22 17:21:39] [INFO ] [LOCK] Central Hospital — 13.7 kW (life support)
[2026-04-22 17:21:39] [INFO ] [Alloc] Distributed 217.1 / 217.1 kW | Unmet: 0.0 kW
[2026-04-22 17:21:41] [INFO ] Cycle #272 | Supply: 2058.8 kW
[2026-04-22 17:21:41] [INFO ] [LOCK] Central Hospital — 12.4 kW (life support)
[2026-04-22 17:21:41] [INFO ] [Alloc] Distributed 204.3 / 204.3 kW | Unmet: 0.0 kW
[2026-04-22 17:21:43] [INFO ] Cycle #273 | Supply: 2251.7 kW
[2026-04-22 17:21:43] [INFO ] [LOCK] Central Hospital — 9.3 kW (life support)
[2026-04-22 17:21:43] [INFO ] [Alloc] Distributed 196.8 / 196.8 kW | Unmet: 0.0 kW
[2026-04-22 17:21:45] [INFO ] Cycle #274 | Supply: 1985.2 kW
[2026-04-22 17:21:45] [INFO ] [LOCK] Central Hospital — 9.7 kW (life support)
[2026-04-22 17:21:45] [INFO ] [Alloc] Distributed 203.0 / 203.0 kW | Unmet: -0.0 kW
[2026-04-22 17:21:47] [INFO ] Cycle #275 | Supply: 2234.6 kW
[2026-04-22 17:21:47] [INFO ] [LOCK] Central Hospital — 8.7 kW (life support)
[2026-04-22 17:21:47] [INFO ] [Alloc] Distributed 207.8 / 207.8 kW | Unmet: 0.0 kW
[2026-04-22 17:21:49] [INFO ] Cycle #276 | Supply: 2118.4 kW
[2026-04-22 17:21:49] [INFO ] [LOCK] Central Hospital — 10.2 kW (life support)
[2026-04-22 17:21:49] [INFO ] [Alloc] Distributed 197.6 / 197.6 kW | Unmet: 0.0 kW
[2026-04-22 17:21:51] [INFO ] Cycle #277 | Supply: 2003.8 kW
[2026-04-22 17:21:51] [INFO ] [LOCK] Central Hospital — 10.1 kW (life support)
[2026-04-22 17:21:51] [INFO ] [Alloc] Distributed 195.3 / 195.3 kW | Unmet: 0.0 kW
[2026-04-22 17:21:53] [INFO ] Cycle #278 | Supply: 2267.4 kW
[2026-04-22 17:21:53] [INFO ] [LOCK] Central Hospital — 9.5 kW (life support)
[2026-04-22 17:21:53] [INFO ] [Alloc] Distributed 234.4 / 234.4 kW | Unmet: 0.0 kW
[2026-04-22 17:21:55] [INFO ] Cycle #279 | Supply: 2242.6 kW
[2026-04-22 17:21:55] [INFO ] [LOCK] Central Hospital — 11.8 kW (life support)
[2026-04-22 17:21:55] [INFO ] [Alloc] Distributed 230.3 / 230.3 kW | Unmet: 0.0 kW
[2026-04-22 17:21:57] [INFO ] Cycle #280 | Supply: 2289.7 kW
[2026-04-22 17:21:57] [INFO ] [LOCK] Central Hospital — 10.3 kW (life support)
[2026-04-22 17:21:57] [INFO ] [Alloc] Distributed 219.2 / 219.2 kW | Unmet: 0.0 kW
[2026-04-22 17:21:59] [INFO ] Cycle #281 | Supply: 2100.6 kW
[2026-04-22 17:21:59] [INFO ] [LOCK] Central Hospital — 9.9 kW (life support)
[2026-04-22 17:21:59] [INFO ] [Alloc] Distributed 220.0 / 220.0 kW | Unmet: 0.0 kW
[2026-04-22 17:22:01] [INFO ] Cycle #282 | Supply: 2022.2 kW
[2026-04-22 17:22:01] [INFO ] [LOCK] Central Hospital — 8.7 kW (life support)
[2026-04-22 17:22:01] [INFO ] [Alloc] Distributed 234.7 / 234.7 kW | Unmet: 0.0 kW
[2026-04-22 17:22:03] [INFO ] Cycle #283 | Supply: 2181.2 kW
[2026-04-22 17:22:03] [INFO ] [LOCK] Central Hospital — 6.7 kW (life support)
[2026-04-22 17:22:03] [INFO ] [Alloc] Distributed 243.6 / 243.6 kW | Unmet: 0.0 kW
[2026-04-22 17:22:05] [INFO ] Cycle #284 | Supply: 1995.0 kW
[2026-04-22 17:22:05] [INFO ] [LOCK] Central Hospital — 6.0 kW (life support)
[2026-04-22 17:22:05] [INFO ] [Alloc] Distributed 215.3 / 215.3 kW | Unmet: 0.0 kW
[2026-04-22 17:22:07] [INFO ] Cycle #285 | Supply: 2136.3 kW
[2026-04-22 17:22:07] [INFO ] [LOCK] Central Hospital — 5.5 kW (life support)
[2026-04-22 17:22:07] [INFO ] [Alloc] Distributed 236.7 / 236.7 kW | Unmet: 0.0 kW
[2026-04-22 17:22:09] [INFO ] Cycle #286 | Supply: 2127.9 kW
[2026-04-22 17:22:09] [INFO ] [LOCK] Central Hospital — 4.7 kW (life support)
[2026-04-22 17:22:09] [INFO ] [Alloc] Distributed 230.2 / 230.2 kW | Unmet: -0.0 kW
[2026-04-22 17:22:11] [INFO ] Cycle #287 | Supply: 2086.2 kW
[2026-04-22 17:22:11] [INFO ] [LOCK] Central Hospital — 5.3 kW (life support)
[2026-04-22 17:22:11] [INFO ] [Alloc] Distributed 231.5 / 231.5 kW | Unmet: -0.0 kW
[2026-04-22 17:22:13] [INFO ] Cycle #288 | Supply: 2300.0 kW
[2026-04-22 17:22:13] [INFO ] [LOCK] Central Hospital — 6.5 kW (life support)
[2026-04-22 17:22:13] [INFO ] [Alloc] Distributed 220.0 / 220.0 kW | Unmet: -0.0 kW
[2026-04-22 17:22:15] [INFO ] Cycle #289 | Supply: 2006.5 kW
[2026-04-22 17:22:15] [INFO ] [LOCK] Central Hospital — 5.7 kW (life support)
[2026-04-22 17:22:15] [INFO ] [Alloc] Distributed 221.2 / 221.2 kW | Unmet: 0.0 kW
[2026-04-22 17:22:17] [INFO ] Cycle #290 | Supply: 2287.8 kW
[2026-04-22 17:22:17] [INFO ] [LOCK] Central Hospital — 5.0 kW (life support)
[2026-04-22 17:22:17] [INFO ] [Alloc] Distributed 199.9 / 199.9 kW | Unmet: -0.0 kW
[2026-04-22 17:22:19] [INFO ] Cycle #291 | Supply: 2130.1 kW
[2026-04-22 17:22:19] [INFO ] [LOCK] Central Hospital — 6.1 kW (life support)
[2026-04-22 17:22:19] [INFO ] [Alloc] Distributed 196.5 / 196.5 kW | Unmet: 0.0 kW
[2026-04-22 17:22:21] [INFO ] Cycle #292 | Supply: 2292.8 kW
[2026-04-22 17:22:21] [INFO ] [LOCK] Central Hospital — 8.6 kW (life support)
[2026-04-22 17:22:21] [INFO ] [Alloc] Distributed 194.2 / 194.2 kW | Unmet: -0.0 kW
[2026-04-22 17:22:23] [INFO ] Cycle #293 | Supply: 2157.9 kW
[2026-04-22 17:22:23] [INFO ] [LOCK] Central Hospital — 8.8 kW (life support)
[2026-04-22 17:22:23] [INFO ] [Alloc] Distributed 198.5 / 198.5 kW | Unmet: 0.0 kW
[2026-04-22 17:22:25] [INFO ] Cycle #294 | Supply: 2182.4 kW
[2026-04-22 17:22:25] [INFO ] [LOCK] Central Hospital — 8.4 kW (life support)
[2026-04-22 17:22:25] [INFO ] [Alloc] Distributed 210.5 / 210.5 kW | Unmet: 0.0 kW
[2026-04-22 17:22:27] [INFO ] Cycle #295 | Supply: 2025.9 kW
[2026-04-22 17:22:27] [INFO ] [LOCK] Central Hospital — 7.3 kW (life support)
[2026-04-22 17:22:27] [INFO ] [Alloc] Distributed 206.7 / 206.7 kW | Unmet: -0.0 kW
[2026-04-22 17:22:29] [INFO ] Cycle #296 | Supply: 2138.1 kW
[2026-04-22 17:22:29] [INFO ] [LOCK] Central Hospital — 6.1 kW (life support)
[2026-04-22 17:22:29] [INFO ] [Alloc] Distributed 206.7 / 206.7 kW | Unmet: -0.0 kW
[2026-04-22 17:22:31] [INFO ] Cycle #297 | Supply: 2090.3 kW
[2026-04-22 17:22:31] [INFO ] [LOCK] Central Hospital — 5.6 kW (life support)
[2026-04-22 17:22:31] [INFO ] [Alloc] Distributed 209.7 / 209.7 kW | Unmet: 0.0 kW
[2026-04-22 17:22:33] [INFO ] Cycle #298 | Supply: 2300.0 kW
[2026-04-22 17:22:33] [INFO ] [LOCK] Central Hospital — 6.6 kW (life support)
[2026-04-22 17:22:33] [INFO ] [Alloc] Distributed 201.1 / 201.1 kW | Unmet: 0.0 kW
[2026-04-22 17:22:35] [INFO ] Cycle #299 | Supply: 2300.0 kW
[2026-04-22 17:22:35] [INFO ] [LOCK] Central Hospital — 5.3 kW (life support)
[2026-04-22 17:22:35] [INFO ] [Alloc] Distributed 200.6 / 200.6 kW | Unmet: -0.0 kW
[2026-04-22 17:22:37] [INFO ] Cycle #300 | Supply: 2195.1 kW
[2026-04-22 17:22:37] [INFO ] [LOCK] Central Hospital — 5.3 kW (life support)
[2026-04-22 17:22:37] [INFO ] [Alloc] Distributed 200.9 / 200.9 kW | Unmet: 0.0 kW
[2026-04-22 17:22:39] [INFO ] Cycle #301 | Supply: 2140.8 kW
[2026-04-22 17:22:39] [INFO ] [LOCK] Central Hospital — 6.1 kW (life support)
[2026-04-22 17:22:39] [INFO ] [Alloc] Distributed 214.3 / 214.3 kW | Unmet: 0.0 kW
[2026-04-22 17:22:41] [INFO ] Cycle #302 | Supply: 2076.9 kW
[2026-04-22 17:22:41] [INFO ] [LOCK] Central Hospital — 6.4 kW (life support)
[2026-04-22 17:22:41] [INFO ] [Alloc] Distributed 248.4 / 248.4 kW | Unmet: 0.0 kW
[2026-04-22 17:22:43] [INFO ] Cycle #303 | Supply: 2156.1 kW
[2026-04-22 17:22:43] [INFO ] [LOCK] Central Hospital — 5.0 kW (life support)
[2026-04-22 17:22:43] [INFO ] [Alloc] Distributed 214.7 / 214.7 kW | Unmet: 0.0 kW
[2026-04-22 17:22:45] [INFO ] Cycle #304 | Supply: 2170.1 kW
[2026-04-22 17:22:45] [INFO ] [LOCK] Central Hospital — 4.5 kW (life support)
[2026-04-22 17:22:45] [INFO ] [Alloc] Distributed 200.8 / 200.8 kW | Unmet: 0.0 kW
[2026-04-22 17:22:48] [INFO ] Cycle #305 | Supply: 2264.4 kW
[2026-04-22 17:22:48] [INFO ] [LOCK] Central Hospital — 4.6 kW (life support)
[2026-04-22 17:22:48] [INFO ] [Alloc] Distributed 201.4 / 201.4 kW | Unmet: 0.0 kW
[2026-04-22 17:22:50] [INFO ] Cycle #306 | Supply: 1991.3 kW
[2026-04-22 17:22:50] [INFO ] [LOCK] Central Hospital — 3.4 kW (life support)
[2026-04-22 17:22:50] [INFO ] [Alloc] Distributed 205.3 / 205.3 kW | Unmet: 0.0 kW
[2026-04-22 17:22:52] [INFO ] Cycle #307 | Supply: 2069.6 kW
[2026-04-22 17:22:52] [INFO ] [LOCK] Central Hospital — 2.5 kW (life support)
[2026-04-22 17:22:52] [INFO ] [Alloc] Distributed 202.7 / 202.7 kW | Unmet: 0.0 kW
[2026-04-22 17:22:54] [INFO ] Cycle #308 | Supply: 2300.0 kW
[2026-04-22 17:22:54] [INFO ] [LOCK] Central Hospital — 2.5 kW (life support)
[2026-04-22 17:22:54] [INFO ] [Alloc] Distributed 199.2 / 199.2 kW | Unmet: 0.0 kW
[2026-04-22 17:22:56] [INFO ] Cycle #309 | Supply: 1974.2 kW
[2026-04-22 17:22:56] [INFO ] [LOCK] Central Hospital — 2.2 kW (life support)
[2026-04-22 17:22:56] [INFO ] [Alloc] Distributed 188.6 / 188.6 kW | Unmet: 0.0 kW
[2026-04-22 17:22:58] [INFO ] Cycle #310 | Supply: 2262.1 kW
[2026-04-22 17:22:58] [INFO ] [LOCK] Central Hospital — 2.0 kW (life support)
[2026-04-22 17:22:58] [INFO ] [Alloc] Distributed 178.5 / 178.5 kW | Unmet: 0.0 kW
[2026-04-22 17:23:00] [INFO ] Cycle #311 | Supply: 2198.2 kW
[2026-04-22 17:23:00] [INFO ] [LOCK] Central Hospital — 1.6 kW (life support)
[2026-04-22 17:23:00] [INFO ] [Alloc] Distributed 169.0 / 169.0 kW | Unmet: -0.0 kW
[2026-04-22 17:23:02] [INFO ] Cycle #312 | Supply: 2266.6 kW
[2026-04-22 17:23:02] [INFO ] [LOCK] Central Hospital — 1.7 kW (life support)
[2026-04-22 17:23:02] [INFO ] [Alloc] Distributed 175.0 / 175.0 kW | Unmet: 0.0 kW
[2026-04-22 17:23:04] [INFO ] Cycle #313 | Supply: 2200.4 kW
[2026-04-22 17:23:04] [INFO ] [LOCK] Central Hospital — 2.2 kW (life support)
[2026-04-22 17:23:04] [INFO ] [Alloc] Distributed 166.7 / 166.7 kW | Unmet: 0.0 kW
[2026-04-22 17:23:06] [INFO ] Cycle #314 | Supply: 2193.2 kW
[2026-04-22 17:23:06] [INFO ] [LOCK] Central Hospital — 2.9 kW (life support)
[2026-04-22 17:23:06] [INFO ] [Alloc] Distributed 203.1 / 203.1 kW | Unmet: 0.0 kW
[2026-04-22 17:23:08] [INFO ] Cycle #315 | Supply: 2088.5 kW
[2026-04-22 17:23:08] [INFO ] [LOCK] Central Hospital — 3.9 kW (life support)
[2026-04-22 17:23:08] [INFO ] [Alloc] Distributed 198.3 / 198.3 kW | Unmet: 0.0 kW
[2026-04-22 17:23:10] [INFO ] Cycle #316 | Supply: 2219.4 kW
[2026-04-22 17:23:10] [INFO ] [LOCK] Central Hospital — 4.0 kW (life support)
[2026-04-22 17:23:10] [INFO ] [Alloc] Distributed 195.0 / 195.0 kW | Unmet: 0.0 kW
[2026-04-22 17:23:12] [INFO ] Cycle #317 | Supply: 2104.3 kW
[2026-04-22 17:23:12] [INFO ] [LOCK] Central Hospital — 3.8 kW (life support)
[2026-04-22 17:23:12] [INFO ] [Alloc] Distributed 199.9 / 199.9 kW | Unmet: 0.0 kW
[2026-04-22 17:23:14] [INFO ] Cycle #318 | Supply: 2053.0 kW
[2026-04-22 17:23:14] [INFO ] [LOCK] Central Hospital — 4.9 kW (life support)
[2026-04-22 17:23:14] [INFO ] [Alloc] Distributed 177.4 / 177.4 kW | Unmet: 0.0 kW
[2026-04-22 17:23:16] [INFO ] Cycle #319 | Supply: 1769.4 kW
[2026-04-22 17:23:16] [INFO ] [LOCK] Central Hospital — 4.8 kW (life support)
[2026-04-22 17:23:16] [INFO ] [Alloc] Distributed 172.4 / 172.4 kW | Unmet: 0.0 kW
[2026-04-22 17:23:18] [INFO ] Cycle #320 | Supply: 2173.3 kW
[2026-04-22 17:23:18] [INFO ] [LOCK] Central Hospital — 3.9 kW (life support)
[2026-04-22 17:23:18] [INFO ] [Alloc] Distributed 198.9 / 198.9 kW | Unmet: -0.0 kW
[2026-04-22 17:23:20] [INFO ] Cycle #321 | Supply: 2102.2 kW
[2026-04-22 17:23:20] [INFO ] [LOCK] Central Hospital — 4.5 kW (life support)
[2026-04-22 17:23:20] [INFO ] [Alloc] Distributed 193.2 / 193.2 kW | Unmet: 0.0 kW
[2026-04-22 17:23:22] [INFO ] Cycle #322 | Supply: 2027.8 kW
[2026-04-22 17:23:22] [INFO ] [LOCK] Central Hospital — 5.1 kW (life support)
[2026-04-22 17:23:22] [INFO ] [Alloc] Distributed 210.1 / 210.1 kW | Unmet: 0.0 kW
[2026-04-22 17:23:24] [INFO ] Cycle #323 | Supply: 2249.0 kW
[2026-04-22 17:23:24] [INFO ] [LOCK] Central Hospital — 3.9 kW (life support)
[2026-04-22 17:23:24] [INFO ] [Alloc] Distributed 238.0 / 238.0 kW | Unmet: 0.0 kW
[2026-04-22 17:23:26] [INFO ] Cycle #324 | Supply: 2270.5 kW
[2026-04-22 17:23:26] [INFO ] [LOCK] Central Hospital — 4.1 kW (life support)
[2026-04-22 17:23:26] [INFO ] [Alloc] Distributed 231.0 / 231.0 kW | Unmet: 0.0 kW
[2026-04-22 17:23:28] [INFO ] Cycle #325 | Supply: 2106.8 kW
[2026-04-22 17:23:28] [INFO ] [LOCK] Central Hospital — 4.9 kW (life support)
[2026-04-22 17:23:28] [INFO ] [Alloc] Distributed 261.3 / 261.3 kW | Unmet: -0.0 kW
[2026-04-22 17:23:30] [INFO ] Cycle #326 | Supply: 2204.8 kW
[2026-04-22 17:23:30] [INFO ] [LOCK] Central Hospital — 4.0 kW (life support)
[2026-04-22 17:23:30] [INFO ] [Alloc] Distributed 260.0 / 260.0 kW | Unmet: 0.0 kW
[2026-04-22 17:23:32] [INFO ] Cycle #327 | Supply: 2025.8 kW
[2026-04-22 17:23:32] [INFO ] [LOCK] Central Hospital — 3.2 kW (life support)
[2026-04-22 17:23:32] [INFO ] [Alloc] Distributed 264.1 / 264.1 kW | Unmet: -0.0 kW
[2026-04-22 17:23:34] [INFO ] Cycle #328 | Supply: 1977.6 kW
[2026-04-22 17:23:34] [INFO ] [LOCK] Central Hospital — 2.7 kW (life support)
[2026-04-22 17:23:34] [INFO ] [Alloc] Distributed 257.3 / 257.3 kW | Unmet: 0.0 kW
[2026-04-22 17:23:36] [INFO ] Cycle #329 | Supply: 2300.0 kW
[2026-04-22 17:23:36] [INFO ] [LOCK] Central Hospital — 2.8 kW (life support)
[2026-04-22 17:23:36] [INFO ] [Alloc] Distributed 256.1 / 256.1 kW | Unmet: 0.0 kW
[2026-04-22 17:23:38] [INFO ] Cycle #330 | Supply: 2059.7 kW
[2026-04-22 17:23:38] [INFO ] [LOCK] Central Hospital — 2.9 kW (life support)
[2026-04-22 17:23:38] [INFO ] [Alloc] Distributed 226.6 / 226.6 kW | Unmet: 0.0 kW
[2026-04-22 17:23:40] [INFO ] Cycle #331 | Supply: 2170.7 kW
[2026-04-22 17:23:40] [INFO ] [LOCK] Central Hospital — 2.9 kW (life support)
[2026-04-22 17:23:40] [INFO ] [Alloc] Distributed 245.3 / 245.3 kW | Unmet: 0.0 kW
[2026-04-22 17:23:42] [INFO ] Cycle #332 | Supply: 2165.1 kW
[2026-04-22 17:23:42] [INFO ] [LOCK] Central Hospital — 3.1 kW (life support)
[2026-04-22 17:23:42] [INFO ] [Alloc] Distributed 236.4 / 236.4 kW | Unmet: 0.0 kW
[2026-04-22 17:23:44] [INFO ] Cycle #333 | Supply: 2018.6 kW
[2026-04-22 17:23:44] [INFO ] [LOCK] Central Hospital — 2.6 kW (life support)
[2026-04-22 17:23:44] [INFO ] [Alloc] Distributed 233.3 / 233.3 kW | Unmet: 0.0 kW
[2026-04-22 17:23:46] [INFO ] Cycle #334 | Supply: 2074.3 kW
[2026-04-22 17:23:46] [INFO ] [LOCK] Central Hospital — 2.6 kW (life support)
[2026-04-22 17:23:46] [INFO ] [Alloc] Distributed 207.1 / 207.1 kW | Unmet: 0.0 kW
[2026-04-22 17:23:48] [INFO ] Cycle #335 | Supply: 2156.7 kW
[2026-04-22 17:23:48] [INFO ] [LOCK] Central Hospital — 2.6 kW (life support)
[2026-04-22 17:23:48] [INFO ] [Alloc] Distributed 203.0 / 203.0 kW | Unmet: 0.0 kW
[2026-04-22 17:23:50] [INFO ] Cycle #336 | Supply: 2211.5 kW
[2026-04-22 17:23:50] [INFO ] [LOCK] Central Hospital — 2.4 kW (life support)
[2026-04-22 17:23:50] [INFO ] [Alloc] Distributed 185.5 / 185.5 kW | Unmet: -0.0 kW
[2026-04-22 17:23:52] [INFO ] Cycle #337 | Supply: 1935.8 kW
[2026-04-22 17:23:52] [INFO ] [LOCK] Central Hospital — 2.4 kW (life support)
[2026-04-22 17:23:52] [INFO ] [Alloc] Distributed 179.8 / 179.8 kW | Unmet: -0.0 kW
[2026-04-22 17:23:54] [INFO ] Cycle #338 | Supply: 2201.0 kW
[2026-04-22 17:23:54] [INFO ] [LOCK] Central Hospital — 2.0 kW (life support)
[2026-04-22 17:23:54] [INFO ] [Alloc] Distributed 190.5 / 190.5 kW | Unmet: 0.0 kW
[2026-04-22 17:23:56] [INFO ] Cycle #339 | Supply: 2101.1 kW
[2026-04-22 17:23:56] [INFO ] [LOCK] Central Hospital — 1.9 kW (life support)
[2026-04-22 17:23:56] [INFO ] [Alloc] Distributed 169.8 / 169.8 kW | Unmet: 0.0 kW
[2026-04-22 17:23:58] [INFO ] Cycle #340 | Supply: 2080.0 kW
[2026-04-22 17:23:58] [INFO ] [LOCK] Central Hospital — 2.1 kW (life support)
[2026-04-22 17:23:58] [INFO ] [Alloc] Distributed 171.7 / 171.7 kW | Unmet: 0.0 kW
[2026-04-22 17:24:00] [INFO ] Cycle #341 | Supply: 2122.5 kW
[2026-04-22 17:24:00] [INFO ] [LOCK] Central Hospital — 1.5 kW (life support)
[2026-04-22 17:24:00] [INFO ] [Alloc] Distributed 186.8 / 186.8 kW | Unmet: 0.0 kW
[2026-04-22 17:24:02] [INFO ] Cycle #342 | Supply: 2005.7 kW
[2026-04-22 17:24:02] [INFO ] [LOCK] Central Hospital — 1.6 kW (life support)
[2026-04-22 17:24:02] [INFO ] [Alloc] Distributed 180.1 / 180.1 kW | Unmet: 0.0 kW
[2026-04-22 17:24:04] [INFO ] Cycle #343 | Supply: 2237.6 kW
[2026-04-22 17:24:04] [INFO ] [LOCK] Central Hospital — 1.5 kW (life support)
[2026-04-22 17:24:04] [INFO ] [Alloc] Distributed 188.6 / 188.6 kW | Unmet: 0.0 kW
[2026-04-22 17:24:06] [INFO ] Cycle #344 | Supply: 2018.7 kW
[2026-04-22 17:24:06] [INFO ] [LOCK] Central Hospital — 1.9 kW (life support)
[2026-04-22 17:24:06] [INFO ] [Alloc] Distributed 183.9 / 183.9 kW | Unmet: 0.0 kW
[2026-04-22 17:24:08] [INFO ] Cycle #345 | Supply: 2237.3 kW
[2026-04-22 17:24:08] [INFO ] [LOCK] Central Hospital — 1.4 kW (life support)
[2026-04-22 17:24:08] [INFO ] [Alloc] Distributed 195.9 / 195.9 kW | Unmet: 0.0 kW
[2026-04-22 17:24:10] [INFO ] Cycle #346 | Supply: 2116.2 kW
[2026-04-22 17:24:10] [INFO ] [LOCK] Central Hospital — 1.7 kW (life support)
[2026-04-22 17:24:10] [INFO ] [Alloc] Distributed 206.7 / 206.7 kW | Unmet: 0.0 kW
[2026-04-22 17:24:12] [INFO ] Cycle #347 | Supply: 2131.3 kW
[2026-04-22 17:24:12] [INFO ] [LOCK] Central Hospital — 1.9 kW (life support)
[2026-04-22 17:24:12] [INFO ] [Alloc] Distributed 209.6 / 209.6 kW | Unmet: 0.0 kW
[2026-04-22 17:24:14] [INFO ] Cycle #348 | Supply: 1969.2 kW
[2026-04-22 17:24:14] [INFO ] [LOCK] Central Hospital — 2.2 kW (life support)
[2026-04-22 17:24:14] [INFO ] [Alloc] Distributed 230.5 / 230.5 kW | Unmet: 0.0 kW
[2026-04-22 17:24:16] [INFO ] Cycle #349 | Supply: 2148.2 kW
[2026-04-22 17:24:16] [INFO ] [LOCK] Central Hospital — 2.3 kW (life support)
[2026-04-22 17:24:16] [INFO ] [Alloc] Distributed 214.8 / 214.8 kW | Unmet: 0.0 kW
[2026-04-22 17:24:18] [INFO ] Cycle #350 | Supply: 2100.9 kW
[2026-04-22 17:24:18] [INFO ] [LOCK] Central Hospital — 2.7 kW (life support)
[2026-04-22 17:24:18] [INFO ] [Alloc] Distributed 222.2 / 222.2 kW | Unmet: 0.0 kW
[2026-04-22 17:24:20] [INFO ] Cycle #351 | Supply: 1927.6 kW
[2026-04-22 17:24:20] [INFO ] [LOCK] Central Hospital — 3.0 kW (life support)
[2026-04-22 17:24:20] [INFO ] [Alloc] Distributed 230.9 / 230.9 kW | Unmet: 0.0 kW
[2026-04-22 17:24:22] [INFO ] Cycle #352 | Supply: 2191.8 kW
[2026-04-22 17:24:22] [INFO ] [LOCK] Central Hospital — 2.7 kW (life support)
[2026-04-22 17:24:22] [INFO ] [Alloc] Distributed 247.4 / 247.4 kW | Unmet: -0.0 kW
[2026-04-22 17:24:24] [INFO ] Cycle #353 | Supply: 2297.3 kW
[2026-04-22 17:24:24] [INFO ] [LOCK] Central Hospital — 3.7 kW (life support)
[2026-04-22 17:24:24] [INFO ] [Alloc] Distributed 250.6 / 250.6 kW | Unmet: -0.0 kW
[2026-04-22 17:24:26] [INFO ] Cycle #354 | Supply: 2261.9 kW
[2026-04-22 17:24:26] [INFO ] [LOCK] Central Hospital — 3.4 kW (life support)
[2026-04-22 17:24:26] [INFO ] [Alloc] Distributed 236.7 / 236.7 kW | Unmet: 0.0 kW
[2026-04-22 17:24:28] [INFO ] Cycle #355 | Supply: 2225.9 kW
[2026-04-22 17:24:28] [INFO ] [LOCK] Central Hospital — 3.1 kW (life support)
[2026-04-22 17:24:28] [INFO ] [Alloc] Distributed 267.2 / 267.2 kW | Unmet: 0.0 kW
[2026-04-22 17:24:30] [INFO ] Cycle #356 | Supply: 2300.0 kW
[2026-04-22 17:24:30] [INFO ] [LOCK] Central Hospital — 2.5 kW (life support)
[2026-04-22 17:24:30] [INFO ] [Alloc] Distributed 284.8 / 284.8 kW | Unmet: 0.0 kW
[2026-04-22 17:24:32] [INFO ] Cycle #357 | Supply: 2142.1 kW
[2026-04-22 17:24:32] [INFO ] [LOCK] Central Hospital — 2.4 kW (life support)
[2026-04-22 17:24:32] [INFO ] [Alloc] Distributed 270.1 / 270.1 kW | Unmet: -0.0 kW
[2026-04-22 17:24:34] [INFO ] Cycle #358 | Supply: 2170.6 kW
[2026-04-22 17:24:34] [INFO ] [LOCK] Central Hospital — 2.1 kW (life support)
[2026-04-22 17:24:34] [INFO ] [Alloc] Distributed 228.5 / 228.5 kW | Unmet: 0.0 kW
[2026-04-22 17:24:36] [INFO ] Cycle #359 | Supply: 2292.9 kW
[2026-04-22 17:24:36] [INFO ] [LOCK] Central Hospital — 2.1 kW (life support)
[2026-04-22 17:24:36] [INFO ] [Alloc] Distributed 193.2 / 193.2 kW | Unmet: 0.0 kW
[2026-04-22 17:24:38] [INFO ] Cycle #360 | Supply: 1940.2 kW
[2026-04-22 17:24:38] [INFO ] [LOCK] Central Hospital — 1.8 kW (life support)
[2026-04-22 17:24:38] [INFO ] [Alloc] Distributed 203.9 / 203.9 kW | Unmet: 0.0 kW
[2026-04-22 17:24:40] [INFO ] Cycle #361 | Supply: 2038.1 kW
[2026-04-22 17:24:40] [INFO ] [LOCK] Central Hospital — 1.9 kW (life support)
[2026-04-22 17:24:40] [INFO ] [Alloc] Distributed 203.3 / 203.3 kW | Unmet: -0.0 kW
[2026-04-22 17:24:42] [INFO ] Cycle #362 | Supply: 2160.2 kW
[2026-04-22 17:24:42] [INFO ] [LOCK] Central Hospital — 2.0 kW (life support)
[2026-04-22 17:24:42] [INFO ] [Alloc] Distributed 205.0 / 205.0 kW | Unmet: 0.0 kW
[2026-04-22 17:24:44] [INFO ] Cycle #363 | Supply: 2296.6 kW
[2026-04-22 17:24:44] [INFO ] [LOCK] Central Hospital — 2.1 kW (life support)
[2026-04-22 17:24:44] [INFO ] [Alloc] Distributed 189.6 / 189.6 kW | Unmet: 0.0 kW
[2026-04-22 17:24:46] [INFO ] Cycle #364 | Supply: 2239.0 kW
[2026-04-22 17:24:46] [INFO ] [LOCK] Central Hospital — 2.4 kW (life support)
[2026-04-22 17:24:46] [INFO ] [Alloc] Distributed 196.4 / 196.4 kW | Unmet: -0.0 kW
[2026-04-22 17:24:48] [INFO ] Cycle #365 | Supply: 2147.9 kW
[2026-04-22 17:24:48] [INFO ] [LOCK] Central Hospital — 2.1 kW (life support)
[2026-04-22 17:24:48] [INFO ] [Alloc] Distributed 189.0 / 189.0 kW | Unmet: -0.0 kW
[2026-04-22 17:24:50] [INFO ] Cycle #366 | Supply: 2247.4 kW
[2026-04-22 17:24:50] [INFO ] [LOCK] Central Hospital — 2.3 kW (life support)
[2026-04-22 17:24:50] [INFO ] [Alloc] Distributed 157.1 / 157.1 kW | Unmet: 0.0 kW
[2026-04-22 17:24:52] [INFO ] Cycle #367 | Supply: 2156.6 kW
[2026-04-22 17:24:52] [INFO ] [LOCK] Central Hospital — 1.7 kW (life support)
[2026-04-22 17:24:52] [INFO ] [Alloc] Distributed 169.0 / 169.0 kW | Unmet: 0.0 kW
[2026-04-22 17:24:54] [INFO ] Cycle #368 | Supply: 2056.4 kW
[2026-04-22 17:24:54] [INFO ] [LOCK] Central Hospital — 1.5 kW (life support)
[2026-04-22 17:24:54] [INFO ] [Alloc] Distributed 175.4 / 175.4 kW | Unmet: 0.0 kW
[2026-04-22 17:24:56] [INFO ] Cycle #369 | Supply: 2208.1 kW
[2026-04-22 17:24:56] [INFO ] [LOCK] Central Hospital — 1.4 kW (life support)
[2026-04-22 17:24:56] [INFO ] [Alloc] Distributed 201.7 / 201.7 kW | Unmet: 0.0 kW
[2026-04-22 17:24:58] [INFO ] Cycle #370 | Supply: 2214.7 kW
[2026-04-22 17:24:58] [INFO ] [LOCK] Central Hospital — 1.2 kW (life support)
[2026-04-22 17:24:58] [INFO ] [Alloc] Distributed 190.3 / 190.3 kW | Unmet: 0.0 kW
[2026-04-22 17:25:00] [INFO ] Cycle #371 | Supply: 2088.2 kW
[2026-04-22 17:25:00] [INFO ] [LOCK] Central Hospital — 1.0 kW (life support)
[2026-04-22 17:25:00] [INFO ] [Alloc] Distributed 182.7 / 182.7 kW | Unmet: 0.0 kW
[2026-04-22 17:25:02] [INFO ] Cycle #372 | Supply: 2293.4 kW
[2026-04-22 17:25:02] [INFO ] [LOCK] Central Hospital — 1.0 kW (life support)
[2026-04-22 17:25:02] [INFO ] [Alloc] Distributed 194.1 / 194.1 kW | Unmet: 0.0 kW
[2026-04-22 17:25:04] [INFO ] Cycle #373 | Supply: 2032.8 kW
[2026-04-22 17:25:04] [INFO ] [LOCK] Central Hospital — 1.1 kW (life support)
[2026-04-22 17:25:04] [INFO ] [Alloc] Distributed 202.9 / 202.9 kW | Unmet: 0.0 kW
[2026-04-22 17:25:06] [INFO ] Cycle #374 | Supply: 2095.1 kW
[2026-04-22 17:25:06] [INFO ] [LOCK] Central Hospital — 1.1 kW (life support)
[2026-04-22 17:25:06] [INFO ] [Alloc] Distributed 193.3 / 193.3 kW | Unmet: -0.0 kW
[2026-04-22 17:25:08] [INFO ] Cycle #375 | Supply: 2280.1 kW
[2026-04-22 17:25:08] [INFO ] [LOCK] Central Hospital — 1.1 kW (life support)
[2026-04-22 17:25:08] [INFO ] [Alloc] Distributed 190.0 / 190.0 kW | Unmet: 0.0 kW
[2026-04-22 17:25:10] [INFO ] Cycle #376 | Supply: 2269.6 kW
[202[2026-04-29 15:43:00] [INFO ] === VoltSync Session Started ===
[2026-04-29 15:43:00] [INFO ] Sector registered: Central Hospital [CRITICAL]
[2026-04-29 15:43:00] [INFO ] Sector registered: Fire Station Alpha [CRITICAL]
[2026-04-29 15:43:00] [INFO ] Sector registered: Industrial Zone A [HIGH]
[2026-04-29 15:43:00] [INFO ] Sector registered: Water Treatment [HIGH]
[2026-04-29 15:43:00] [INFO ] Sector registered: Downtown Commercial [MEDIUM]
[2026-04-29 15:43:00] [INFO ] Sector registered: Residential North [LOW]
[2026-04-29 15:43:00] [INFO ] Sector registered: Residential South [LOW]
[2026-04-29 15:43:00] [INFO ] Source added: Solar Farm Alpha
[2026-04-29 15:43:00] [INFO ] Source added: Solar Farm Beta
[2026-04-29 15:43:00] [INFO ] Source added: Wind Park North
[2026-04-29 15:43:00] [INFO ] Source added: Coal Plant Base
[2026-04-29 15:43:01] [INFO ] Thread started for sector: Water Treatment [Sector-Water Treatment]
[2026-04-29 15:43:01] [INFO ] Thread started for sector: Residential South [Sector-Residential South]
[2026-04-29 15:43:01] [INFO ] Thread started for sector: Fire Station Alpha [Sector-Fire Station Alpha]
[2026-04-29 15:43:01] [INFO ] Thread started for sector: Industrial Zone A [Sector-Industrial Zone A]
[2026-04-29 15:43:01] [INFO ] Thread started for sector: Downtown Commercial [Sector-Downtown Commercial]
[2026-04-29 15:43:01] [INFO ] Thread started for sector: Residential North [Sector-Residential North]
[2026-04-29 15:43:01] [INFO ] Thread started for sector: Central Hospital [Sector-Central Hospital]
[2026-04-29 15:43:01] [INFO ] Supply simulation thread started [SupplyThread]
[2026-04-29 15:43:03] [INFO ] Cycle #1 | Supply: 1976.1 kW
[2026-04-29 15:43:03] [WARN ] Overload risk! Demand 2219.1 kW vs Supply 1976.1 kW (112%)
[2026-04-29 15:43:03] [WARN ] Load shed on Residential South: gave 100.3 / 343.4 kW
[2026-04-29 15:43:03] [INFO ] [Alloc] Distributed 1976.1 / 2219.1 kW | Unmet: 243.0 kW
[2026-04-29 15:43:05] [INFO ] Cycle #2 | Supply: 2038.9 kW
[2026-04-29 15:43:05] [WARN ] Overload risk! Demand 2295.2 kW vs Supply 2038.9 kW (113%)
[2026-04-29 15:43:05] [WARN ] Load shed on Residential South: gave 101.8 / 358.1 kW
[2026-04-29 15:43:05] [INFO ] [Alloc] Distributed 2038.9 / 2295.2 kW | Unmet: 256.3 kW
[2026-04-29 15:43:07] [INFO ] Cycle #3 | Supply: 2249.8 kW
[2026-04-29 15:43:07] [WARN ] Overload risk! Demand 2458.5 kW vs Supply 2249.8 kW (109%)
[2026-04-29 15:43:07] [WARN ] Load shed on Residential South: gave 125.7 / 334.4 kW
[2026-04-29 15:43:07] [INFO ] [Alloc] Distributed 2249.8 / 2458.5 kW | Unmet: 208.7 kW
[2026-04-29 15:43:09] [INFO ] Cycle #4 | Supply: 2229.8 kW
[2026-04-29 15:43:09] [WARN ] Overload risk! Demand 2701.3 kW vs Supply 2229.8 kW (121%)
[2026-04-29 15:43:09] [WARN ] Load shed on Residential North: gave 463.3 / 622.4 kW
[2026-04-29 15:43:09] [WARN ] Load shed on Residential South: gave 0.0 / 312.5 kW
[2026-04-29 15:43:09] [INFO ] [Alloc] Distributed 2229.8 / 2701.3 kW | Unmet: 471.5 kW
[2026-04-29 15:43:11] [INFO ] Cycle #5 | Supply: 2055.7 kW
[2026-04-29 15:43:11] [WARN ] Overload risk! Demand 2557.8 kW vs Supply 2055.7 kW (124%)
[2026-04-29 15:43:11] [WARN ] Load shed on Residential North: gave 365.6 / 500.6 kW
[2026-04-29 15:43:11] [WARN ] Load shed on Residential South: gave 0.0 / 367.1 kW
[2026-04-29 15:43:11] [INFO ] [Alloc] Distributed 2055.7 / 2557.8 kW | Unmet: 502.1 kW
[2026-04-29 15:43:13] [INFO ] Cycle #6 | Supply: 2164.5 kW
[2026-04-29 15:43:13] [WARN ] Overload risk! Demand 2248.9 kW vs Supply 2164.5 kW (104%)
[2026-04-29 15:43:13] [INFO ] [LOCK] Central Hospital — 305.0 kW (life support)
[2026-04-29 15:43:13] [WARN ] Load shed on Residential South: gave 202.2 / 286.6 kW
[2026-04-29 15:43:13] [INFO ] [Alloc] Distributed 2164.5 / 2248.9 kW | Unmet: 84.4 kW
[2026-04-29 15:43:15] [INFO ] Cycle #7 | Supply: 2030.4 kW
[2026-04-29 15:43:15] [WARN ] Overload risk! Demand 2396.3 kW vs Supply 2030.4 kW (118%)
[2026-04-29 15:43:15] [INFO ] [LOCK] Central Hospital — 337.6 kW (life support)
[2026-04-29 15:43:15] [WARN ] Load shed on Residential North: gave 378.6 / 483.9 kW
[2026-04-29 15:43:15] [WARN ] Load shed on Residential South: gave 0.0 / 260.6 kW
[2026-04-29 15:43:15] [INFO ] [Alloc] Distributed 2030.4 / 2396.3 kW | Unmet: 365.9 kW
[2026-04-29 15:43:17] [INFO ] Cycle #8 | Supply: 2207.3 kW
[2026-04-29 15:43:17] [WARN ] Overload risk! Demand 2126.8 kW vs Supply 2207.3 kW (96%)
[2026-04-29 15:43:17] [INFO ] [LOCK] Central Hospital — 283.1 kW (life support)
[2026-04-29 15:43:17] [INFO ] [Alloc] Distributed 2126.8 / 2126.8 kW | Unmet: 0.0 kW
[2026-04-29 15:43:19] [INFO ] Cycle #9 | Supply: 2246.5 kW
[2026-04-29 15:43:19] [WARN ] Overload risk! Demand 1967.3 kW vs Supply 2246.5 kW (88%)
[2026-04-29 15:43:19] [INFO ] [LOCK] Central Hospital — 244.7 kW (life support)
[2026-04-29 15:43:19] [INFO ] [Alloc] Distributed 1967.3 / 1967.3 kW | Unmet: 0.0 kW
[2026-04-29 15:43:21] [INFO ] Cycle #10 | Supply: 2030.0 kW
[2026-04-29 15:43:21] [WARN ] Overload risk! Demand 1904.7 kW vs Supply 2030.0 kW (94%)
[2026-04-29 15:43:21] [INFO ] [LOCK] Central Hospital — 252.3 kW (life support)
[2026-04-29 15:43:21] [INFO ] [Alloc] Distributed 1904.7 / 1904.7 kW | Unmet: 0.0 kW
[2026-04-29 15:43:23] [INFO ] Cycle #11 | Supply: 2266.1 kW
[2026-04-29 15:43:23] [INFO ] [LOCK] Central Hospital — 272.3 kW (life support)
[2026-04-29 15:43:23] [INFO ] [Alloc] Distributed 1902.9 / 1902.9 kW | Unmet: 0.0 kW
[2026-04-29 15:43:25] [INFO ] Cycle #12 | Supply: 2193.9 kW
[2026-04-29 15:43:25] [INFO ] [LOCK] Central Hospital — 241.3 kW (life support)
[2026-04-29 15:43:25] [INFO ] [Alloc] Distributed 1687.6 / 1687.6 kW | Unmet: 0.0 kW
[2026-04-29 15:43:27] [INFO ] Cycle #13 | Supply: 2265.7 kW
[2026-04-29 15:43:27] [INFO ] [LOCK] Central Hospital — 268.9 kW (life support)
[2026-04-29 15:43:27] [INFO ] [Alloc] Distributed 1765.5 / 1765.5 kW | Unmet: -0.0 kW
[2026-04-29 15:43:29] [INFO ] Cycle #14 | Supply: 2042.5 kW
[2026-04-29 15:43:29] [INFO ] [LOCK] Central Hospital — 182.3 kW (life support)
[2026-04-29 15:43:29] [INFO ] [Alloc] Distributed 1599.5 / 1599.5 kW | Unmet: 0.0 kW
[2026-04-29 15:43:31] [INFO ] Cycle #15 | Supply: 2058.7 kW
[2026-04-29 15:43:31] [INFO ] [LOCK] Central Hospital — 219.0 kW (life support)
[2026-04-29 15:43:31] [INFO ] [Alloc] Distributed 1551.9 / 1551.9 kW | Unmet: -0.0 kW
[2026-04-29 15:43:33] [INFO ] Cycle #16 | Supply: 1778.1 kW
[2026-04-29 15:43:33] [INFO ] [LOCK] Central Hospital — 232.4 kW (life support)
[2026-04-29 15:43:33] [INFO ] [Alloc] Distributed 1450.1 / 1450.1 kW | Unmet: 0.0 kW
[2026-04-29 15:43:35] [INFO ] Cycle #17 | Supply: 1960.8 kW
[2026-04-29 15:43:35] [INFO ] [LOCK] Central Hospital — 248.3 kW (life support)
[2026-04-29 15:43:35] [INFO ] [Alloc] Distributed 1425.8 / 1425.8 kW | Unmet: 0.0 kW
[2026-04-29 15:43:37] [INFO ] Cycle #18 | Supply: 2138.9 kW
[2026-04-29 15:43:37] [INFO ] [LOCK] Central Hospital — 217.0 kW (life support)
[2026-04-29 15:43:37] [INFO ] [Alloc] Distributed 1439.4 / 1439.4 kW | Unmet: 0.0 kW
[2026-04-29 15:43:39] [INFO ] Cycle #19 | Supply: 2131.6 kW
[2026-04-29 15:43:39] [INFO ] [LOCK] Central Hospital — 215.5 kW (life support)
[2026-04-29 15:43:39] [INFO ] [Alloc] Distributed 1356.4 / 1356.4 kW | Unmet: 0.0 kW
[2026-04-29 15:43:41] [INFO ] Cycle #20 | Supply: 2145.4 kW
[2026-04-29 15:43:41] [INFO ] [LOCK] Central Hospital — 173.0 kW (life support)
[2026-04-29 15:43:41] [INFO ] [Alloc] Distributed 1365.7 / 1365.7 kW | Unmet: 0.0 kW
[2026-04-29 15:43:43] [INFO ] Cycle #21 | Supply: 2090.4 kW
[2026-04-29 15:43:43] [INFO ] [LOCK] Central Hospital — 153.1 kW (life support)
[2026-04-29 15:43:43] [INFO ] [Alloc] Distributed 1374.6 / 1374.6 kW | Unmet: 0.0 kW
[2026-04-29 15:43:45] [INFO ] Cycle #22 | Supply: 2293.1 kW
[2026-04-29 15:43:45] [INFO ] [LOCK] Central Hospital — 128.8 kW (life support)
[2026-04-29 15:43:45] [INFO ] [Alloc] Distributed 1381.4 / 1381.4 kW | Unmet: 0.0 kW
[2026-04-29 15:43:47] [INFO ] Cycle #23 | Supply: 2004.5 kW
[2026-04-29 15:43:47] [INFO ] [LOCK] Central Hospital — 130.5 kW (life support)
[2026-04-29 15[2026-04-29 15:46:35] [INFO ] === VoltSync Session Started ===
[2026-04-29 15:46:35] [INFO ] Sector registered: Central Hospital [CRITICAL]
[2026-04-29 15:46:35] [INFO ] Sector registered: Fire Station Alpha [CRITICAL]
[2026-04-29 15:46:35] [INFO ] Sector registered: Industrial Zone A [HIGH]
[2026-04-29 15:46:35] [INFO ] Sector registered: Water Treatment [HIGH]
[2026-04-29 15:46:35] [INFO ] Sector registered: Downtown Commercial [MEDIUM]
[2026-04-29 15:46:35] [INFO ] Sector registered: Residential North [LOW]
[2026-04-29 15:46:35] [INFO ] Sector registered: Residential South [LOW]
[2026-04-29 15:46:35] [INFO ] Source added: Solar Farm Alpha
[2026-04-29 15:46:35] [INFO ] Source added: Solar Farm Beta
[2026-04-29 15:46:35] [INFO ] Source added: Wind Park North
[2026-04-29 15:46:35] [INFO ] Source added: Coal Plant Base
[2026-04-29 15:46:36] [INFO ] Thread started for sector: Central Hospital [Sector-Central Hospital]
[2026-04-29 15:46:36] [INFO ] Thread started for sector: Fire Station Alpha [Sector-Fire Station Alpha]
[2026-04-29 15:46:36] [INFO ] Supply simulation thread started [SupplyThread]
[2026-04-29 15:46:36] [INFO ] Thread started for sector: Industrial Zone A [Sector-Industrial Zone A]
[2026-04-29 15:46:36] [INFO ] Thread started for sector: Residential North [Sector-Residential North]
[2026-04-29 15:46:36] [INFO ] Thread started for sector: Downtown Commercial [Sector-Downtown Commercial]
[2026-04-29 15:46:36] [INFO ] Thread started for sector: Residential South [Sector-Residential South]
[2026-04-29 15:46:36] [INFO ] Thread started for sector: Water Treatment [Sector-Water Treatment]
[2026-04-29 15:46:38] [INFO ] Cycle #1 | Supply: 2076.3 kW
[2026-04-29 15:46:38] [WARN ] Overload risk! Demand 2207.5 kW vs Supply 2076.3 kW (106%)
[2026-04-29 15:46:38] [WARN ] Load shed on Residential South: gave 158.8 / 290.0 kW
[2026-04-29 15:46:38] [INFO ] [Alloc] Distributed 2076.3 / 2207.5 kW | Unmet: 131.2 kW
[2026-04-29 15:46:40] [INFO ] Cycle #2 | Supply: 2091.6 kW
[2026-04-29 15:46:40] [WARN ] Overload risk! Demand 2237.4 kW vs Supply 2091.6 kW (107%)
[2026-04-29 15:46:40] [WARN ] Load shed on Residential South: gave 199.9 / 345.7 kW
[2026-04-29 15:46:40] [INFO ] [Alloc] Distributed 2091.6 / 2237.4 kW | Unmet: 145.8 kW
[2026-04-29 15:46:42] [INFO ] Cycle #3 | Supply: 2013.2 kW
[2026-04-29 15:46:42] [WARN ] Overload risk! Demand 2361.6 kW vs Supply 2013.2 kW (117%)
[2026-04-29 15:46:42] [WARN ] Load shed on Residential South: gave 29.7 / 378.2 kW
[2026-04-29 15:46:42] [INFO ] [Alloc] Distributed 2013.2 / 2361.6 kW | Unmet: 348.4 kW
[2026-04-29 15:46:44] [INFO ] Cycle #4 | Supply: 2063.7 kW
[2026-04-29 15:46:44] [WARN ] Overload risk! Demand 2242.4 kW vs Supply 2063.7 kW (109%)
[2026-04-29 15:46:44] [WARN ] Load shed on Residential South: gave 130.6 / 309.3 kW
[2026-04-29 15:46:44] [INFO ] [Alloc] Distributed 2063.7 / 2242.4 kW | Unmet: 178.7 kW
[2026-04-29 15:46:46] [INFO ] Cycle #5 | Supply: 2226.4 kW
[2026-04-29 15:46:46] [WARN ] Overload risk! Demand 2233.4 kW vs Supply 2226.4 kW (100%)
[2026-04-29 15:46:46] [WARN ] Load shed on Residential South: gave 321.6 / 328.6 kW
[2026-04-29 15:46:46] [INFO ] [Alloc] Distributed 2226.4 / 2233.4 kW | Unmet: 7.0 kW
[2026-04-29 15:46:48] [INFO ] Cycle #6 | Supply: 2286.8 kW
[2026-04-29 15:46:48] [WARN ] Overload risk! Demand 2272.8 kW vs Supply 2286.8 kW (99%)
[2026-04-29 15:46:48] [INFO ] [LOCK] Central Hospital — 364.9 kW (life support)
[2026-04-29 15:46:48] [INFO ] [Alloc] Distributed 2272.8 / 2272.8 kW | Unmet: 0.0 kW
[2026-04-29 15:46:50] [INFO ] Cycle #7 | Supply: 2206.3 kW
[2026-04-29 15:46:50] [WARN ] Overload risk! Demand 2268.7 kW vs Supply 2206.3 kW (103%)
[2026-04-29 15:46:50] [INFO ] [LOCK] Central Hospital — 287.7 kW (life support)
[2026-04-29 15:46:50] [WARN ] Load shed on Residential South: gave 306.0 / 368.3 kW
[2026-04-29 15:46:50] [INFO ] [Alloc] Distributed 2206.3 / 2268.7 kW | Unmet: 62.4 kW
[2026-04-29 15:46:52] [INFO ] Cycle #8 | Supply: 2107.7 kW
[2026-04-29 15:46:52] [WARN ] Overload risk! Demand 2166.5 kW vs Supply 2107.7 kW (103%)
[2026-04-29 15:46:52] [INFO ] [LOCK] Central Hospital — 288.7 kW (life support)
[2026-04-29 15:46:52] [WARN ] Load shed on Residential South: gave 269.4 / 328.1 kW
[2026-04-29 15:46:52] [INFO ] [Alloc] Distributed 2107.7 / 2166.5 kW | Unmet: 58.8 kW
[2026-04-29 15:46:54] [INFO ] Cycle #9 | Supply: 2218.4 kW
[2026-04-29 15:46:54] [WARN ] Overload risk! Demand 2266.5 kW vs Supply 2218.4 kW (102%)
[2026-04-29 15:46:54] [INFO ] [LOCK] Central Hospital — 309.9 kW (life support)
[2026-04-29 15:46:54] [WARN ] Load shed on Residential South: gave 262.4 / 310.6 kW
[2026-04-29 15:46:54] [INFO ] [Alloc] Distributed 2218.4 / 2266.5 kW | Unmet: 48.2 kW
[2026-04-29 15:46:56] [INFO ] Cycle #10 | Supply: 2072.2 kW
[2026-04-29 15:46:56] [WARN ] Overload risk! Demand 2303.7 kW vs Supply 2072.2 kW (111%)
[2026-04-29 15:46:56] [INFO ] [LOCK] Central Hospital — 289.8 kW (life support)
[2026-04-29 15:46:56] [WARN ] Load shed on Residential South: gave 91.2 / 322.7 kW
[2026-04-29 15:46:56] [INFO ] [Alloc] Distributed 2072.2 / 2303.7 kW | Unmet: 231.4 kW
[2026-04-29 15:46:58] [INFO ] Cycle #11 | Supply: 2131.5 kW
[2026-04-29 15:46:58] [WARN ] Overload risk! Demand 2502.1 kW vs Supply 2131.5 kW (117%)
[2026-04-29 15:46:58] [INFO ] [LOCK] Central Hospital — 294.5 kW (life support)
[2026-04-29 15:46:58] [WARN ] Load shed on Residential North: gave 672.5 / 677.8 kW
[2026-04-29 15:46:58] [WARN ] Load shed on Residential South: gave 0.0 / 365.3 kW
[2026-04-29 15:46:58] [INFO ] [Alloc] Distributed 2131.5 / 2502.1 kW | Unmet: 370.6 kW
[2026-04-29 15:47:00] [INFO ] Cycle #12 | Supply: 2049.4 kW
[2026-04-29 15:47:00] [WARN ] Overload risk! Demand 2340.2 kW vs Supply 2049.4 kW (114%)
[2026-04-29 15:47:00] [INFO ] [LOCK] Central Hospital — 218.8 kW (life support)
[2026-04-29 15:47:00] [WARN ] Load shed on Residential North: gave 667.7 / 674.3 kW
[2026-04-29 15:47:00] [WARN ] Load shed on Residential South: gave 0.0 / 284.2 kW
[2026-04-29 15:47:00] [INFO ] [Alloc] Distributed 2049.4 / 2340.2 kW | Unmet: 290.8 kW
[2026-04-29 15:47:02] [INFO ] Cycle #13 | Supply: 2286.7 kW
[2026-04-29 15:47:02] [WARN ] Overload risk! Demand 2293.2 kW vs Supply 2286.7 kW (100%)
[2026-04-29 15:47:02] [INFO ] [LOCK] Central Hospital — 262.7 kW (life support)
[2026-04-29 15:47:02] [WARN ] Load shed on Residential South: gave 249.7 / 256.2 kW
[2026-04-29 15:47:02] [INFO ] [Alloc] Distributed 2286.7 / 2293.2 kW | Unmet: 6.5 kW
[2026-04-29 15:47:04] [INFO ] Cycle #14 | Supply: 2261.2 kW
[2026-04-29 15:47:04] [WARN ] Overload risk! Demand 2199.2 kW vs Supply 2261.2 kW (97%)
[2026-04-29 15:47:04] [INFO ] [LOCK] Central Hospital — 253.6 kW (life support)
[2026-04-29 15:47:04] [INFO ] [Alloc] Distributed 2199.2 / 2199.2 kW | Unmet: 0.0 kW
[2026-04-29 15:47:06] [INFO ] Cycle #15 | Supply: 2223.4 kW
[2026-04-29 15:47:06] [WARN ] Overload risk! Demand 1977.6 kW vs Supply 2223.4 kW (89%)
[2026-04-29 15:47:06] [INFO ] [LOCK] Central Hospital — 208.4 kW (life support)
[2026-04-29 15:47:06] [INFO ] [Alloc] Distributed 1977.6 / 1977.6 kW | Unmet: 0.0 kW
[2026-04-29 15:47:08] [INFO ] Cycle #16 | Supply: 2164.1 kW
[2026-04-29 15:47:08] [INFO ] [LOCK] Central Hospital — 188.7 kW (life support)
[2026-04-29 15:47:08] [INFO ] [Alloc] Distributed 1837.4 / 1837.4 kW | Unmet: 0.0 kW
[2026-04-29 15:47:10] [INFO ] Cycle #17 | Supply: 2199.2 kW
[2026-04-29 15:47:10] [WARN ] Overload risk! Demand 2070.0 kW vs Supply 2199.2 kW (94%)
[2026-04-29 15:47:10] [INFO ] [LOCK] Central Hospital — 212.8 kW (life support)
[2026-04-29 15:47:10] [INFO ] [Alloc] Distributed 2070.0 / 2070.0 kW | Unmet: 0.0 kW
[2026-04-29 15:47:12] [INFO ] Cycle #18 | Supply: 2023.9 kW
[2026-04-29 15:47:12] [WARN ] Overload risk! Demand 1987.3 kW vs Supply 2023.9 kW (98%)
[2026-04-29 15:47:12] [INFO ] [LOCK] Central Hospital — 215.1 kW (life support)
[2026-04-29 15:47:12] [INFO ] [Alloc] Distributed 1987.3 / 1987.3 kW | Unmet: 0.0 kW
[2026-04-29 15:47:14] [INFO ] Cycle #19 | Supply: 2078.0 kW
[2026-04-29 15:47:14] [WARN ] Overload risk! De[2026-04-29 15:49:14] [INFO ] === VoltSync Session Started ===
[2026-04-29 15:49:14] [INFO ] Sector registered: Central Hospital [CRITICAL]
[2026-04-29 15:49:14] [INFO ] Sector registered: Fire Station Alpha [CRITICAL]
[2026-04-29 15:49:14] [INFO ] Sector registered: Industrial Zone A [HIGH]
[2026-04-29 15:49:14] [INFO ] Sector registered: Water Treatment [HIGH]
[2026-04-29 15:49:14] [INFO ] Sector registered: Downtown Commercial [MEDIUM]
[2026-04-29 15:49:14] [INFO ] Sector registered: Residential North [LOW]
[2026-04-29 15:49:14] [INFO ] Sector registered: Residential South [LOW]
[2026-04-29 15:49:14] [INFO ] Source added: Solar Farm Alpha
[2026-04-29 15:49:14] [INFO ] Source added: Solar Farm Beta
[2026-04-29 15:49:14] [INFO ] Source added: Wind Park North
[2026-04-29 15:49:14] [INFO ] Source added: Coal Plant Base
[2026-04-29 15:49:14] [INFO ] Thread started for sector: Industrial Zone A [Sector-Industrial Zone A]
[2026-04-29 15:49:14] [INFO ] Thread started for sector: Water Treatment [Sector-Water Treatment]
[2026-04-29 15:49:14] [INFO ] Thread started for sector: Downtown Commercial [Sector-Downtown Commercial]
[2026-04-29 15:49:14] [INFO ] Thread started for sector: Central Hospital [Sector-Central Hospital]
[2026-04-29 15:49:14] [INFO ] Thread started for sector: Residential North [Sector-Residential North]
[2026-04-29 15:49:14] [INFO ] Thread started for sector: Fire Station Alpha [Sector-Fire Station Alpha]
[2026-04-29 15:49:14] [INFO ] Thread started for sector: Residential South [Sector-Residential South]
[2026-04-29 15:49:14] [INFO ] Supply simulation thread started [SupplyThread]
[2026-04-29 15:49:16] [INFO ] Cycle #1 | Supply: 2188.0 kW
[2026-04-29 15:49:16] [WARN ] Overload risk! Demand 2311.5 kW vs Supply 2188.0 kW (106%)
[2026-04-29 15:49:16] [WARN ] Load shed on Residential South: gave 210.0 / 333.6 kW
[2026-04-29 15:49:16] [INFO ] [Alloc] Distributed 2188.0 / 2311.5 kW | Unmet: 123.5 kW
[2026-04-29 15:49:18] [INFO ] Cycle #2 | Supply: 2195.3 kW
[2026-04-29 15:49:18] [WARN ] Overload risk! Demand 2541.8 kW vs Supply 2195.3 kW (116%)
[2026-04-29 15:49:18] [WARN ] Load shed on Residential South: gave 7.2 / 353.7 kW
[2026-04-29 15:49:18] [INFO ] [Alloc] Distributed 2195.3 / 2541.8 kW | Unmet: 346.5 kW
[2026-04-29 15:49:20] [INFO ] Cycle #3 | Supply: 2140.3 kW
[2026-04-29 15:49:20] [WARN ] Overload risk! Demand 2372.5 kW vs Supply 2140.3 kW (111%)
[2026-04-29 15:49:20] [WARN ] Load shed on Residential South: gave 136.1 / 368.3 kW
[2026-04-29 15:49:20] [INFO ] [Alloc] Distributed 2140.3 / 2372.5 kW | Unmet: 232.2 kW
[2026-04-29 15:49:23] [INFO ] Cycle #4 | Supply: 2144.5 kW
[2026-04-29 15:49:23] [WARN ] Overload risk! Demand 2264.6 kW vs Supply 2144.5 kW (106%)
[2026-04-29 15:49:23] [WARN ] Load shed on Residential South: gave 244.4 / 364.4 kW
[2026-04-29 15:49:23] [INFO ] [Alloc] Distributed 2144.5 / 2264.6 kW | Unmet: 120.0 kW
[2026-04-29 15:49:25] [INFO ] Cycle #5 | Supply: 2218.3 kW
[2026-04-29 15:49:25] [WARN ] Overload risk! Demand 2318.6 kW vs Supply 2218.3 kW (105%)
[2026-04-29 15:49:25] [WARN ] Load shed on Residential South: gave 284.9 / 385.1 kW
[2026-04-29 15:49:25] [INFO ] [Alloc] Distributed 2218.3 / 2318.6 kW | Unmet: 100.2 kW
[2026-04-29 15:49:27] [INFO ] Cycle #6 | Supply: 2017.6 kW
[2026-04-29 15:49:27] [WARN ] Overload risk! Demand 2023.1 kW vs Supply 2017.6 kW (100%)
[2026-04-29 15:49:27] [INFO ] [LOCK] Central Hospital — 264.6 kW (life support)
[2026-04-29 15:49:27] [WARN ] Load shed on Residential South: gave 339.5 / 345.0 kW
[2026-04-29 15:49:27] [INFO ] [Alloc] Distributed 2017.6 / 2023.1 kW | Unmet: 5.6 kW
[2026-04-29 15:49:29] [INFO ] Cycle #7 | Supply: 2294.8 kW
[2026-04-29 15:49:29] [WARN ] Overload risk! Demand 2044.4 kW vs Supply 2294.8 kW (89%)
[2026-04-29 15:49:29] [INFO ] [LOCK] Central Hospital — 322.5 kW (life support)
[2026-04-29 15:49:29] [INFO ] [Alloc] Distributed 2044.4 / 2044.4 kW | Unmet: 0.0 kW
[2026-04-29 15:49:31] [INFO ] Cycle #8 | Supply: 2200.6 kW
[2026-04-29 15:49:31] [WARN ] Overload risk! Demand 2089.9 kW vs Supply 2200.6 kW (95%)
[2026-04-29 15:49:31] [INFO ] [LOCK] Central Hospital — 389.0 kW (life support)
[2026-04-29 15:49:31] [INFO ] [Alloc] Distributed 2089.9 / 2089.9 kW | Unmet: 0.0 kW
[2026-04-29 15:49:33] [INFO ] Cycle #9 | Supply: 2189.1 kW
[2026-04-29 15:49:33] [WARN ] Overload risk! Demand 2397.6 kW vs Supply 2189.1 kW (110%)
[2026-04-29 15:49:33] [INFO ] [LOCK] Central Hospital — 460.7 kW (life support)
[2026-04-29 15:49:33] [WARN ] Load shed on Residential South: gave 108.4 / 316.9 kW
[2026-04-29 15:49:33] [INFO ] [Alloc] Distributed 2189.1 / 2397.6 kW | Unmet: 208.5 kW
[2026-04-29 15:49:35] [INFO ] Cycle #10 | Supply: 2020.4 kW
[2026-04-29 15:49:35] [WARN ] Overload risk! Demand 2408.4 kW vs Supply 2020.4 kW (119%)
[2026-04-29 15:49:35] [INFO ] [LOCK] Central Hospital — 632.9 kW (life support)
[2026-04-29 15:49:35] [WARN ] Load shed on Residential North: gave 386.9 / 478.8 kW
[2026-04-29 15:49:35] [WARN ] Load shed on Residential South: gave 0.0 / 296.2 kW
[2026-04-29 15:49:35] [INFO ] [Alloc] Distributed 2020.4 / 2408.4 kW | Unmet: 388.0 kW
[2026-04-29 15:49:37] [INFO ] Cycle #11 | Supply: 2164.9 kW
[2026-04-29 15:49:37] [WARN ] Overload risk! Demand 2368.7 kW vs Supply 2164.9 kW (109%)
[2026-04-29 15:49:37] [INFO ] [LOCK] Central Hospital — 613.6 kW (life support)
[2026-04-29 15:49:37] [WARN ] Load shed on Residential South: gave 21.3 / 225.2 kW
[2026-04-29 15:49:37] [INFO ] [Alloc] Distributed 2164.9 / 2368.7 kW | Unmet: 203.8 kW
[2026-04-29 15:49:39] [INFO ] Cycle #12 | Supply: 2244.8 kW
[2026-04-29 15:49:39] [WARN ] Overload risk! Demand 1935.2 kW vs Supply 2244.8 kW (86%)
[2026-04-29 15:49:39] [INFO ] [LOCK] Central Hospital — 507.2 kW (life support)
[2026-04-29 15:49:39] [INFO ] [Alloc] Distributed 1935.2 / 1935.2 kW | Unmet: 0.0 kW
[2026-04-29 15:49:41] [INFO ] Cycle #13 | Supply: 2054.0 kW
[2026-04-29 15:49:41] [WARN ] Overload risk! Demand 1848.2 kW vs Supply 2054.0 kW (90%)
[2026-04-29 15:49:41] [INFO ] [LOCK] Central Hospital — 442.9 kW (life support)
[2026-04-29 15:49:41] [INFO ] [Alloc] Distributed 1848.2 / 1848.2 kW | Unmet: 0.0 kW
[2026-04-29 15:49:43] [INFO ] Cycle #14 | Supply: 2213.1 kW
[2026-04-29 15:49:43] [INFO ] [LOCK] Central Hospital — 423.6 kW (life support)
[2026-04-29 15:49:43] [INFO ] [Alloc] Distributed 1815.7 / 1815.7 kW | Unmet: 0.0 kW
[2026-04-29 15:49:45] [INFO ] Cycle #15 | Supply: 2269.2 kW
[2026-04-29 15:49:45] [INFO ] [LOCK] Central Hospital — 343.2 kW (life support)
[2026-04-29 15:49:45] [INFO ] [Alloc] Distributed 1871.7 / 1871.7 kW | Unmet: -0.0 kW
[2026-04-29 15:49:47] [INFO ] Cycle #16 | Supply: 2002.8 kW
[2026-04-29 15:49:47] [WARN ] Overload risk! Demand 1881.7 kW vs Supply 2002.8 kW (94%)
[2026-04-29 15:49:47] [INFO ] [LOCK] Central Hospital — 247.3 kW (life support)
[2026-04-29 15:49:47] [INFO ] [Alloc] Distributed 1881.7 / 1881.7 kW | Unmet: -0.0 kW
[2026-04-29 15:49:49] [INFO ] Cycle #17 | Supply: 2272.2 kW
[2026-04-29 15:49:49] [INFO ] [LOCK] Central Hospital — 244.2 kW (life support)
[2026-04-29 15:49:49] [INFO ] [Alloc] Distributed 1722.6 / 1722.6 kW | Unmet: 0.0 kW
[2026-04-29 15:49:51] [INFO ] Cycle #18 | Supply: 2126.1 kW
[2026-04-29 15:49:51] [WARN ] Overload risk! Demand 1837.0 kW vs Supply 2126.1 kW (86%)
[2026-04-29 15:49:51] [INFO ] [LOCK] Central Hospital — 219.3 kW (life support)
[2026-04-29 15:49:51] [INFO ] [Alloc] Distributed 1837.0 / 1837.0 kW | Unmet: 0.0 kW
[2026-04-29 15:49:53] [INFO ] Cycle #19 | Supply: 2031.6 kW
[2026-04-29 15:49:53] [WARN ] Overload risk! Demand 1911.6 kW vs Supply 2031.6 kW (94%)
[2026-04-29 15:49:53] [INFO ] [LOCK] Central Hospital — 209.2 kW (life support)
[2026-04-29 15:49:53] [INFO ] [Alloc] Distributed 1911.6 / 1911.6 kW | Unmet: 0.0 kW
[2026-04-29 15:49:55] [INFO ] Cycle #20 | Supply: 2300.0 kW
[2026-04-29 15:49:55] [WARN ] Overload risk! Demand 1972.0 kW vs Supply 2300.0 kW (86%)
[2026-04-29 15:49:55] [INFO ] [LOCK] Central Hospital — 222.3 kW (life support)
[2026-04-29 15:49:55] [INFO ] [Alloc] Distributed 1972.0 / 1972.0 kW | Unme[2026-04-29 15:50:59] [INFO ] === VoltSync Session Started ===
[2026-04-29 15:50:59] [INFO ] Sector registered: Central Hospital [CRITICAL]
[2026-04-29 15:50:59] [INFO ] Sector registered: Fire Station Alpha [CRITICAL]
[2026-04-29 15:50:59] [INFO ] Sector registered: Industrial Zone A [HIGH]
[2026-04-29 15:50:59] [INFO ] Sector registered: Water Treatment [HIGH]
[2026-04-29 15:50:59] [INFO ] Sector registered: Downtown Commercial [MEDIUM]
[2026-04-29 15:50:59] [INFO ] Sector registered: Residential North [LOW]
[2026-04-29 15:50:59] [INFO ] Sector registered: Residential South [LOW]
[2026-04-29 15:50:59] [INFO ] Source added: Solar Farm Alpha
[2026-04-29 15:50:59] [INFO ] Source added: Solar Farm Beta
[2026-04-29 15:50:59] [INFO ] Source added: Wind Park North
[2026-04-29 15:50:59] [INFO ] Source added: Coal Plant Base
[2026-04-29 15:50:59] [INFO ] Thread started for sector: Central Hospital [Sector-Central Hospital]
[2026-04-29 15:50:59] [INFO ] Thread started for sector: Industrial Zone A [Sector-Industrial Zone A]
[2026-04-29 15:50:59] [INFO ] Supply simulation thread started [SupplyThread]
[2026-04-29 15:50:59] [INFO ] Thread started for sector: Residential North [Sector-Residential North]
[2026-04-29 15:50:59] [INFO ] Thread started for sector: Water Treatment [Sector-Water Treatment]
[2026-04-29 15:50:59] [INFO ] Thread started for sector: Downtown Commercial [Sector-Downtown Commercial]
[2026-04-29 15:50:59] [INFO ] Thread started for sector: Residential South [Sector-Residential South]
[2026-04-29 15:50:59] [INFO ] Thread started for sector: Fire Station Alpha [Sector-Fire Station Alpha]
[2026-04-29 15:51:01] [INFO ] Cycle #1 | Supply: 2118.0 kW
[2026-04-29 15:51:01] [WARN ] Overload risk! Demand 2082.6 kW vs Supply 2118.0 kW (98%)
[2026-04-29 15:51:01] [INFO ] [Alloc] Distributed 2082.6 / 2082.6 kW | Unmet: 0.0 kW
[2026-04-29 15:51:03] [INFO ] Cycle #2 | Supply: 2271.5 kW
[2026-04-29 15:51:03] [WARN ] Overload risk! Demand 2265.1 kW vs Supply 2271.5 kW (100%)
[2026-04-29 15:51:03] [INFO ] [Alloc] Distributed 2265.1 / 2265.1 kW | Unmet: 0.0 kW
[2026-04-29 15:51:05] [INFO ] Cycle #3 | Supply: 2084.8 kW
[2026-04-29 15:51:05] [WARN ] Overload risk! Demand 2226.5 kW vs Supply 2084.8 kW (107%)
[2026-04-29 15:51:05] [WARN ] Load shed on Residential South: gave 378.9 / 520.6 kW
[2026-04-29 15:51:05] [INFO ] [Alloc] Distributed 2084.8 / 2226.5 kW | Unmet: 141.8 kW
[2026-04-29 15:51:07] [INFO ] Cycle #4 | Supply: 2039.4 kW
[2026-04-29 15:51:07] [WARN ] Overload risk! Demand 2083.9 kW vs Supply 2039.4 kW (102%)
[2026-04-29 15:51:07] [WARN ] Load shed on Residential South: gave 430.2 / 474.7 kW
[2026-04-29 15:51:07] [INFO ] [Alloc] Distributed 2039.4 / 2083.9 kW | Unmet: 44.5 kW
[2026-04-29 15:51:09] [INFO ] Cycle #5 | Supply: 2042.6 kW
[2026-04-29 15:51:09] [WARN ] Overload risk! Demand 2288.2 kW vs Supply 2042.6 kW (112%)
[2026-04-29 15:51:09] [WARN ] Load shed on Residential South: gave 283.5 / 529.2 kW
[2026-04-29 15:51:09] [INFO ] [Alloc] Distributed 2042.6 / 2288.2 kW | Unmet: 245.6 kW
[2026-04-29 15:51:11] [INFO ] Cycle #6 | Supply: 2278.8 kW
[2026-04-29 15:51:11] [WARN ] Overload risk! Demand 2228.3 kW vs Supply 2278.8 kW (98%)
[2026-04-29 15:51:11] [INFO ] [LOCK] Central Hospital — 237.4 kW (life support)
[2026-04-29 15:51:11] [INFO ] [Alloc] Distributed 2228.3 / 2228.3 kW | Unmet: 0.0 kW
[2026-04-29 15:51:14] [INFO ] Cycle #7 | Supply: 2173.9 kW
[2026-04-29 15:51:14] [WARN ] Overload risk! Demand 2285.7 kW vs Supply 2173.9 kW (105%)
[2026-04-29 15:51:14] [INFO ] [LOCK] Central Hospital — 170.6 kW (life support)
[2026-04-29 15:51:14] [WARN ] Load shed on Residential South: gave 387.9 / 499.7 kW
[2026-04-29 15:51:14] [INFO ] [Alloc] Distributed 2173.9 / 2285.7 kW | Unmet: 111.8 kW
[2026-04-29 15:51:16] [INFO ] Cycle #8 | Supply: 2134.0 kW
[2026-04-29 15:51:16] [WARN ] Overload risk! Demand 2256.1 kW vs Supply 2134.0 kW (106%)
[2026-04-29 15:51:16] [INFO ] [LOCK] Central Hospital — 143.0 kW (life support)
[2026-04-29 15:51:16] [WARN ] Load shed on Residential South: gave 383.1 / 505.2 kW
[2026-04-29 15:51:16] [INFO ] [Alloc] Distributed 2134.0 / 2256.1 kW | Unmet: 122.0 kW
[2026-04-29 15:51:18] [INFO ] Cycle #9 | Supply: 2043.6 kW
[2026-04-29 15:51:18] [WARN ] Overload risk! Demand 2356.8 kW vs Supply 2043.6 kW (115%)
[2026-04-29 15:51:18] [INFO ] [LOCK] Central Hospital — 121.1 kW (life support)
[2026-04-29 15:51:18] [WARN ] Load shed on Residential South: gave 225.2 / 538.5 kW
[2026-04-29 15:51:18] [INFO ] [Alloc] Distributed 2043.6 / 2356.8 kW | Unmet: 313.2 kW
[2026-04-29 15:51:20] [INFO ] Cycle #10 | Supply: 2113.6 kW
[2026-04-29 15:51:20] [WARN ] Overload risk! Demand 2200.5 kW vs Supply 2113.6 kW (104%)
[2026-04-29 15:51:20] [INFO ] [LOCK] Central Hospital — 127.9 kW (life support)
[2026-04-29 15:51:20] [WARN ] Load shed on Residential South: gave 400.0 / 486.8 kW
[2026-04-29 15:51:20] [INFO ] [Alloc] Distributed 2113.6 / 2200.5 kW | Unmet: 86.8 kW
[2026-04-29 15:51:22] [INFO ] Cycle #11 | Supply: 2101.5 kW
[2026-04-29 15:51:22] [WARN ] Overload risk! Demand 2284.8 kW vs Supply 2101.5 kW (109%)
[2026-04-29 15:51:22] [INFO ] [LOCK] Central Hospital — 107.8 kW (life support)
[2026-04-29 15:51:22] [WARN ] Load shed on Residential South: gave 342.8 / 526.0 kW
[2026-04-29 15:51:22] [INFO ] [Alloc] Distributed 2101.5 / 2284.8 kW | Unmet: 183.3 kW
[2026-04-29 15:51:24] [INFO ] Cycle #12 | Supply: 2048.6 kW
[2026-04-29 15:51:24] [WARN ] Overload risk! Demand 2447.8 kW vs Supply 2048.6 kW (119%)
[2026-04-29 15:51:24] [INFO ] [LOCK] Central Hospital — 98.3 kW (life support)
[2026-04-29 15:51:24] [WARN ] Load shed on Residential South: gave 89.5 / 488.7 kW
[2026-04-29 15:51:24] [INFO ] [Alloc] Distributed 2048.6 / 2447.8 kW | Unmet: 399.2 kW
[2026-04-29 15:51:26] [INFO ] Cycle #13 | Supply: 2053.9 kW
[2026-04-29 15:51:26] [WARN ] Overload risk! Demand 2544.7 kW vs Supply 2053.9 kW (124%)
[2026-04-29 15:51:26] [INFO ] [LOCK] Central Hospital — 115.1 kW (life support)
[2026-04-29 15:51:26] [WARN ] Load shed on Residential South: gave 75.3 / 566.1 kW
[2026-04-29 15:51:26] [INFO ] [Alloc] Distributed 2053.9 / 2544.7 kW | Unmet: 490.8 kW
[2026-04-29 15:51:28] [INFO ] Cycle #14 | Supply: 2027.2 kW
[2026-04-29 15:51:28] [WARN ] Overload risk! Demand 2498.6 kW vs Supply 2027.2 kW (123%)
[2026-04-29 15:51:28] [INFO ] [LOCK] Central Hospital — 113.4 kW (life support)
[2026-04-29 15:51:28] [WARN ] Load shed on Residential South: gave 93.0 / 564.5 kW
[2026-04-29 15:51:28] [INFO ] [Alloc] Distributed 2027.2 / 2498.6 kW | Unmet: 471.5 kW
[2026-04-29 15:51:30] [INFO ] Cycle #15 | Supply: 2147.7 kW
[2026-04-29 15:51:30] [WARN ] Overload risk! Demand 2448.6 kW vs Supply 2147.7 kW (114%)
[2026-04-29 15:51:30] [INFO ] [LOCK] Central Hospital — 124.2 kW (life support)
[2026-04-29 15:51:30] [WARN ] Load shed on Residential South: gave 329.0 / 629.9 kW
[2026-04-29 15:51:30] [INFO ] [Alloc] Distributed 2147.7 / 2448.6 kW | Unmet: 300.9 kW
[2026-04-29 15:51:32] [INFO ] Cycle #16 | Supply: 2014.2 kW
[2026-04-29 15:51:32] [WARN ] Overload risk! Demand 2480.1 kW vs Supply 2014.2 kW (123%)
[2026-04-29 15:51:32] [INFO ] [LOCK] Central Hospital — 133.7 kW (life support)
[2026-04-29 15:51:32] [WARN ] Load shed on Residential South: gave 196.6 / 662.4 kW
[2026-04-29 15:51:32] [INFO ] [Alloc] Distributed 2014.2 / 2480.1 kW | Unmet: 465.9 kW
[2026-04-29 15:51:34] [INFO ] Cycle #17 | Supply: 2039.4 kW
[2026-04-29 15:51:34] [WARN ] Overload risk! Demand 2498.8 kW vs Supply 2039.4 kW (123%)
[2026-04-29 15:51:34] [INFO ] [LOCK] Central Hospital — 109.7 kW (life support)
[2026-04-29 15:51:34] [WARN ] Load shed on Residential South: gave 103.6 / 563.0 kW
[2026-04-29 15:51:34] [INFO ] [Alloc] Distributed 2039.4 / 2498.8 kW | Unmet: 459.4 kW
[2026-04-29 15:51:36] [INFO ] Cycle #18 | Supply: 2269.1 kW
[2026-04-29 15:51:36] [WARN ] Overload risk! Demand 2313.0 kW vs Supply 2269.1 kW (102%)
[2026-04-29 15:51:36] [INFO ] [LOCK] Central Hospital — 116.8 kW (life support)
[2026-04-29 15:51:36] [WARN ] Load shed on Residential South: gave 511.6 / 555.5 kW
[2026-04-29 15:51:36] [INFO ] [Alloc] Distributed 2269.1 / 2313.0 kW | Unmet: 43.9 kW
[2026-04-29 15:51:38] [INFO ] Cycle #19 | Supply: 2258.2 kW
[2026-04-29 15:51:38] [WARN ] Overload risk! Demand 2354.4 kW vs Supply 2258.2 kW (104%)
[2026-04-29 15:51:38] [INFO ] [LOCK] Central Hospital — 122.7 kW (life support)
[2026-04-29 15:51:38] [WARN ] Load shed on Residential South: gave 467.6 / 563.9 kW
[2026-04-29 15:51:38] [INFO ] [Alloc] Distributed 2258.2 / 2354.4 kW | Unmet: 96.2 kW
[2026-04-29 15:51:40] [INFO ] Cycle #20 | Supply: 1946.9 kW
[2026-04-29 15:51:40] [WARN ] Overload risk! Demand 2365.3 kW vs Supply 1946.9 kW (121%)
[2026-04-29 15:51:40] [INFO ] [LOCK] Central Hospital — 130.1 kW (life support)
[2026-04-29 15:51:40] [WARN ] Load shed on Residential South: gave 112.7 / 531.1 kW
[2026-04-29 15:51:40] [INFO ] [Alloc] Distributed 1946.9 / 2365.3 kW | Unmet: 418.4 kW
[2026-04-29 15:51:42] [INFO ] Cycle #21 | Supply: 2061.0 kW
[2026-04-29 15:51:42] [WARN ] Overload risk! Demand 2174.8 kW vs Supply 2061.0 kW (106%)
[2026-04-29 15:51:42] [INFO ] [LOCK] Central Hospital — 107.7 kW (life support)
[2026-04-29 15:51:42] [WARN ] Load shed on Residential South: gave 290.2 / 404.1 kW
[2026-04-29 15:51:42] [INFO ] [Alloc] Distributed 2061.0 / 2174.8 kW | Unmet: 113.8 kW
[2026-04-29 15:51:44] [INFO ] Cycle #22 | Supply: 2227.1 kW
[2026-04-29 15:51:44] [WARN ] Overload risk! Demand 2311.2 kW vs Supply 2227.1 kW (104%)
[2026-04-29 15:51:44] [INFO ] [LOCK] Central Hospital — 103.1 kW (life support)
[2026-04-29 15:51:44] [WARN ] Load shed on Residential South: gave 347.2 / 431.2 kW
[2026-04-29 15:51:44] [INFO ] [Alloc] Distributed 2227.1 / 2311.2 kW | Unmet: 84.0 kW
[2026-04-29 15:51:46] [INFO ] Cycle #23 | Supply: 2300.0 kW
[2026-04-29 15:51:46] [WARN ] Overload risk! Demand 2254.0 kW vs Supply 2300.0 kW (98%)
[2026-04-29 15:51:46] [INFO ] [LOCK] Central Hospital — 88.6 kW (life support)
[2026-04-29 15:51:46] [INFO ] [Alloc] Distributed 2254.0 / 2254.0 kW | Unmet: 0.0 kW
[2026-04-29 15:51:48] [INFO ] Cycle #24 | Supply: 2156.1 kW
[2026-04-29 15:51:48] [WARN ] Overload risk! Demand 2240.0 kW vs Supply 2156.1 kW (104%)
[2026-04-29 15:51:48] [INFO ] [LOCK] Central Hospital — 78.1 kW (life support)
[2026-04-29 15:51:48] [WARN ] Load shed on Residential South: gave 295.4 / 379.3 kW
[2026-04-29 15:51:48] [INFO ] [Alloc] Distributed 2156.1 / 2240.0 kW | Unmet: 83.9 kW
[2026-04-29 15:51:50] [INFO ] Cycle #25 | Supply: 2300.0 kW
[2026-04-29 15:51:50] [WARN ] Overload risk! Demand 2224.6 kW vs Supply 2300.0 kW (97%)
[2026-04-29 15:51:50] [INFO ] [LOCK] Central Hospital — 75.3 kW (life support)
[2026-04-29 15:51:50] [INFO ] [Alloc] Distributed 2224.6 / 2224.6 kW | Unmet: 0.0 kW
[2026-04-29 15:51:52] [INFO ] Cycle #26 | Supply: 2254.3 kW
[2026-04-29 15:51:52] [WARN ] Overload risk! Demand 2159.9 kW vs Supply 2254.3 kW (96%)
[2026-04-29 15:51:52] [INFO ] [LOCK] Central Hospital — 100.6 kW (life support)
[2026-04-29 15:51:52] [INFO ] [Alloc] Distributed 2159.9 / 2159.9 kW | Unmet: 0.0 kW
[2026-04-29 15:51:54] [INFO ] Cycle #27 | Supply: 2157.7 kW
[2026-04-29 15:51:54] [WARN ] Overload risk! Demand 1916.6 kW vs Supply 2157.7 kW (89%)
[2026-04-29 15:51:54] [INFO ] [LOCK] Central Hospital — 99.3 kW (life support)
[2026-04-29 15:51:54] [INFO ] [Alloc] Distributed 1916.6 / 1916.6 kW | Unmet: -0.0 kW
[2026-04-29 15:51:56] [INFO ] Cycle #28 | Supply: 2250.1 kW
[2026-04-29 15:51:56] [WARN ] Overload risk! Demand 1996.7 kW vs Supply 2250.1 kW (89%)
[2026-04-29 15:51:56] [INFO ] [LOCK] Central Hospital — 75.2 kW (life support)
[2026-04-29 15:51:56] [INFO ] [Alloc] Distributed 1996.7 / 1996.7 kW | Unmet: 0.0 kW
[2026-04-29 15:51:58] [INFO ] Cycle #29 | Supply: 2204.4 kW
[2026-04-29 15:51:58] [WARN ] Overload risk! Demand 2075.1 kW vs Supply 2204.4 kW (94%)
[2026-04-29 15:51:58] [INFO ] [LOCK] Central Hospital — 64.1 kW (life support)
[2026-04-29 15:51:58] [INFO ] [Alloc] Distributed 2075.1 / 2075.1 kW | Unmet: 0.0 kW
[2026-04-29 15:52:00] [INFO ] Cycle #30 | Supply: 2277.8 kW
[2026-04-29 15:52:00] [WARN ] Overload risk! Demand 2121.1 kW vs Supply 2277.8 kW (93%)
[2026-04-29 15:52:00] [INFO ] [LOCK] Central Hospital — 59.5 kW (life support)
[2026-04-29 15:52:00] [INFO ] [Alloc] Distributed 2121.1 / 2121.1 kW | Unmet: -0.0 kW
[2026-04-29 15:52:02] [INFO ] Cycle #31 | Supply: 2142.9 kW
[2026-04-29 15:52:02] [WARN ] Overload risk! Demand 2162.0 kW vs Supply 2142.9 kW (101%)
[2026-04-29 15:52:02] [INFO ] [LOCK] Central Hospital — 73.3 kW (life support)
[2026-04-29 15:52:02] [WARN ] Load shed on Residential South: gave 336.1 / 355.1 kW
[2026-04-29 15:52:02] [INFO ] [Alloc] Distributed 2142.9 / 2162.0 kW | Unmet: 19.1 kW
[2026-04-29 15:52:04] [INFO ] Cycle #32 | Supply: 2225.8 kW
[2026-04-29 15:52:04] [WARN ] Overload risk! Demand 2223.6 kW vs Supply 2225.8 kW (100%)
[2026-04-29 15:52:04] [INFO ] [LOCK] Central Hospital — 68.0 kW (life support)
[2026-04-29 15:52:04] [INFO ] [Alloc] Distributed 2223.6 / 2223.6 kW | Unmet: 0.0 kW
[2026-04-29 15:52:06] [INFO ] Cycle #33 | Supply: 2265.8 kW
[2026-04-29 15:52:06] [WARN ] Overload risk! Demand 2210.5 kW vs Supply 2265.8 kW (98%)
[2026-04-29 15:52:06] [INFO ] [LOCK] Central Hospital — 72.6 kW (life support)
[2026-04-29 15:52:06] [INFO ] [Alloc] Distributed 2210.5 / 2210.5 kW | Unmet: 0.0 kW
[2026-04-29 15:52:08] [INFO ] Cycle #34 | Supply: 2206.0 kW
[2026-04-29 15:52:08] [WARN ] Overload risk! Demand 2331.6 kW vs Supply 2206.0 kW (106%)
[2026-04-29 15:52:08] [INFO ] [LOCK] Central Hospital — 58.5 kW (life support)
[2026-04-29 15:52:08] [WARN ] Load shed on Residential South: gave 202.4 / 328.1 kW
[2026-04-29 15:52:08] [INFO ] [Alloc] Distributed 2206.0 / 2331.6 kW | Unmet: 125.7 kW
[2026-04-29 15:52:10] [INFO ] Cycle #35 | Supply: 2243.5 kW
[2026-04-29 15:52:10] [WARN ] Overload risk! Demand 2472.2 kW vs Supply 2243.5 kW (110%)
[2026-04-29 15:52:10] [INFO ] [LOCK] Central Hospital — 59.8 kW (life support)
[2026-04-29 15:52:10] [WARN ] Load shed on Residential South: gave 99.4 / 328.1 kW
[2026-04-29 15:52:10] [INFO ] [Alloc] Distributed 2243.5 / 2472.2 kW | Unmet: 228.7 kW
[2026-04-29 15:52:12] [INFO ] Cycle #36 | Supply: 2224.8 kW
[2026-04-29 15:52:12] [WARN ] Overload risk! Demand 2663.2 kW vs Supply 2224.8 kW (120%)
[2026-04-29 15:52:12] [INFO ] [LOCK] Central Hospital — 56.4 kW (life support)
[2026-04-29 15:52:12] [WARN ] Load shed on Residential North: gave 1201.8 / 1276.4 kW
[2026-04-29 15:52:12] [WARN ] Load shed on Residential South: gave 0.0 / 363.9 kW
[2026-04-29 15:52:12] [INFO ] [Alloc] Distributed 2224.8 / 2663.2 kW | Unmet: 438.4 kW
[2026-04-29 15:52:14] [INFO ] Cycle #37 | Supply: 2134.7 kW
[2026-04-29 15:52:14] [WARN ] Overload risk! Demand 2741.1 kW vs Supply 2134.7 kW (128%)
[2026-04-29 15:52:14] [INFO ] [LOCK] Central Hospital — 52.1 kW (life support)
[2026-04-29 15:52:14] [WARN ] Load shed on Residential North: gave 1227.3 / 1438.9 kW
[2026-04-29 15:52:14] [WARN ] Load shed on Residential South: gave 0.0 / 394.8 kW
[2026-04-29 15:52:14] [INFO ] [Alloc] Distributed 2134.7 / 2741.1 kW | Unmet: 606.4 kW
[2026-04-29 15:52:16] [INFO ] Cycle #38 | Supply: 2202.9 kW
[2026-04-29 15:52:16] [WARN ] Overload risk! Demand 2871.5 kW vs Supply 2202.9 kW (130%)
[2026-04-29 15:52:16] [INFO ] [LOCK] Central Hospital — 43.9 kW (life support)
[2026-04-29 15:52:16] [WARN ] Load shed on Residential North: gave 1288.3 / 1404.2 kW
[2026-04-29 15:52:16] [WARN ] Load shed on Residential South: gave 0.0 / 552.7 kW
[2026-04-29 15:52:16] [INFO ] [Alloc] Distributed 2202.9 / 2871.5 kW | Unmet: 668.6 kW
[2026-04-29 15:52:18] [INFO ] Cycle #39 | Supply: 2300.0 kW
[2026-04-29 15:52:18] [WARN ] Overload risk! Demand 3099.2 kW vs Supply 2300.0 kW (135%)
[2026-04-29 15:52:18] [INFO ] [LOCK] Central Hospital — 52.7 kW (life support)
[2026-04-29 15:52:18] [WARN ] Load shed on Residential North: gave 1500.3 / 1753.1 kW
[2026-04-29 15:52:18] [WARN ] Load shed on Residential South: gave 0.0 / 546.4 kW
[2026-04-29 15:52:18] [INFO ] [Alloc] Distributed 2300.0 / 3099.2 kW | Unmet: 799.2 kW
[2026-04-29 15:52:20] [INFO ] Cycle #40 | Supply: 2264.9 kW
[2026-04-29 15:52:20] [WARN ] Overload risk! Demand 3179.3 kW vs Supply 2264.9 kW (140%)
[2026-04-29 15:52:20] [INFO ] [LOCK] Central Hospital — 41.7 kW (life support)
[2026-04-29 15:52:20] [WARN ] Load shed on Residential North: gave 1419.9 / 1865.0 kW
[2026-04-29 15:52:20] [WARN ] Load shed on Residential South: gave 0.0 / 469.3 kW
[2026-04-29 15:52:20] [INFO ] [Alloc] Distributed 2264.9 / 3179.3 kW | Unmet: 914.3 kW
[2026-04-29 15:52:22] [INFO ] Cycle #41 | Supply: 1974.7 kW
[2026-04-29 15:52:22] [WARN ] Overload risk! Demand 2905.9 kW vs Supply 1974.7 kW (147%)
[2026-04-29 15:52:22] [INFO ] [LOCK] Central Hospital — 41.7 kW (life support)
[2026-04-29 15:52:22] [WARN ] Load shed on Residential North: gave 1125.2 / 1662.5 kW
[2026-04-29 15:52:22] [WARN ] Load shed on Residential South: gave 0.0 / 393.8 kW
[2026-04-29 15:52:22] [INFO ] [Alloc] Distributed 1974.7 / 2905.9 kW | Unmet: 931.1 kW
[2026-04-29 15:52:24] [INFO ] Cycle #42 | Supply: 2296.7 kW
[2026-04-29 15:52:24] [WARN ] Overload risk! Demand 2971.8 kW vs Supply 2296.7 kW (129%)
[2026-04-29 15:52:24] [INFO ] [LOCK] Central Hospital — 40.1 kW (life support)
[2026-04-29 15:52:24] [WARN ] Load shed on Residential North: gave 1435.2 / 1663.1 kW
[2026-04-29 15:52:24] [WARN ] Load shed on Residential South: gave 0.0 / 447.3 kW
[2026-04-29 15:52:24] [INFO ] [Alloc] Distributed 2296.7 / 2971.8 kW | Unmet: 675.2 kW
[2026-04-29 15:52:26] [INFO ] Cycle #43 | Supply: 1958.5 kW
[2026-04-29 15:52:26] [WARN ] Overload risk! Demand 2923.3 kW vs Supply 1958.5 kW (149%)
[2026-04-29 15:52:26] [INFO ] [LOCK] Central Hospital — 48.4 kW (life support)
[2026-04-29 15:52:26] [WARN ] Load shed on Residential North: gave 1110.6 / 1655.2 kW
[2026-04-29 15:52:26] [WARN ] Load shed on Residential South: gave 0.0 / 420.2 kW
[2026-04-29 15:52:26] [INFO ] [Alloc] Distributed 1958.5 / 2923.3 kW | Unmet: 964.8 kW
[2026-04-29 15:52:28] [INFO ] Cycle #44 | Supply: 2079.5 kW
[2026-04-29 15:52:28] [ERROR] [GRID OVERLOAD] Demand 3293.1 kW exceeds supply 2079.5 kW (deficit: 1213.6 kW)
[2026-04-29 15:52:28] [WARN ] EMERGENCY LOAD SHEDDING
[2026-04-29 15:52:28] [WARN ] Shed: Downtown Commercial
[2026-04-29 15:52:28] [WARN ] Shed: Residential North
[2026-04-29 15:52:28] [WARN ] Shed: Residential South
[2026-04-29 15:52:30] [INFO ] Cycle #45 | Supply: 2131.2 kW
[2026-04-29 15:52:30] [ERROR] [GRID OVERLOAD] Demand 3419.2 kW exceeds supply 2131.2 kW (deficit: 1288.0 kW)
[2026-04-29 15:52:30] [WARN ] EMERGENCY LOAD SHEDDING
[2026-04-29 15:52:30] [WARN ] Shed: Downtown Commercial
[2026-04-29 15:52:30] [WARN ] Shed: Residential North
[2026-04-29 15:52:30] [WARN ] Shed: Residential South
[2026-04-29 15:52:32] [INFO ] Cycle #46 | Supply: 2026.3 kW
[2026-04-29 15:52:32] [ERROR] [GRID OVERLOAD] Demand 3281.5 kW exceeds supply 2026.3 kW (deficit: 1255.1 kW)
[2026-04-29 15:52:32] [WARN ] EMERGENCY LOAD SHEDDING
[2026-04-29 15:52:32] [WARN ] Shed: Downtown Commercial
[2026-04-29 15:52:32] [WARN ] Shed: Residential North
[2026-04-29 15:52:32] [WARN ] Shed: Residential South
[2026-04-29 15:52:34] [INFO ] Cycle #47 | Supply: 2249.0 kW
[2026-04-29 15:52:34] [ERROR] [GRID OVERLOAD] Demand 3619.1 kW exceeds supply 2249.0 kW (deficit: 1370.2 kW)
[2026-04-29 15:52:34] [WARN ] EMERGENCY LOAD SHEDDING
[2026-04-29 15:52:34] [WARN ] Shed: Downtown Commercial
[2026-04-29 15:52:34] [WARN ] Shed: Residential North
[2026-04-29 15:52:34] [WARN ] Shed: Residential South
[2026-04-29 15:52:36] [INFO ] Cycle #48 | Supply: 2277.1 kW
[2026-04-29 15:52:36] [ERROR] [GRID OVERLOAD] Demand 3564.9 kW exceeds supply 2277.1 kW (deficit: 1287.8 kW)
[2026-04-29 15:52:36] [WARN ] EMERGENCY LOAD SHEDDING
[2026-04-29 15:52:36] [WARN ] Shed: Downtown Commercial
[2026-04-29 15:52:36] [WARN ] Shed: Residential North
[2026-04-29 15:52:36] [WARN ] Shed: Residential South
[2026-04-29 15:52:38] [INFO ] Cycle #49 | Supply: 2098.6 kW
[2026-04-29 15:52:38] [ERROR] [GRID OVERLOAD] Demand 3298.2 kW exceeds supply 2098.6 kW (deficit: 1199.6 kW)
[2026-04-29 15:52:38] [WARN ] EMERGENCY LOAD SHEDDING
[2026-04-29 15:52:38] [WARN ] Shed: Downtown Commercial
[2026-04-29 15:52:38] [WARN ] Shed: Residential North
[2026-04-29 15:52:38] [WARN ] Shed: Residential South
[2026-04-29 15:52:40] [INFO ] Cycle #50 | Supply: 2127.9 kW
[2026-04-29 15:52:40] [ERROR] [GRID OVERLOAD] Demand 3623.5 kW exceeds supply 2127.9 kW (deficit: 1495.5 kW)
[2026-04-29 15:52:40] [WARN ] EMERGENCY LOAD SHEDDING
[2026-04-29 15:52:40] [WARN ] Shed: Downtown Commercial
[2026-04-29 15:52:40] [WARN ] Shed: Residential North
[2026-04-29 15:52:40] [WARN ] Shed: Residential South
[2026-04-29 15:52:42] [INFO ] Cycle #51 | Supply: 2234.4 kW
[2026-04-29 15:52:42] [ERROR] [GRID OVERLOAD] Demand 4014.1 kW exceeds supply 2234.4 kW (deficit: 1779.7 kW)
[2026-04-29 15:52:42] [WARN ] EMERGENCY LOAD SHEDDING
[2026-04-29 15:52:42] [WARN ] Shed: Downtown Commercial
[2026-04-29 15:52:42] [WARN ] Shed: Residential North
[2026-04-29 15:52:42] [WARN ] Shed: Residential South
[2026-04-29 15:52:44] [INFO ] Cycle #52 | Supply: 2180.5 kW
[2026-04-29 15:52:44] [ERROR] [GRID OVERLOAD] Demand 3834.9 kW exceeds supply 2180.5 kW (deficit: 1654.4 kW)
[2026-04-29 15:52:44] [WARN ] EMERGENCY LOAD SHEDDING
[2026-04-29 15:52:44] [WARN ] Shed: Downtown Commercial
[2026-04-29 15:52:44] [WARN ] Shed: Residential North
[2026-04-29 15:52:44] [WARN ] Shed: Residential South
[2026-04-29 15:52:46] [INFO ] Cycle #53 | Supply: 2168.5 kW
[2026-04-29 15:52:46] [ERROR] [GRID OVERLOAD] Demand 3532.2 kW exceeds supply 2168.5 kW (deficit: 1363.6 kW)
[2026-04-29 15:52:46] [WARN ] EMERGENCY LOAD SHEDDING
[2026-04-29 15:52:46] [WARN ] Shed: Downtown Commercial
[2026-04-29 15:52:46] [WARN ] Shed: Residential North
[2026-04-29 15:52:46] [WARN ] Shed: Residential South
[2026-04-29 15:52:48] [INFO ] Cycle #54 | Supply: 1845.2 kW
[2026-04-29 15:52:48] [ERROR] [GRID OVERLOAD] Demand 3322.2 kW exceeds supply 1845.2 kW (deficit: 1477.0 kW)
[2026-04-29 15:52:48] [WARN ] EMERGENCY LOAD SHEDDING
[2026-04-29 15:52:48] [WARN ] Shed: Downtown Commercial
[2026-04-29 15:52:48] [WARN ] Shed: Residential North
[2026-04-29 15:52:48] [WARN ] Shed: Residential South
[2026-04-29 15:52:50] [INFO ] Cycle #55 | Supply: 2104.7 kW
[2026-04-29 15:52:50] [ERROR] [GRID OVERLOAD] Demand 3477.0 kW exceeds supply 2104.7 kW (deficit: 1372.3 kW)
[2026-04-29 15:52:50] [WARN ] EMERGENCY LOAD SHEDDING
[2026-04-29 15:52:50] [WARN ] Shed: Downtown Commercial
[2026-04-29 15:52:50] [WARN ] Shed: Residential North
[2026-04-29 15:52:50] [WARN ] Shed: Residential South
[2026-04-29 15:52:52] [INFO ] Cycle #56 | Supply: 2119.4 kW
[2026-04-29 15:52:52] [ERROR] [GRID OVERLOAD] Demand 3571.9 kW exceeds supply 2119.4 kW (deficit: 1452.4 kW)
[2026-04-29 15:52:52] [WARN ] EMERGENCY LOAD SHEDDING
[2026-04-29 15:52:52] [WARN ] Shed: Downtown Commercial
[2026-04-29 15:52:52] [WARN ] Shed: Residential North
[2026-04-29 15:52:52] [WARN ] Shed: Residential South
[2026-04-29 15:52:54] [INFO ] Cycle #57 | Supply: 2300.0 kW
[2026-04-29 15:52:54] [WARN ] Overload risk! Demand 3073.1 kW vs Supply 2300.0 kW (134%)
[2026-04-29 15:52:54] [INFO ] [LOCK] Central Hospital — 76.3 kW (life support)
[2026-04-29 15:52:54] [WARN ] Load shed on Residential North: gave 1419.9 / 1895.0 kW
[2026-04-29 15:52:54] [WARN ] Load shed on Residential South: gave 0.0 / 297.9 kW
[2026-04-29 15:52:54] [INFO ] [Alloc] Distributed 2300.0 / 3073.1 kW | Unmet: 773.1 kW
[2026-04-29 15:52:56] [INFO ] Cycle #58 | Supply: 2158.7 kW
[2026-04-29 15:52:56] [WARN ] Overload risk! Demand 3100.8 kW vs Supply 2158.7 kW (144%)
[2026-04-29 15:52:56] [INFO ] [LOCK] Central Hospital — 61.6 kW (life support)
[2026-04-29 15:52:56] [WARN ] Load shed on Residential North: gave 1317.2 / 1928.6 kW
[2026-04-29 15:52:56] [WARN ] Load shed on Residential South: gave 0.0 / 330.7 kW
[2026-04-29 15:52:56] [INFO ] [Alloc] Distributed 2158.7 / 3100.8 kW | Unmet: 942.1 kW
[2026-04-29 15:52:57] [INFO ] Thread stopped for sector: Central Hospital
[2026-04-29 15:52:57] [INFO ] Thread stopped for sector: Industrial Zone A
[2026-04-29 15:52:5[2026-04-29 15:54:05] [INFO ] === VoltSync Session Started ===
[2026-04-29 15:54:05] [INFO ] Sector registered: Central Hospital [CRITICAL]
[2026-04-29 15:54:05] [INFO ] Sector registered: Fire Station Alpha [CRITICAL]
[2026-04-29 15:54:05] [INFO ] Sector registered: Industrial Zone A [HIGH]
[2026-04-29 15:54:05] [INFO ] Sector registered: Water Treatment [HIGH]
[2026-04-29 15:54:05] [INFO ] Sector registered: Downtown Commercial [MEDIUM]
[2026-04-29 15:54:05] [INFO ] Sector registered: Residential North [LOW]
[2026-04-29 15:54:05] [INFO ] Sector registered: Residential South [LOW]
[2026-04-29 15:54:05] [INFO ] Source added: Solar Farm Alpha
[2026-04-29 15:54:05] [INFO ] Source added: Solar Farm Beta
[2026-04-29 15:54:05] [INFO ] Source added: Wind Park North
[2026-04-29 15:54:05] [INFO ] Source added: Coal Plant Base
[2026-04-29 15:54:05] [INFO ] Thread started for sector: Fire Station Alpha [Sector-Fire Station Alpha]
[2026-04-29 15:54:05] [INFO ] Thread started for sector: Industrial Zone A [Sector-Industrial Zone A]
[2026-04-29 15:54:05] [INFO ] Thread started for sector: Downtown Commercial [Sector-Downtown Commercial]
[2026-04-29 15:54:05] [INFO ] Thread started for sector: Central Hospital [Sector-Central Hospital]
[2026-04-29 15:54:05] [INFO ] Thread started for sector: Water Treatment [Sector-Water Treatment]
[2026-04-29 15:54:05] [INFO ] Thread started for sector: Residential North [Sector-Residential North]
[2026-04-29 15:54:05] [INFO ] Thread started for sector: Residential South [Sector-Residential South]
[2026-04-29 15:54:05] [INFO ] Supply simulation thread started [SupplyThread]
[2026-04-29 15:54:07] [INFO ] Cycle #1 | Supply: 1946.5 kW
[2026-04-29 15:54:07] [WARN ] Overload risk! Demand 2305.0 kW vs Supply 1946.5 kW (118%)
[2026-04-29 15:54:07] [WARN ] Load shed on Residential South: gave 28.2 / 386.7 kW
[2026-04-29 15:54:07] [INFO ] [Alloc] Distributed 1946.5 / 2305.0 kW | Unmet: 358.5 kW
[2026-04-29 15:54:09] [INFO ] Cycle #2 | Supply: 2169.2 kW
[2026-04-29 15:54:09] [WARN ] Overload risk! Demand 2273.3 kW vs Supply 2169.2 kW (105%)
[2026-04-29 15:54:09] [WARN ] Load shed on Residential South: gave 332.3 / 436.3 kW
[2026-04-29 15:54:09] [INFO ] [Alloc] Distributed 2169.2 / 2273.3 kW | Unmet: 104.1 kW
[2026-04-29 15:54:11] [INFO ] Cycle #3 | Supply: 2287.5 kW
[2026-04-29 15:54:11] [WARN ] Overload risk! Demand 2350.3 kW vs Supply 2287.5 kW (103%)
[2026-04-29 15:54:11] [WARN ] Load shed on Residential South: gave 421.4 / 484.2 kW
[2026-04-29 15:54:11] [INFO ] [Alloc] Distributed 2287.5 / 2350.3 kW | Unmet: 62.8 kW
[2026-04-29 15:54:13] [INFO ] Cycle #4 | Supply: 2255.5 kW
[2026-04-29 15:54:13] [WARN ] Overload risk! Demand 2188.0 kW vs Supply 2255.5 kW (97%)
[2026-04-29 15:54:13] [INFO ] [Alloc] Distributed 2188.0 / 2188.0 kW | Unmet: -0.0 kW
[2026-04-29 15:54:16] [INFO ] Cycle #5 | Supply: 2055.0 kW
[2026-04-29 15:54:16] [WARN ] Overload risk! Demand 2254.3 kW vs Supply 2055.0 kW (110%)
[2026-04-29 15:54:16] [WARN ] Load shed on Residential South: gave 312.9 / 512.1 kW
[2026-04-29 15:54:16] [INFO ] [Alloc] Distributed 2055.0 / 2254.3 kW | Unmet: 199.2 kW
[2026-04-29 15:54:18] [INFO ] Cycle #6 | Supply: 2076.3 kW
[2026-04-29 15:54:18] [WARN ] Overload risk! Demand 2025.9 kW vs Supply 2076.3 kW (98%)
[2026-04-29 15:54:18] [INFO ] [LOCK] Central Hospital — 208.1 kW (life support)
[2026-04-29 15:54:18] [INFO ] [Alloc] Distributed 2025.9 / 2025.9 kW | Unmet: -0.0 kW
[2026-04-29 15:54:20] [INFO ] Cycle #7 | Supply: 2226.3 kW
[2026-04-29 15:54:20] [WARN ] Overload risk! Demand 2088.1 kW vs Supply 2226.3 kW (94%)
[2026-04-29 15:54:20] [INFO ] [LOCK] Central Hospital — 139.4 kW (life support)
[2026-04-29 15:54:20] [INFO ] [Alloc] Distributed 2088.1 / 2088.1 kW | Unmet: 0.0 kW
[2026-04-29 15:54:22] [INFO ] Cycle #8 | Supply: 2078.7 kW
[2026-04-29 15:54:22] [WARN ] Overload risk! Demand 2233.3 kW vs Supply 2078.7 kW (107%)
[2026-04-29 15:54:22] [INFO ] [LOCK] Central Hospital — 158.7 kW (life support)
[2026-04-29 15:54:22] [WARN ] Load shed on Residential South: gave 394.0 / 548.6 kW
[2026-04-29 15:54:22] [INFO ] [Alloc] Distributed 2078.7 / 2233.3 kW | Unmet: 154.6 kW
[2026-04-29 15:54:24] [INFO ] Cycle #9 | Supply: 2235.2 kW
[2026-04-29 15:54:24] [WARN ] Overload risk! Demand 2319.7 kW vs Supply 2235.2 kW (104%)
[2026-04-29 15:54:24] [INFO ] [LOCK] Central Hospital — 137.9 kW (life support)
[2026-04-29 15:54:24] [WARN ] Load shed on Residential South: gave 383.6 / 468.1 kW
[2026-04-29 15:54:24] [INFO ] [Alloc] Distributed 2235.2 / 2319.7 kW | Unmet: 84.5 kW
[2026-04-29 15:54:26] [INFO ] Cycle #10 | Supply: 2192.5 kW
[2026-04-29 15:54:26] [WARN ] Overload risk! Demand 2171.0 kW vs Supply 2192.5 kW (99%)
[2026-04-29 15:54:26] [INFO ] [LOCK] Central Hospital — 130.8 kW (life support)
[2026-04-29 15:54:26] [INFO ] [Alloc] Distributed 2171.0 / 2171.0 kW | Unmet: 0.0 kW
[2026-04-29 15:54:28] [INFO ] Cycle #11 | Supply: 2267.6 kW
[2026-04-29 15:54:28] [WARN ] Overload risk! Demand 1963.3 kW vs Supply 2267.6 kW (87%)
[2026-04-29 15:54:28] [INFO ] [LOCK] Central Hospital — 135.3 kW (life support)
[2026-04-29 15:54:28] [INFO ] [Alloc] Distributed 1963.3 / 1963.3 kW | Unmet: 0.0 kW
[2026-04-29 15:54:30] [INFO ] Cycle #12 | Supply: 2140.0 kW
[2026-04-29 15:54:30] [WARN ] Overload risk! Demand 1903.8 kW vs Supply 2140.0 kW (89%)
[2026-04-29 15:54:30] [INFO ] [LOCK] Central Hospital — 111.8 kW (life support)
[2026-04-29 15:54:30] [INFO ] [Alloc] Distributed 1903.8 / 1903.8 kW | Unmet: 0.0 kW
[2026-04-29 15:54:32] [INFO ] Cycle #13 | Supply: 2136.8 kW
[2026-04-29 15:54:32] [WARN ] Overload risk! Demand 1831.2 kW vs Supply 2136.8 kW (86%)
[2026-04-29 15:54:32] [INFO ] [LOCK] Central Hospital — 111.9 kW (life support)
[2026-04-29 15:54:32] [INFO ] [Alloc] Distributed 1831.2 / 1831.2 kW | Unmet: 0.0 kW
[2026-04-29 15:54:34] [INFO ] Cycle #14 | Supply: 2107.7 kW
[2026-04-29 15:54:34] [WARN ] Overload risk! Demand 1900.8 kW vs Supply 2107.7 kW (90%)
[2026-04-29 15:54:34] [INFO ] [LOCK] Central Hospital — 84.4 kW (life support)
[2026-04-29 15:54:34] [INFO ] [Alloc] Distributed 1900.8 / 1900.8 kW | Unmet: 0.0 kW
[2026-04-29 15:54:36] [INFO ] Cycle #15 | Supply: 2260.2 kW
[2026-04-29 15:54:36] [WARN ] Overload risk! Demand 2203.2 kW vs Supply 2260.2 kW (97%)
[2026-04-29 15:54:36] [INFO ] [LOCK] Central Hospital — 76.0 kW (life support)
[2026-04-29 15:54:36] [INFO ] [Alloc] Distributed 2203.2 / 2203.2 kW | Unmet: 0.0 kW
[2026-04-29 15:54:38] [INFO ] Cycle #16 | Supply: 2067.1 kW
[2026-04-29 15:54:38] [WARN ] Overload risk! Demand 1994.5 kW vs Supply 2067.1 kW (96%)
[2026-04-29 15:54:38] [INFO ] [LOCK] Central Hospital — 79.2 kW (life support)
[2026-04-29 15:54:38] [INFO ] [Alloc] Distributed 1994.5 / 1994.5 kW | Unmet: 0.0 kW
[2026-04-29 15:54:40] [INFO ] Cycle #17 | Supply: 2300.0 kW
[2026-04-29 15:54:40] [WARN ] Overload risk! Demand 2005.2 kW vs Supply 2300.0 kW (87%)
[2026-04-29 15:54:40] [INFO ] [LOCK] Central Hospital — 83.9 kW (life support)
[2026-04-29 15:54:40] [INFO ] [Alloc] Distributed 2005.2 / 2005.2 kW | Unmet: 0.0 kW
[2026-04-29 15:54:42] [INFO ] Cycle #18 | Supply: 2211.3 kW
[2026-04-29 15:54:42] [WARN ] Overload risk! Demand 1913.0 kW vs Supply 2211.3 kW (87%)
[2026-04-29 15:54:42] [INFO ] [LOCK] Central Hospital — 95.0 kW (life support)
[2026-04-29 15:54:42] [INFO ] [Alloc] Distributed 1913.0 / 1913.0 kW | Unmet: 0.0 kW
[2026-04-29 15:54:44] [INFO ] Cycle #19 | Supply: 2096.5 kW
[2026-04-29 15:54:44] [WARN ] Overload risk! Demand 1949.4 kW vs Supply 2096.5 kW (93%)
[2026-04-29 15:54:44] [INFO ] [LOCK] Central Hospital — 110.9 kW (life support)
[2026-04-29 15:54:44] [INFO ] [Alloc] Distributed 1949.4 / 1949.4 kW | Unmet: 0.0 kW
[2026-04-29 15:54:46] [INFO ] Cycle #20 | Supply: 2071.8 kW
[2026-04-29 15:54:46] [WARN ] Overload risk! Demand 1930.0 kW vs Supply 2071.8 kW (93%)
[2026-04-29 15:54:46] [INFO ] [LOCK] Central Hospital — 108.4 kW (life support)
[2026-04-29 15:54:46] [INFO ] [Alloc] Distributed 1930.0 / 1930.0 kW | Unmet: 0.0 kW
[2026-04-29 15:54:48] [INFO ] Cycle #21 | Supply: 2108.0 kW
[2026-04-29[2026-04-29 15:55:51] [INFO ] === VoltSync Session Started ===
[2026-04-29 15:55:51] [INFO ] Sector registered: Central Hospital [CRITICAL]
[2026-04-29 15:55:51] [INFO ] Sector registered: Fire Station Alpha [CRITICAL]
[2026-04-29 15:55:51] [INFO ] Sector registered: Industrial Zone A [HIGH]
[2026-04-29 15:55:51] [INFO ] Sector registered: Water Treatment [HIGH]
[2026-04-29 15:55:51] [INFO ] Sector registered: Downtown Commercial [MEDIUM]
[2026-04-29 15:55:51] [INFO ] Sector registered: Residential North [LOW]
[2026-04-29 15:55:51] [INFO ] Sector registered: Residential South [LOW]
[2026-04-29 15:55:51] [INFO ] Source added: Solar Farm Alpha
[2026-04-29 15:55:51] [INFO ] Source added: Solar Farm Beta
[2026-04-29 15:55:51] [INFO ] Source added: Wind Park North
[2026-04-29 15:55:51] [INFO ] Source added: Coal Plant Base
[2026-04-29 15:55:51] [INFO ] Thread started for sector: Fire Station Alpha [Sector-Fire Station Alpha]
[2026-04-29 15:55:51] [INFO ] Thread started for sector: Water Treatment [Sector-Water Treatment]
[2026-04-29 15:55:51] [INFO ] Thread started for sector: Industrial Zone A [Sector-Industrial Zone A]
[2026-04-29 15:55:51] [INFO ] Thread started for sector: Residential South [Sector-Residential South]
[2026-04-29 15:55:51] [INFO ] Thread started for sector: Central Hospital [Sector-Central Hospital]
[2026-04-29 15:55:51] [INFO ] Thread started for sector: Downtown Commercial [Sector-Downtown Commercial]
[2026-04-29 15:55:51] [INFO ] Thread started for sector: Residential North [Sector-Residential North]
[2026-04-29 15:55:51] [INFO ] Supply simulation thread started [SupplyThread]
[2026-04-29 15:55:53] [INFO ] Cycle #1 | Supply: 2229.5 kW
[2026-04-29 15:55:53] [WARN ] Overload risk! Demand 2178.2 kW vs Supply 2229.5 kW (98%)
[2026-04-29 15:55:53] [INFO ] [Alloc] Distributed 2178.2 / 2178.2 kW | Unmet: 0.0 kW
[2026-04-29 15:55:55] [INFO ] Cycle #2 | Supply: 2039.8 kW
[2026-04-29 15:55:55] [WARN ] Overload risk! Demand 2303.5 kW vs Supply 2039.8 kW (113%)
[2026-04-29 15:55:55] [WARN ] Load shed on Residential South: gave 94.5 / 358.2 kW
[2026-04-29 15:55:55] [INFO ] [Alloc] Distributed 2039.8 / 2303.5 kW | Unmet: 263.7 kW
[2026-04-29 15:55:57] [INFO ] Cycle #3 | Supply: 2300.0 kW
[2026-04-29 15:55:57] [WARN ] Overload risk! Demand 2203.6 kW vs Supply 2300.0 kW (96%)
[2026-04-29 15:55:57] [INFO ] [Alloc] Distributed 2203.6 / 2203.6 kW | Unmet: 0.0 kW
[2026-04-29 15:55:59] [INFO ] Cycle #4 | Supply: 2094.9 kW
[2026-04-29 15:55:59] [WARN ] Overload risk! Demand 2274.1 kW vs Supply 2094.9 kW (109%)
[2026-04-29 15:55:59] [WARN ] Load shed on Residential South: gave 126.3 / 305.5 kW
[2026-04-29 15:55:59] [INFO ] [Alloc] Distributed 2094.9 / 2274.1 kW | Unmet: 179.2 kW
[2026-04-29 15:56:01] [INFO ] Cycle #5 | Supply: 2047.1 kW
[2026-04-29 15:56:01] [WARN ] Overload risk! Demand 2400.3 kW vs Supply 2047.1 kW (117%)
[2026-04-29 15:56:01] [WARN ] Load shed on Residential North: gave 198.1 / 225.6 kW
[2026-04-29 15:56:01] [WARN ] Load shed on Residential South: gave 0.0 / 325.7 kW
[2026-04-29 15:56:01] [INFO ] [Alloc] Distributed 2047.1 / 2400.3 kW | Unmet: 353.2 kW
[2026-04-29 15:56:03] [INFO ] Cycle #6 | Supply: 1942.9 kW
[2026-04-29 15:56:03] [WARN ] Overload risk! Demand 2225.1 kW vs Supply 1942.9 kW (115%)
[2026-04-29 15:56:03] [INFO ] [LOCK] Central Hospital — 286.5 kW (life support)
[2026-04-29 15:56:03] [WARN ] Load shed on Residential South: gave 25.2 / 307.4 kW
[2026-04-29 15:56:03] [INFO ] [Alloc] Distributed 1942.9 / 2225.1 kW | Unmet: 282.2 kW
[2026-04-29 15:56:05] [INFO ] Cycle #7 | Supply: 2156.8 kW
[2026-04-29 15:56:05] [WARN ] Overload risk! Demand 1993.8 kW vs Supply 2156.8 kW (92%)
[2026-04-29 15:56:05] [INFO ] [LOCK] Central Hospital — 229.4 kW (life support)
[2026-04-29 15:56:05] [INFO ] [Alloc] Distributed 1993.8 / 1993.8 kW | Unmet: 0.0 kW
[2026-04-29 15:56:07] [INFO ] Cycle #8 | Supply: 2146.7 kW
[2026-04-29 15:56:07] [WARN ] Overload risk! Demand 1972.8 kW vs Supply 2146.7 kW (92%)
[2026-04-29 15:56:07] [INFO ] [LOCK] Central Hospital — 212.2 kW (life support)
[2026-04-29 15:56:07] [INFO ] [Alloc] Distributed 1972.8 / 1972.8 kW | Unmet: 0.0 kW
[2026-04-29 15:56:09] [INFO ] Cycle #9 | Supply: 2116.4 kW
[2026-04-29 15:56:09] [WARN ] Overload risk! Demand 1942.4 kW vs Supply 2116.4 kW (92%)
[2026-04-29 15:56:09] [INFO ] [LOCK] Central Hospital — 219.7 kW (life support)
[2026-04-29 15:56:09] [INFO ] [Alloc] Distributed 1942.4 / 1942.4 kW | Unmet: 0.0 kW
[2026-04-29 15:56:11] [INFO ] Cycle #10 | Supply: 2241.8 kW
[2026-04-29 15:56:11] [WARN ] Overload risk! Demand 2184.0 kW vs Supply 2241.8 kW (97%)
[2026-04-29 15:56:11] [INFO ] [LOCK] Central Hospital — 236.8 kW (life support)
[2026-04-29 15:56:11] [INFO ] [Alloc] Distributed 2184.0 / 2184.0 kW | Unmet: 0.0 kW
[2026-04-29 15:56:13] [INFO ] Cycle #11 | Supply: 2300.0 kW
[2026-04-29 15:56:13] [WARN ] Overload risk! Demand 2034.5 kW vs Supply 2300.0 kW (88%)
[2026-04-29 15:56:13] [INFO ] [LOCK] Central Hospital — 165.8 kW (life support)
[2026-04-29 15:56:13] [INFO ] [Alloc] Distributed 2034.5 / 2034.5 kW | Unmet: 0.0 kW
[2026-04-29 15:56:15] [INFO ] Cycle #12 | Supply: 2096.1 kW
[2026-04-29 15:56:15] [WARN ] Overload risk! Demand 1952.5 kW vs Supply 2096.1 kW (93%)
[2026-04-29 15:56:15] [INFO ] [LOCK] Central Hospital — 149.3 kW (life support)
[2026-04-29 15:56:15] [INFO ] [Alloc] Distributed 1952.5 / 1952.5 kW | Unmet: 0.0 kW
[2026-04-29 15:56:17] [INFO ] Cycle #13 | Supply: 2227.4 kW
[2026-04-29 15:56:17] [WARN ] Overload risk! Demand 2037.7 kW vs Supply 2227.4 kW (91%)
[2026-04-29 15:56:17] [INFO ] [LOCK] Central Hospital — 122.4 kW (life support)
[2026-04-29 15:56:17] [INFO ] [Alloc] Distributed 2037.7 / 2037.7 kW | Unmet: -0.0 kW
[2026-04-29 15:56:19] [INFO ] Cycle #14 | Supply: 2117.9 kW
[2026-04-29 15:56:19] [WARN ] Overload risk! Demand 2066.3 kW vs Supply 2117.9 kW (98%)
[2026-04-29 15:56:19] [INFO ] [LOCK] Central Hospital — 106.0 kW (life support)
[2026-04-29 15:56:19] [INFO ] [Alloc] Distributed 2066.3 / 2066.3 kW | Unmet: -0.0 kW
[2026-04-29 15:56:21] [INFO ] Cycle #15 | Supply: 2263.0 kW
[2026-04-29 15:56:21] [WARN ] Overload risk! Demand 2359.1 kW vs Supply 2263.0 kW (104%)
[2026-04-29 15:56:21] [INFO ] [LOCK] Central Hospital — 96.7 kW (life support)
[2026-04-29 15:56:21] [WARN ] Load shed on Residential South: gave 113.5 / 209.6 kW
[2026-04-29 15:56:21] [INFO ] [Alloc] Distributed 2263.0 / 2359.1 kW | Unmet: 96.1 kW
[2026-04-29 15:56:23] [INFO ] Cycle #16 | Supply: 2300.0 kW
[2026-04-29 15:56:23] [WARN ] Overload risk! Demand 2222.0 kW vs Supply 2300.0 kW (97%)
[2026-04-29 15:56:23] [INFO ] [LOCK] Central Hospital — 84.6 kW (life support)
[2026-04-29 15:56:23] [INFO ] [Alloc] Distributed 2222.0 / 2222.0 kW | Unmet: 0.0 kW
[2026-04-29 15:56:25] [INFO ] Cycle #17 | Supply: 2300.0 kW
[2026-04-29 15:56:25] [WARN ] Overload risk! Demand 2539.2 kW vs Supply 2300.0 kW (110%)
[2026-04-29 15:56:25] [INFO ] [LOCK] Central Hospital — 62.1 kW (life support)
[2026-04-29 15:56:25] [WARN ] Load shed on Residential North: gave 141.6 / 187.1 kW
[2026-04-29 15:56:25] [WARN ] Load shed on Residential South: gave 0.0 / 193.8 kW
[2026-04-29 15:56:25] [INFO ] [Alloc] Distributed 2300.0 / 2539.2 kW | Unmet: 239.2 kW
[2026-04-29 15:56:27] [INFO ] Cycle #18 | Supply: 2218.0 kW
[2026-04-29 15:56:27] [WARN ] Overload risk! Demand 2426.0 kW vs Supply 2218.0 kW (109%)
[2026-04-29 15:56:27] [INFO ] [LOCK] Central Hospital — 74.6 kW (life support)
[2026-04-29 15:56:27] [WARN ] Load shed on Residential North: gave 163.2 / 167.9 kW
[2026-04-29 15:56:27] [WARN ] Load shed on Residential South: gave 0.0 / 203.3 kW
[2026-04-29 15:56:27] [INFO ] [Alloc] Distributed 2218.0 / 2426.0 kW | Unmet: 208.0 kW
[2026-04-29 15:56:29] [INFO ] Cycle #19 | Supply: 2165.0 kW
[2026-04-29 15:56:29] [WARN ] Overload risk! Demand 2276.1 kW vs Supply 2165.0 kW (105%)
[2026-04-29 15:56:29] [INFO ] [LOCK] Central Hospital — 80.2 kW (life support)
[2026-04-29 15:56:29] [WARN ] Load shed on Residential South: gave 127.4 / 238.5 kW
[2026-04-29 15:56:29] [INFO ] [Alloc] Distributed 2165[2026-04-29 15:59:49] [INFO ] === VoltSync Session Started ===
[2026-04-29 15:59:49] [INFO ] Sector registered: Central Hospital [CRITICAL]
[2026-04-29 15:59:49] [INFO ] Sector registered: Fire Station Alpha [CRITICAL]
[2026-04-29 15:59:49] [INFO ] Sector registered: Industrial Zone A [HIGH]
[2026-04-29 15:59:49] [INFO ] Sector registered: Water Treatment [HIGH]
[2026-04-29 15:59:49] [INFO ] Sector registered: Downtown Commercial [MEDIUM]
[2026-04-29 15:59:49] [INFO ] Sector registered: Residential North [LOW]
[2026-04-29 15:59:49] [INFO ] Sector registered: Residential South [LOW]
[2026-04-29 15:59:49] [INFO ] Source added: Solar Farm Alpha
[2026-04-29 15:59:49] [INFO ] Source added: Solar Farm Beta
[2026-04-29 15:59:49] [INFO ] Source added: Wind Park North
[2026-04-29 15:59:49] [INFO ] Source added: Coal Plant Base
[2026-04-29 15:59:50] [INFO ] Thread started for sector: Fire Station Alpha [Sector-Fire Station Alpha]
[2026-04-29 15:59:50] [INFO ] Thread started for sector: Central Hospital [Sector-Central Hospital]
[2026-04-29 15:59:50] [INFO ] Thread started for sector: Residential North [Sector-Residential North]
[2026-04-29 15:59:50] [INFO ] Thread started for sector: Industrial Zone A [Sector-Industrial Zone A]
[2026-04-29 15:59:50] [INFO ] Supply simulation thread started [SupplyThread]
[2026-04-29 15:59:50] [INFO ] Thread started for sector: Water Treatment [Sector-Water Treatment]
[2026-04-29 15:59:50] [INFO ] Thread started for sector: Downtown Commercial [Sector-Downtown Commercial]
[2026-04-29 15:59:50] [INFO ] Thread started for sector: Residential South [Sector-Residential South]
[2026-04-29 15:59:52] [INFO ] Cycle #1 | Supply: 2269.2 kW
[2026-04-29 15:59:52] [WARN ] Overload risk! Demand 2219.3 kW vs Supply 2269.2 kW (98%)
[2026-04-29 15:59:52] [INFO ] [Alloc] Distributed 2219.3 / 2219.3 kW | Unmet: 0.0 kW
[2026-04-29 15:59:54] [INFO ] Cycle #2 | Supply: 2137.4 kW
[2026-04-29 15:59:54] [WARN ] Overload risk! Demand 2200.3 kW vs Supply 2137.4 kW (103%)
[2026-04-29 15:59:54] [WARN ] Load shed on Residential South: gave 472.9 / 535.8 kW
[2026-04-29 15:59:54] [INFO ] [Alloc] Distributed 2137.4 / 2200.3 kW | Unmet: 62.9 kW
[2026-04-29 15:59:56] [INFO ] Cycle #3 | Supply: 2290.1 kW
[2026-04-29 15:59:56] [WARN ] Overload risk! Demand 2281.6 kW vs Supply 2290.1 kW (100%)
[2026-04-29 15:59:56] [INFO ] [Alloc] Distributed 2281.6 / 2281.6 kW | Unmet: 0.0 kW
[2026-04-29 15:59:58] [INFO ] Cycle #4 | Supply: 2057.8 kW
[2026-04-29 15:59:58] [WARN ] Overload risk! Demand 2432.8 kW vs Supply 2057.8 kW (118%)
[2026-04-29 15:59:58] [WARN ] Load shed on Residential South: gave 400.8 / 775.7 kW
[2026-04-29 15:59:58] [INFO ] [Alloc] Distributed 2057.8 / 2432.8 kW | Unmet: 375.0 kW
[2026-04-29 16:00:00] [INFO ] Cycle #5 | Supply: 1977.1 kW
[2026-04-29 16:00:00] [WARN ] Overload risk! Demand 2837.1 kW vs Supply 1977.1 kW (143%)
[2026-04-29 16:00:00] [WARN ] Load shed on Residential South: gave 91.7 / 951.7 kW
[2026-04-29 16:00:00] [INFO ] [Alloc] Distributed 1977.1 / 2837.1 kW | Unmet: 860.0 kW
[2026-04-29 16:00:02] [INFO ] Cycle #6 | Supply: 2231.2 kW
[2026-04-29 16:00:02] [WARN ] Overload risk! Demand 2816.7 kW vs Supply 2231.2 kW (126%)
[2026-04-29 16:00:02] [INFO ] [LOCK] Central Hospital — 392.5 kW (life support)
[2026-04-29 16:00:02] [WARN ] Load shed on Residential South: gave 203.3 / 788.8 kW
[2026-04-29 16:00:02] [INFO ] [Alloc] Distributed 2231.2 / 2816.7 kW | Unmet: 585.5 kW
[2026-04-29 16:00:04] [INFO ] Cycle #7 | Supply: 1956.4 kW
[2026-04-29 16:00:04] [WARN ] Overload risk! Demand 2866.9 kW vs Supply 1956.4 kW (147%)
[2026-04-29 16:00:04] [INFO ] [LOCK] Central Hospital — 425.6 kW (life support)
[2026-04-29 16:00:04] [WARN ] Load shed on Residential North: gave 112.8 / 327.4 kW
[2026-04-29 16:00:04] [WARN ] Load shed on Residential South: gave 0.0 / 695.9 kW
[2026-04-29 16:00:04] [INFO ] [Alloc] Distributed 1956.4 / 2866.9 kW | Unmet: 910.5 kW
[2026-04-29 16:00:06] [INFO ] Cycle #8 | Supply: 1839.9 kW
[2026-04-29 16:00:06] [WARN ] Overload risk! Demand 2658.8 kW vs Supply 1839.9 kW (145%)
[2026-04-29 16:00:06] [INFO ] [LOCK] Central Hospital — 360.9 kW (life support)
[2026-04-29 16:00:06] [WARN ] Load shed on Residential North: gave 162.2 / 309.8 kW
[2026-04-29 16:00:06] [WARN ] Load shed on Residential South: gave 0.0 / 671.3 kW
[2026-04-29 16:00:06] [INFO ] [Alloc] Distributed 1839.9 / 2658.8 kW | Unmet: 818.9 kW
[2026-04-29 16:00:08] [INFO ] Cycle #9 | Supply: 2216.3 kW
[2026-04-29 16:00:08] [WARN ] Overload risk! Demand 2661.3 kW vs Supply 2216.3 kW (120%)
[2026-04-29 16:00:08] [INFO ] [LOCK] Central Hospital — 408.8 kW (life support)
[2026-04-29 16:00:08] [WARN ] Load shed on Residential South: gave 71.3 / 516.3 kW
[2026-04-29 16:00:08] [INFO ] [Alloc] Distributed 2216.3 / 2661.3 kW | Unmet: 445.0 kW
[2026-04-29 16:00:10] [INFO ] Cycle #10 | Supply: 1865.4 kW
[2026-04-29 16:00:10] [WARN ] Overload risk! Demand 2604.2 kW vs Supply 1865.4 kW (140%)
[2026-04-29 16:00:10] [INFO ] [LOCK] Central Hospital — 484.3 kW (life support)
[2026-04-29 16:00:10] [WARN ] Load shed on Residential North: gave 101.1 / 294.0 kW
[2026-04-29 16:00:10] [WARN ] Load shed on Residential South: gave 0.0 / 545.8 kW
[2026-04-29 16:00:10] [INFO ] [Alloc] Distributed 1865.4 / 2604.2 kW | Unmet: 738.8 kW
[2026-04-29 16:00:12] [INFO ] Cycle #11 | Supply: 2108.9 kW
[2026-04-29 16:00:12] [WARN ] Overload risk! Demand 2650.1 kW vs Supply 2108.9 kW (126%)
[2026-04-29 16:00:12] [INFO ] [LOCK] Central Hospital — 393.5 kW (life support)
[2026-04-29 16:00:12] [WARN ] Load shed on Residential North: gave 289.8 / 314.5 kW
[2026-04-29 16:00:12] [WARN ] Load shed on Residential South: gave 0.0 / 516.5 kW
[2026-04-29 16:00:12] [INFO ] [Alloc] Distributed 2108.9 / 2650.1 kW | Unmet: 541.1 kW
[2026-04-29 16:00:14] [INFO ] Cycle #12 | Supply: 2040.4 kW
[2026-04-29 16:00:14] [WARN ] Overload risk! Demand 2593.7 kW vs Supply 2040.4 kW (127%)
[2026-04-29 16:00:14] [INFO ] [LOCK] Central Hospital — 467.9 kW (life support)
[2026-04-29 16:00:14] [WARN ] Load shed on Residential South: gave 10.8 / 564.1 kW
[2026-04-29 16:00:14] [INFO ] [Alloc] Distributed 2040.4 / 2593.7 kW | Unmet: 553.3 kW
[2026-04-29 16:00:16] [INFO ] Cycle #13 | Supply: 2103.5 kW
[2026-04-29 16:00:16] [WARN ] Overload risk! Demand 2526.9 kW vs Supply 2103.5 kW (120%)
[2026-04-29 16:00:16] [INFO ] [LOCK] Central Hospital — 433.0 kW (life support)
[2026-04-29 16:00:16] [WARN ] Load shed on Residential South: gave 225.5 / 648.9 kW
[2026-04-29 16:00:16] [INFO ] [Alloc] Distributed 2103.5 / 2526.9 kW | Unmet: 423.4 kW
[2026-04-29 16:00:18] [INFO ] Cycle #14 | Supply: 2209.6 kW
[2026-04-29 16:00:18] [WARN ] Overload risk! Demand 2615.6 kW vs Supply 2209.6 kW (118%)
[2026-04-29 16:00:18] [INFO ] [LOCK] Central Hospital — 563.6 kW (life support)
[2026-04-29 16:00:18] [WARN ] Load shed on Residential South: gave 249.9 / 655.9 kW
[2026-04-29 16:00:18] [INFO ] [Alloc] Distributed 2209.6 / 2615.6 kW | Unmet: 406.0 kW
[2026-04-29 16:00:20] [INFO ] Cycle #15 | Supply: 2154.1 kW
[2026-04-29 16:00:20] [WARN ] Overload risk! Demand 2756.2 kW vs Supply 2154.1 kW (128%)
[2026-04-29 16:00:20] [INFO ] [LOCK] Central Hospital — 482.5 kW (life support)
[2026-04-29 16:00:20] [WARN ] Load shed on Residential South: gave 194.7 / 796.8 kW
[2026-04-29 16:00:20] [INFO ] [Alloc] Distributed 2154.1 / 2756.2 kW | Unmet: 602.1 kW
[2026-04-29 16:00:22] [INFO ] Cycle #16 | Supply: 2060.4 kW
[2026-04-29 16:00:22] [WARN ] Overload risk! Demand 2917.0 kW vs Supply 2060.4 kW (142%)
[2026-04-29 16:00:22] [INFO ] [LOCK] Central Hospital — 525.9 kW (life support)
[2026-04-29 16:00:22] [WARN ] Load shed on Residential South: gave 21.6 / 878.2 kW
[2026-04-29 16:00:22] [INFO ] [Alloc] Distributed 2060.4 / 2917.0 kW | Unmet: 856.6 kW
[2026-04-29 16:00:24] [INFO ] Cycle #17 | Supply: 2111.0 kW
[2026-04-29 16:00:24] [WARN ] Overload risk! Demand 3107.8 kW vs Supply 2111.0 kW (147%)
[2026-04-29 16:00:24] [INFO ] [LOCK] Central Hospital — 460.9 kW (life support)
[2026-04-29 16:00:24] [WARN ] Load shed on Residential North: gave 183.0 / 2[2026-04-29 16:12:49] [INFO ] === VoltSync Session Started ===
[2026-04-29 16:12:49] [INFO ] Sector registered: Central Hospital [CRITICAL]
[2026-04-29 16:12:49] [INFO ] Sector registered: Fire Station Alpha [CRITICAL]
[2026-04-29 16:12:49] [INFO ] Sector registered: Industrial Zone A [HIGH]
[2026-04-29 16:12:49] [INFO ] Sector registered: Water Treatment [HIGH]
[2026-04-29 16:12:49] [INFO ] Sector registered: Downtown Commercial [MEDIUM]
[2026-04-29 16:12:49] [INFO ] Sector registered: Residential North [LOW]
[2026-04-29 16:12:49] [INFO ] Sector registered: Residential South [LOW]
[2026-04-29 16:12:49] [INFO ] Source added: Solar Farm Alpha
[2026-04-29 16:12:49] [INFO ] Source added: Solar Farm Beta
[2026-04-29 16:12:49] [INFO ] Source added: Wind Park North
[2026-04-29 16:12:49] [INFO ] Source added: Coal Plant Base
[2026-04-29 16:12:50] [INFO ] Thread started for sector: Central Hospital [Sector-Central Hospital]
[2026-04-29 16:12:50] [INFO ] Thread started for sector: Fire Station Alpha [Sector-Fire Station Alpha]
[2026-04-29 16:12:50] [INFO ] Thread started for sector: Industrial Zone A [Sector-Industrial Zone A]
[2026-04-29 16:12:50] [INFO ] Thread started for sector: Water Treatment [Sector-Water Treatment]
[2026-04-29 16:12:50] [INFO ] Thread started for sector: Downtown Commercial [Sector-Downtown Commercial]
[2026-04-29 16:12:50] [INFO ] Thread started for sector: Residential North [Sector-Residential North]
[2026-04-29 16:12:50] [INFO ] Thread started for sector: Residential South [Sector-Residential South]
[2026-04-29 16:12:50] [INFO ] Supply simulation thread started [SupplyThread]
[2026-04-29 16:12:52] [INFO ] Cycle #1 | Supply: 2051.8 kW
[2026-04-29 16:12:52] [WARN ] Overload risk! Demand 2092.5 kW vs Supply 2051.8 kW (102%)
[2026-04-29 16:12:52] [WARN ] Load shed on Residential South: gave 324.9 / 365.6 kW
[2026-04-29 16:12:52] [INFO ] [Alloc] Distributed 2051.8 / 2092.5 kW | Unmet: 40.7 kW
[2026-04-29 16:12:54] [INFO ] Cycle #2 | Supply: 2067.3 kW
[2026-04-29 16:12:54] [WARN ] Overload risk! Demand 1957.8 kW vs Supply 2067.3 kW (95%)
[2026-04-29 16:12:54] [INFO ] [Alloc] Distributed 1957.8 / 1957.8 kW | Unmet: 0.0 kW
[2026-04-29 16:12:56] [INFO ] Cycle #3 | Supply: 2234.2 kW
[2026-04-29 16:12:56] [WARN ] Overload risk! Demand 1986.8 kW vs Supply 2234.2 kW (89%)
[2026-04-29 16:12:56] [INFO ] [Alloc] Distributed 1986.8 / 1986.8 kW | Unmet: 0.0 kW
[2026-04-29 16:12:58] [INFO ] Cycle #4 | Supply: 1934.8 kW
[2026-04-29 16:12:58] [WARN ] Overload risk! Demand 1954.9 kW vs Supply 1934.8 kW (101%)
[2026-04-29 16:12:58] [WARN ] Load shed on Residential South: gave 464.4 / 484.5 kW
[2026-04-29 16:12:58] [INFO ] [Alloc] Distributed 1934.8 / 1954.9 kW | Unmet: 20.1 kW
[2026-04-29 16:13:00] [INFO ] Cycle #5 | Supply: 2073.6 kW
[2026-04-29 16:13:00] [WARN ] Overload risk! Demand 2237.2 kW vs Supply 2073.6 kW (108%)
[2026-04-29 16:13:00] [WARN ] Load shed on Residential South: gave 377.8 / 541.3 kW
[2026-04-29 16:13:00] [INFO ] [Alloc] Distributed 2073.6 / 2237.2 kW | Unmet: 163.6 kW
[2026-04-29 16:13:02] [INFO ] Cycle #6 | Supply: 1950.7 kW
[2026-04-29 16:13:02] [WARN ] Overload risk! Demand 2268.2 kW vs Supply 1950.7 kW (116%)
[2026-04-29 16:13:02] [INFO ] [LOCK] Central Hospital — 197.4 kW (life support)
[2026-04-29 16:13:02] [WARN ] Load shed on Residential South: gave 216.1 / 533.6 kW
[2026-04-29 16:13:02] [INFO ] [Alloc] Distributed 1950.7 / 2268.2 kW | Unmet: 317.5 kW
[2026-04-29 16:13:04] [INFO ] Cycle #7 | Supply: 2300.0 kW
[2026-04-29 16:13:04] [WARN ] Overload risk! Demand 2212.7 kW vs Supply 2300.0 kW (96%)
[2026-04-29 16:13:04] [INFO ] [LOCK] Central Hospital — 173.3 kW (life support)
[2026-04-29 16:13:04] [INFO ] [Alloc] Distributed 2212.7 / 2212.7 kW | Unmet: 0.0 kW
[2026-04-29 16:13:06] [INFO ] Cycle #8 | Supply: 2127.2 kW
[2026-04-29 16:13:06] [WARN ] Overload risk! Demand 2218.8 kW vs Supply 2127.2 kW (104%)
[2026-04-29 16:13:06] [INFO ] [LOCK] Central Hospital — 176.4 kW (life support)
[2026-04-29 16:13:06] [WARN ] Load shed on Residential South: gave 373.8 / 465.5 kW
[2026-04-29 16:13:06] [INFO ] [Alloc] Distributed 2127.2 / 2218.8 kW | Unmet: 91.7 kW
[2026-04-29 16:13:08] [INFO ] Cycle #9 | Supply: 2047.0 kW
[2026-04-29 16:13:08] [WARN ] Overload risk! Demand 2233.7 kW vs Supply 2047.0 kW (109%)
[2026-04-29 16:13:08] [INFO ] [LOCK] Central Hospital — 187.3 kW (life support)
[2026-04-29 16:13:08] [WARN ] Load shed on Residential South: gave 221.3 / 408.1 kW
[2026-04-29 16:13:08] [INFO ] [Alloc] Distributed 2047.0 / 2233.7 kW | Unmet: 186.8 kW
[2026-04-29 16:13:10] [INFO ] Cycle #10 | Supply: 2029.8 kW
[2026-04-29 16:13:10] [WARN ] Overload risk! Demand 2328.1 kW vs Supply 2029.8 kW (115%)
[2026-04-29 16:13:10] [INFO ] [LOCK] Central Hospital — 151.1 kW (life support)
[2026-04-29 16:13:10] [WARN ] Load shed on Residential South: gave 17.1 / 315.4 kW
[2026-04-29 16:13:10] [INFO ] [Alloc] Distributed 2029.8 / 2328.1 kW | Unmet: 298.3 kW
[2026-04-29 16:13:12] [INFO ] Cycle #11 | Supply: 2247.4 kW
[2026-04-29 16:13:12] [WARN ] Overload risk! Demand 2408.1 kW vs Supply 2247.4 kW (107%)
[2026-04-29 16:13:12] [INFO ] [LOCK] Central Hospital — 142.6 kW (life support)
[2026-04-29 16:13:12] [WARN ] Load shed on Residential South: gave 80.1 / 240.8 kW
[2026-04-29 16:13:12] [INFO ] [Alloc] Distributed 2247.4 / 2408.1 kW | Unmet: 160.7 kW
[2026-04-29 16:13:14] [INFO ] Cycle #12 | Supply: 2190.7 kW
[2026-04-29 16:13:14] [WARN ] Overload risk! Demand 2527.3 kW vs Supply 2190.7 kW (115%)
[2026-04-29 16:13:14] [INFO ] [LOCK] Central Hospital — 140.1 kW (life support)
[2026-04-29 16:13:14] [WARN ] Load shed on Residential North: gave 946.5 / 995.3 kW
[2026-04-29 16:13:14] [WARN ] Load shed on Residential South: gave 0.0 / 287.7 kW
[2026-04-29 16:13:14] [INFO ] [Alloc] Distributed 2190.7 / 2527.3 kW | Unmet: 336.5 kW
[2026-04-29 16:13:16] [INFO ] Cycle #13 | Supply: 2300.0 kW
[2026-04-29 16:13:16] [WARN ] Overload risk! Demand 2634.0 kW vs Supply 2300.0 kW (115%)
[2026-04-29 16:13:16] [INFO ] [LOCK] Central Hospital — 137.1 kW (life support)
[2026-04-29 16:13:16] [WARN ] Load shed on Residential South: gave 23.9 / 357.9 kW
[2026-04-29 16:13:16] [INFO ] [Alloc] Distributed 2300.0 / 2634.0 kW | Unmet: 334.0 kW
[2026-04-29 16:13:18] [INFO ] Cycle #14 | Supply: 2286.2 kW
[2026-04-29 16:13:18] [WARN ] Overload risk! Demand 2398.7 kW vs Supply 2286.2 kW (105%)
[2026-04-29 16:13:18] [INFO ] [LOCK] Central Hospital — 125.0 kW (life support)
[2026-04-29 16:13:18] [WARN ] Load shed on Residential South: gave 191.4 / 303.9 kW
[2026-04-29 16:13:18] [INFO ] [Alloc] Distributed 2286.2 / 2398.7 kW | Unmet: 112.5 kW
[2026-04-29 16:13:20] [INFO ] Cycle #15 | Supply: 2269.2 kW
[2026-04-29 16:13:20] [WARN ] Overload risk! Demand 2284.3 kW vs Supply 2269.2 kW (101%)
[2026-04-29 16:13:20] [INFO ] [LOCK] Central Hospital — 126.4 kW (life support)
[2026-04-29 16:13:20] [WARN ] Load shed on Residential South: gave 217.8 / 232.9 kW
[2026-04-29 16:13:20] [INFO ] [Alloc] Distributed 2269.2 / 2284.3 kW | Unmet: 15.1 kW
[2026-04-29 16:13:22] [INFO ] Cycle #16 | Supply: 2299.1 kW
[2026-04-29 16:13:22] [WARN ] Overload risk! Demand 2375.5 kW vs Supply 2299.1 kW (103%)
[2026-04-29 16:13:22] [INFO ] [LOCK] Central Hospital — 121.2 kW (life support)
[2026-04-29 16:13:22] [WARN ] Load shed on Residential South: gave 173.1 / 249.4 kW
[2026-04-29 16:13:22] [INFO ] [Alloc] Distributed 2299.1 / 2375.5 kW | Unmet: 76.3 kW
[2026-04-29 16:13:24] [INFO ] Cycle #17 | Supply: 2130.6 kW
[2026-04-29 16:13:24] [WARN ] Overload risk! Demand 2768.2 kW vs Supply 2130.6 kW (130%)
[2026-04-29 16:13:24] [INFO ] [LOCK] Central Hospital — 138.6 kW (life support)
[2026-04-29 16:13:24] [WARN ] Load shed on Residential North: gave 107.3 / 470.5 kW
[2026-04-29 16:13:24] [WARN ] Load shed on Residential South: gave 0.0 / 274.4 kW
[2026-04-29 16:13:24] [INFO ] [Alloc] Distributed 2130.6 / 2768.2 kW | Unmet: 637.6 kW
[2026-04-29 16:13:26] [INFO ] Cycle #18 | Supply: 2221.8 kW
[2026-04-29 16:13:26] [WARN ] Overload risk! Demand 2793.0 kW vs Supply 2221.8 kW (126%)
[2026-04-29 16:13:26] [INFO ] [LOCK] Central Hospital — 135.6 kW (life support)
[2026-04-29 16:13:26] [WARN ] Load shed on Residential North: gave 130.6 / 386.9 kW
[2026-04-29 16:13:26] [WARN ] Load shed on Residential South: gave 0.0 / 314.8 kW
[2026-04-29 16:13:26] [INFO ] [Alloc] Distributed 2221.8 / 2793.0 kW | Unmet: 571.2 kW
[2026-04-29 16:13:28] [INFO ] Cycle #19 | Supply: 2229.3 kW
[2026-04-29 16:13:28] [WARN ] Overload risk! Demand 2801.7 kW vs Supply 2229.3 kW (126%)
[2026-04-29 16:13:28] [INFO ] [LOCK] Central Hospital — 109.5 kW (life support)
[2026-04-29 16:13:28] [WARN ] Load shed on Residential North: gave 124.7 / 422.8 kW
[2026-04-29 16:13:28] [WARN ] Load shed on Residential South: gave 0.0 / 274.3 kW
[2026-04-29 16:13:28] [INFO ] [Alloc] Distributed 2229.3 / 2801.7 kW | Unmet: 572.4 kW
[2026-04-29 16:13:30] [INFO ] Cycle #20 | Supply: 2094.5 kW
[2026-04-29 16:13:30] [WARN ] Overload risk! Demand 2684.0 kW vs Supply 2094.5 kW (128%)
[2026-04-29 16:13:30] [INFO ] [LOCK] Central Hospital — 114.0 kW (life support)
[2026-04-29 16:13:30] [WARN ] Load shed on Residential North: gave 51.1 / 376.3 kW
[2026-04-29 16:13:30] [WARN ] Load shed on Residential South: gave 0.0 / 264.3 kW
[2026-04-29 16:13:30] [INFO ] [Alloc] Distributed 2094.5 / 2684.0 kW | Unmet: 589.6 kW
[2026-04-29 16:13:32] [INFO ] Cycle #21 | Supply: 2273.4 kW
[2026-04-29 16:13:32] [WARN ] Overload risk! Demand 3144.0 kW vs Supply 2273.4 kW (138%)
[2026-04-29 16:13:32] [INFO ] [LOCK] Central Hospital — 105.7 kW (life support)
[2026-04-29 16:13:32] [WARN ] Load shed on Water Treatment: gave 77.4 / 155.4 kW
[2026-04-29 16:13:32] [WARN ] Load shed on Downtown Commercial: gave 0.0 / 85.6 kW
[2026-04-29 16:13:32] [WARN ] Load shed on Residential North: gave 0.0 / 455.2 kW
[2026-04-29 16:13:32] [WARN ] Load shed on Residential South: gave 0.0 / 251.9 kW
[2026-04-29 16:13:32] [INFO ] [Alloc] Distributed 2273.4 / 3144.0 kW | Unmet: 870.7 kW
[2026-04-29 16:13:34] [INFO ] Cycle #22 | Supply: 2113.6 kW
[2026-04-29 16:13:34] [WARN ] Overload risk! Demand 3092.4 kW vs Supply 2113.6 kW (146%)
[2026-04-29 16:13:34] [INFO ] [LOCK] Central Hospital — 115.6 kW (life support)
[2026-04-29 16:13:34] [WARN ] Load shed on Water Treatment: gave 5.8 / 182.7 kW
[2026-04-29 16:13:34] [WARN ] Load shed on Downtown Commercial: gave 0.0 / 101.8 kW
[2026-04-29 16:13:34] [WARN ] Load shed on Residential North: gave 0.0 / 456.1 kW
[2026-04-29 16:13:34] [WARN ] Load shed on Residential South: gave 0.0 / 244.1 kW
[2026-04-29 16:13:34] [INFO ] [Alloc] Distributed 2113.6 / 3092.4 kW | Unmet: 978.9 kW
[2026-04-29 16:13:36] [INFO ] Cycle #23 | Supply: 1918.6 kW
[2026-04-29 16:13:36] [ERROR] [GRID OVERLOAD] Demand 2969.5 kW exceeds supply 1918.6 kW (deficit: 1050.9 kW)
[2026-04-29 16:13:36] [WARN ] EMERGENCY LOAD SHEDDING
[2026-04-29 16:13:36] [WARN ] Shed: Downtown Commercial
[2026-04-29 16:13:36] [WARN ] Shed: Residential North
[2026-04-29 16:13:36] [WARN ] Shed: Residential South
[2026-04-29 16:13:38] [INFO ] Cycle #24 | Supply: 2216.5 kW
[2026-04-29 16:13:38] [ERROR] [GRID OVERLOAD] Demand 3368.9 kW exceeds supply 2216.5 kW (deficit: 1152.4 kW)
[2026-04-29 16:13:38] [WARN ] EMERGENCY LOAD SHEDDING
[2026-04-29 16:13:38] [WARN ] Shed: Downtown Commercial
[2026-04-29 16:13:38] [WARN ] Shed: Residential North
[2026-04-29 16:13:38] [WARN ] Shed: Residential South
[2026-04-29 16:13:40] [INFO ] Cycle #25 | Supply: 2153.4 kW
[2026-04-29 16:13:40] [ERROR] [GRID OVERLOAD] Demand 3765.2 kW exceeds supply 2153.4 kW (deficit: 1611.8 kW)
[2026-04-29 16:13:40] [WARN ] EMERGENCY LOAD SHEDDING
[2026-04-29 16:13:40] [WARN ] Shed: Downtown Commercial
[2026-04-29 16:13:40] [WARN ] Shed: Residential North
[2026-04-29 16:13:40] [WARN ] Shed: Residential South
[2026-04-29 16:13:42] [INFO ] Cycle #26 | Supply: 2234.4 kW
[2026-04-29 16:13:42] [ERROR] [GRID OVERLOAD] Demand 4158.2 kW exceeds supply 2234.4 kW (deficit: 1923.8 kW)
[2026-04-29 16:13:42] [WARN ] EMERGENCY LOAD SHEDDING
[2026-04-29 16:13:42] [WARN ] Shed: Downtown Commercial
[2026-04-29 16:13:42] [WARN ] Shed: Residential North
[2026-04-29 16:13:42] [WARN ] Shed: Residential South
[2026-04-29 16:13:44] [INFO ] Cycle #27 | Supply: 2173.9 kW
[2026-04-29 16:13:44] [ERROR] [GRID OVERLOAD] Demand 3787.3 kW exceeds supply 2173.9 kW (deficit: 1613.4 kW)
[2026-04-29 16:13:44] [WARN ] EMERGENCY LOAD SHEDDING
[2026-04-29 16:13:44] [WARN ] Shed: Downtown Commercial
[2026-04-29 16:13:44] [WARN ] Shed: Residential North
[2026-04-29 16:13:44] [WARN ] Shed: Residential South
[2026-04-29 16:13:46] [INFO ] Cycle #28 | Supply: 2244.0 kW
[2026-04-29 16:13:46] [ERROR] [GRID OVERLOAD] Demand 4458.8 kW exceeds supply 2244.0 kW (deficit: 2214.8 kW)
[2026-04-29 16:13:46] [WARN ] EMERGENCY LOAD SHEDDING
[2026-04-29 16:13:46] [WARN ] Shed: Downtown Commercial
[2026-04-29 16:13:46] [WARN ] Shed: Residential North
[2026-04-29 16:13:46] [WARN ] Shed: Residential South
[2026-04-29 16:13:48] [INFO ] Cycle #29 | Supply: 2299.2 kW
[2026-04-29 16:13:48] [ERROR] [GRID OVERLOAD] Demand 4997.7 kW exceeds supply 2299.2 kW (deficit: 2698.6 kW)
[2026-04-29 16:13:48] [WARN ] EMERGENCY LOAD SHEDDING
[2026-04-29 16:13:48] [WARN ] Shed: Downtown Commercial
[2026-04-29 16:13:48] [WARN ] Shed: Residential North
[2026-04-29 16:13:48] [WARN ] Shed: Residential South
[2026-04-29 16:13:50] [INFO ] Cycle #30 | Supply: 2223.4 kW
[2026-04-29 16:13:50] [ERROR] [GRID OVERLOAD] Demand 4926.2 kW exceeds supply 2223.4 kW (deficit: 2702.8 kW)
[2026-04-29 16:13:50] [WARN ] EMERGENCY LOAD SHEDDING
[2026-04-29 16:13:50] [WARN ] Shed: Downtown Commercial
[2026-04-29 16:13:50] [WARN ] Shed: Residential North
[2026-04-29 16:13:50] [WARN ] Shed: Residential South
[2026-04-29 16:13:52] [INFO ] Cycle #31 | Supply: 2010.8 kW
[2026-04-29 16:13:52] [ERROR] [GRID OVERLOAD] Demand 4350.6 kW exceeds supply 2010.8 kW (deficit: 2339.8 kW)
[2026-04-29 16:13:52] [WARN ] EMERGENCY LOAD SHEDDING
[2026-04-29 16:13:52] [WARN ] Shed: Downtown Commercial
[2026-04-29 16:13:52] [WARN ] Shed: Residential North
[2026-04-29 16:13:52] [WARN ] Shed: Residential South
[2026-04-29 16:13:54] [INFO ] Cycle #32 | Supply: 2100.0 kW
[2026-04-29 16:13:54] [ERROR] [GRID OVERLOAD] Demand 4685.6 kW exceeds supply 2100.0 kW (deficit: 2585.6 kW)
[2026-04-29 16:13:54] [WARN ] EMERGENCY LOAD SHEDDING
[2026-04-29 16:13:54] [WARN ] Shed: Downtown Commercial
[2026-04-29 16:13:54] [WARN ] Shed: Residential North
[2026-04-29 16:13:54] [WARN ] Shed: Residential South
[2026-04-29 16:13:56] [INFO ] Cycle #33 | Supply: 2161.8 kW
[2026-04-29 16:13:56] [ERROR] [GRID OVERLOAD] Demand 5159.1 kW exceeds supply 2161.8 kW (deficit: 2997.3 kW)
[2026-04-29 16:13:56] [WARN ] EMERGENCY LOAD SHEDDING
[2026-04-29 16:13:56] [WARN ] Shed: Downtown Commercial
[2026-04-29 16:13:56] [WARN ] Shed: Residential North
[2026-04-29 16:13:56] [WARN ] Shed: Residential South
[2026-04-29 16:13:58] [INFO ] Cycle #34 | Supply: 1902.0 kW
[2026-04-29 16:13:58] [ERROR] [GRID OVERLOAD] Demand 4419.8 kW exceeds supply 1902.0 kW (deficit: 2517.8 kW)
[2026-04-29 16:13:58] [WARN ] EMERGENCY LOAD SHEDDING
[2026-04-29 16:13:58] [WARN ] Shed: Downtown Commercial
[2026-04-29 16:13:58] [WARN ] Shed: Residential North
[2026-04-29 16:13:58] [WARN ] Shed: Residential South
[2026-04-29 16:14:00] [INFO ] Cycle #35 | Supply: 2097.3 kW
[2026-04-29 16:14:00] [ERROR] [GRID OVERLOAD] Demand 4571.2 kW exceeds supply 2097.3 kW (deficit: 2473.9 kW)
[2026-04-29 16:14:00] [WARN ] EMERGENCY LOAD SHEDDING
[2026-04-29 16:14:00] [WARN ] Shed: Downtown Commercial
[2026-04-29 16:14:00] [WARN ] Shed: Residential North
[2026-04-29 16:14:00] [WARN ] Shed: Residential South
[2026-04-29 16:14:02] [INFO ] Cycle #36 | Supply: 2138.5 kW
[2026-04-29 16:14:02] [ERROR] [GRID OVERLOAD] Demand 4422.4 kW exceeds supply 2138.5 kW (deficit: 2284.0 kW)
[2026-04-29 16:14:02] [WARN ] EMERGENCY LOAD SHEDDING
[2026-04-29 16:14:02] [WARN ] Shed: Downtown Commercial
[2026-04-29 16:14:02] [WARN ] Shed: Residential North
[2026-04-29 16:14:02] [WARN ] Shed: Residential South
[2026-04-29 16:14:04] [INFO ] Cycle #37 | Supply: 2123.6 kW
[2026-04-29 16:14:04] [ERROR] [GRID OVERLOAD] Demand 5229.9 kW exceeds supply 2123.6 kW (deficit: 3106.4 kW)
[2026-04-29 16:14:04] [WARN ] EMERGENCY LOAD SHEDDING
[2026-04-29 16:14:04] [WARN ] Shed: Downtown Commercial
[2026-04-29 16:14:04] [WARN ] Shed: Residential North
[2026-04-29 16:14:04] [WARN ] Shed: Residential South
[2026-04-29 16:14:06] [INFO ] Cycle #38 | Supply: 1884.1 kW
[2026-04-29 16:14:06] [ERROR] [GRID OVERLOAD] Demand 5140.3 kW exceeds supply 1884.1 kW (deficit: 3256.2 kW)
[2026-04-29 16:14:06] [WARN ] EMERGENCY LOAD SHEDDING
[2026-04-29 16:14:06] [WARN ] Shed: Downtown Commercial
[2026-04-29 16:14:06] [WARN ] Shed: Residential North
[2026-04-29 16:14:06] [WARN ] Shed: Residential South
[2026-04-29 16:14:08] [INFO ] Cycle #39 | Supply: 2186.9 kW
[2026-04-29 16:14:08] [ERROR] [GRID OVERLOAD] Demand 5506.2 kW exceeds supply 2186.9 kW (deficit: 3319.3 kW)
[2026-04-29 16:14:08] [WARN ] EMERGENCY LOAD SHEDDING
[2026-04-29 16:14:08] [WARN ] Shed: Downtown Commercial
[2026-04-29 16:14:08] [WARN ] Shed: Residential North
[2026-04-29 16:14:08] [WARN ] Shed: Residential South
[2026-04-29 16:14:10] [INFO ] Cycle #40 | Supply: 2107.9 kW
[2026-04-29 16:14:10] [ERROR] [GRID OVERLOAD] Demand 4254.4 kW exceeds supply 2107.9 kW (deficit: 2146.5 kW)
[2026-04-29 16:14:10] [WARN ] EMERGENCY LOAD SHEDDING
[2026-04-29 16:14:10] [WARN ] Shed: Downtown Commercial
[2026-04-29 16:14:10] [WARN ] Shed: Residential North
[2026-04-29 16:14:10] [WARN ] Shed: Residential South
[2026-04-29 16:14:12] [INFO ] Cycle #41 | Supply: 2151.3 kW
[2026-04-29 16:14:12] [ERROR] [GRID OVERLOAD] Demand 4891.2 kW exceeds supply 2151.3 kW (deficit: 2739.8 kW)
[2026-04-29 16:14:12] [WARN ] EMERGENCY LOAD SHEDDING
[2026-04-29 16:14:12] [WARN ] Shed: Downtown Commercial
[2026-04-29 16:14:12] [WARN ] Shed: Residential North
[2026-04-29 16:14:12] [WARN ] Shed: Residential South
[2026-04-29 16:14:14] [INFO ] Cycle #42 | Supply: 2300.0 kW
[2026-04-29 16:14:14] [ERROR] [GRID OVERLOAD] Demand 5634.1 kW exceeds supply 2300.0 kW (deficit: 3334.1 kW)
[2026-04-29 16:14:14] [WARN ] EMERGENCY LOAD SHEDDING
[2026-04-29 16:14:14] [WARN ] Shed: Downtown Commercial
[2026-04-29 16:14:14] [WARN ] Shed: Residential North
[2026-04-29 16:14:14] [WARN ] Shed: Residential South
[2026-04-29 16:14:16] [INFO ] Cycle #43 | Supply: 2084.7 kW
[2026-04-29 16:14:16] [ERROR] [GRID OVERLOAD] Demand 4307.1 kW exceeds supply 2084.7 kW (deficit: 2222.4 kW)
[2026-04-29 16:14:16] [WARN ] EMERGENCY LOAD SHEDDING
[2026-04-29 16:14:16] [WARN ] Shed: Downtown Commercial
[2026-04-29 16:14:16] [WARN ] Shed: Residential North
[2026-04-29 16:14:16] [WARN ] Shed: Residential South
[2026-04-29 16:14:18] [INFO ] Cycle #44 | Supply: 2068.1 kW
[2026-04-29 16:14:18] [ERROR] [GRID OVERLOAD] Demand 3830.2 kW exceeds supply 2068.1 kW (deficit: 1762.2 kW)
[2026-04-29 16:14:18] [WARN ] EMERGENCY LOAD SHEDDING
[2026-04-29 16:14:18] [WARN ] Shed: Downtown Commercial
[2026-04-29 16:14:18] [WARN ] Shed: Residential North
[2026-04-29 16:14:18] [WARN ] Shed: Residential South
[2026-04-29 16:14:20] [INFO ] Cycle #45 | Supply: 2122.2 kW
[2026-04-29 16:14:20] [ERROR] [GRID OVERLOAD] Demand 3594.2 kW exceeds supply 2122.2 kW (deficit: 1472.0 kW)
[2026-04-29 16:14:20] [WARN ] EMERGENCY LOAD SHEDDING
[2026-04-29 16:14:20] [WARN ] Shed: Downtown Commercial
[2026-04-29 16:14:20] [WARN ] Shed: Residential North
[2026-04-29 16:14:20] [WARN ] Shed: Residential South
[2026-04-29 16:14:22] [INFO ] Cycle #46 | Supply: 2135.6 kW
[2026-04-29 16:14:22] [ERROR] [GRID OVERLOAD] Demand 3463.2 kW exceeds supply 2135.6 kW (deficit: 1327.6 kW)
[2026-04-29 16:14:22] [WARN ] EMERGENCY LOAD SHEDDING
[2026-04-29 16:14:22] [WARN ] Shed: Downtown Commercial
[2026-04-29 16:14:22] [WARN ] Shed: Residential North
[2026-04-29 16:14:22] [WARN ] Shed: Residential South
[2026-04-29 16:14:24] [INFO ] Cycle #47 | Supply: 2239.1 kW
[2026-04-29 16:14:24] [ERROR] [GRID OVERLOAD] Demand 3504.3 kW exceeds supply 2239.1 kW (deficit: 1265.2 kW)
[2026-04-29 16:14:24] [WARN ] EMERGENCY LOAD SHEDDING
[2026-04-29 16:14:24] [WARN ] Shed: Downtown Commercial
[2026-04-29 16:14:24] [WARN ] Shed: Residential North
[2026-04-29 16:14:24] [WARN ] Shed: Residential South
[2026-04-29 16:14:26] [INFO ] Cycle #48 | Supply: 2076.4 kW
[2026-04-29 16:14:26] [ERROR] [GRID OVERLOAD] Demand 3929.8 kW exceeds supply 2076.4 kW (deficit: 1853.4 kW)
[2026-04-29 16:14:26] [WARN ] EMERGENCY LOAD SHEDDING
[2026-04-29 16:14:26] [WARN ] Shed: Downtown Commercial
[2026-04-29 16:14:26] [WARN ] Shed: Residential North
[2026-04-29 16:14:26] [WARN ] Shed: Residential South
[2026-04-29 16:14:28] [INFO ] Cycle #49 | Supply: 2125.5 kW
[2026-04-29 16:14:28] [ERROR] [GRID OVERLOAD] Demand 3273.8 kW exceeds supply 2125.5 kW (deficit: 1148.2 kW)
[2026-04-29 16:14:28] [WARN ] EMERGENCY LOAD SHEDDING
[2026-04-29 16:14:28] [WARN ] Shed: Downtown Commercial
[2026-04-29 16:14:28] [WARN ] Shed: Residential North
[2026-04-29 16:14:28] [WARN ] Shed: Residential South
[2026-04-29 16:14:30] [INFO ] Cycle #50 | Supply: 2126.4 kW
[2026-04-29 16:14:30] [WARN ] Overload risk! Demand 3067.2 kW vs Supply 2126.4 kW (144%)
[2026-04-29 16:14:30] [INFO ] [LOCK] Central Hospital — 34.1 kW (life support)
[2026-04-29 16:14:30] [WARN ] Load shed on Industrial Zone A: gave 1931.8 / 2132.7 kW
[2026-04-29 16:14:30] [WARN ] Load shed on Water Treatment: gave 0.0 / 184.3 kW
[2026-04-29 16:14:30] [WARN ] Load shed on Downtown Commercial: gave 0.0 / 44.0 kW
[2026-04-29 16:14:30] [WARN ] Load shed on Residential North: gave 0.0 / 291.3 kW
[2026-04-29 16:14:30] [WARN ] Load shed on Residential South: gave 0.0 / 220.2 kW
[2026-04-29 16:14:30] [INFO ] [Alloc] Distributed 2126.4 / 3067.2 kW | Unmet: 940.8 kW
[2026-04-29 16:14:32] [INFO ] Cycle #51 | Supply: 2176.2 kW
[2026-04-29 16:14:32] [WARN ] Overload risk! Demand 2848.0 kW vs Supply 2176.2 kW (131%)
[2026-04-29 16:14:32] [INFO ] [LOCK] Central Hospital — 43.8 kW (life support)
[2026-04-29 16:14:32] [WARN ] Load shed on Water Treatment: gave 63.9 / 204.8 kW
[2026-04-29 16:14:32] [WARN ] Load shed on Downtown Commercial: gave 0.0 / 40.5 kW
[2026-04-29 16:14:32] [WARN ] Load shed on Residential North: gave 0.0 / 252.0 kW
[2026-04-29 16:14:32] [WARN ] Load shed on Residential South: gave 0.0 / 238.4 kW
[2026-04-29 16:14:32] [INFO ] [Alloc] Distributed 2176.2 / 2848.0 kW | Unmet: 671.9 kW
[2026-04-29 16:14:34] [INFO ] Cycle #52 | Supply: 2026.1 kW
[2026-04-29 16:14:34] [ERROR] [GRID OVERLOAD] Demand 4004.3 kW exceeds supply 2026.1 kW (deficit: 1978.2 kW)
[2026-04-29 16:14:34] [WARN ] EMERGENCY LOAD SHEDDING
[2026-04-29 16:14:34] [WARN ] Shed: Downtown Commercial
[2026-04-29 16:14:34] [WARN ] Shed: Residential North
[2026-04-29 16:14:34] [WARN ] Shed: Residential South
[2026-04-29 16:14:36] [INFO ] Cycle #53 | Supply: 2264.8 kW
[2026-04-29 16:14:36] [ERROR] [GRID OVERLOAD] Demand 3769.3 kW exceeds supply 2264.8 kW (deficit: 1504.5 kW)
[2026-04-29 16:14:36] [WARN ] EMERGENCY LOAD SHEDDING
[2026-04-29 16:14:36] [WARN ] Shed: Downtown Commercial
[2026-04-29 16:14:36] [WARN ] Shed: Residential North
[2026-04-29 16:14:36] [WARN ] Shed: Residential South
[2026-04-29 16:14:38] [INFO ] Cycle #54 | Supply: 2185.6 kW
[2026-04-29 16:14:38] [ERROR] [GRID OVERLOAD] Demand 4000.3 kW exceeds supply 2185.6 kW (deficit: 1814.7 kW)
[2026-04-29 16:14:38] [WARN ] EMERGENCY LOAD SHEDDING
[2026-04-29 16:14:38] [WARN ] Shed: Downtown Commercial
[2026-04-29 16:14:38] [WARN ] Shed: Residential North
[2026-04-29 16:14:38] [WARN ] Shed: Residential South
[2026-04-29 16:14:40] [INFO ] Cycle #55 | Supply: 2293.5 kW
[2026-04-29 16:14:40] [ERROR] [GRID OVERLOAD] Demand 3785.7 kW exceeds supply 2293.5 kW (deficit: 1492.2 kW)
[2026-04-29 16:14:40] [WARN ] EMERGENCY LOAD SHEDDING
[2026-04-29 16:14:40] [WARN ] Shed: Downtown Commercial
[2026-04-29 16:14:40] [WARN ] Shed: Residential North
[2026-04-29 16:14:40] [WARN ] Shed: Residential South
[2026-04-29 16:14:42] [INFO ] Cycle #56 | Supply: 2002.2 kW
[2026-04-29 16:14:42] [ERROR] [GRID OVERLOAD] Demand 3427.4 kW exceeds supply 2002.2 kW (deficit: 1425.1 kW)
[2026-04-29 16:14:42] [WARN ] EMERGENCY LOAD SHEDDING
[2026-04-29 16:14:42] [WARN ] Shed: Downtown Commercial
[2026-04-29 16:14:42] [WARN ] Shed: Residential North
[2026-04-29 16:14:42] [WARN ] Shed: Residential South
[2026-04-29 16:14:44] [INFO ] Cycle #57 | Supply: 2159.7 kW
[2026-04-29 16:14:44] [ERROR] [GRID OVERLOAD] Demand 3367.0 kW exceeds supply 2159.7 kW (deficit: 1207.3 kW)
[2026-04-29 16:14:44] [WARN ] EMERGENCY LOAD SHEDDING
[2026-04-29 16:14:44] [WARN ] Shed: Downtown Commercial
[2026-04-29 16:14:44] [WARN ] Shed: Residential North
[2026-04-29 16:14:44] [WARN ] Shed: Residential South
[2026-04-29 16:14:46] [INFO ] Cycle #58 | Supply: 1971.7 kW
[2026-04-29 16:14:46] [ERROR] [GRID OVERLOAD] Demand 3234.2 kW exceeds supply 1971.7 kW (deficit: 1262.5 kW)
[2026-04-29 16:14:46] [WARN ] EMERGENCY LOAD SHEDDING
[2026-04-29 16:14:46] [WARN ] Shed: Downtown Commercial
[2026-04-29 16:14:46] [WARN ] Shed: Residential North
[2026-04-29 16:14:46] [WARN ] Shed: Residential South
[2026-04-29 16:14:48] [INFO ] Cycle #59 | Supply: 2105.6 kW
[2026-04-29 16:14:48] [ERROR] [GRID OVERLOAD] Demand 3314.6 kW exceeds supply 2105.6 kW (deficit: 1208.9 kW)
[2026-04-29 16:14:48] [WARN ] EMERGENCY LOAD SHEDDING
[2026-04-29 16:14:48] [WARN ] Shed: Downtown Commercial
[2026-04-29 16:14:48] [WARN ] Shed: Residential North
[2026-04-29 16:14:48] [WARN ] Shed: Residential South
[2026-04-29 16:14:50] [INFO ] Cycle #60 | Supply: 2285.2 kW
[2026-04-29 16:14:50] [ERROR] [GRID OVERLOAD] Demand 3901.4 kW exceeds supply 2285.2 kW (deficit: 1616.1 kW)
[2026-04-29 16:14:50] [WARN ] EMERGENCY LOAD SHEDDING
[2026-04-29 16:14:50] [WARN ] Shed: Downtown Commercial
[2026-04-29 16:14:50] [WARN ] Shed: Residential North
[2026-04-29 16:14:50] [WARN ] Shed: Residential South
[2026-04-29 16:14:52] [INFO ] Cycle #61 | Supply: 2300.0 kW
[2026-04-29 16:14:52] [ERROR] [GRID OVERLOAD] Demand 4747.6 kW exceeds supply 2300.0 kW (deficit: 2447.6 kW)
[2026-04-29 16:14:52] [WARN ] EMERGENCY LOAD SHEDDING
[2026-04-29 16:14:52] [WARN ] Shed: Downtown Commercial
[2026-04-29 16:14:52] [WARN ] Shed: Residential North
[2026-04-29 16:14:52] [WARN ] Shed: Residential South
[2026-04-29 16:14:54] [INFO ] Cycle #62 | Supply: 2269.7 kW
[2026-04-29 16:14:54] [ERROR] [GRID OVERLOAD] Demand 4990.3 kW exceeds supply 2269.7 kW (deficit: 2720.5 kW)
[2026-04-29 16:14:54] [WARN ] EMERGENCY LOAD SHEDDING
[2026-04-29 16:14:54] [WARN ] Shed: Downtown Commercial
[2026-04-29 16:14:54] [WARN ] Shed: Residential North
[2026-04-29 16:14:54] [WARN ] Shed: Residential South
[2026-04-29 16:14:56] [INFO ] Cycle #63 | Supply: 1950.9 kW
[2026-04-29 16:14:56] [ERROR] [GRID OVERLOAD] Demand 3596.3 kW exceeds supply 1950.9 kW (deficit: 1645.4 kW)
[2026-04-29 16:14:56] [WARN ] EMERGENCY LOAD SHEDDING
[2026-04-29 16:14:56] [WARN ] Shed: Downtown Commercial
[2026-04-29 16:14:56] [WARN ] Shed: Residential North
[2026-04-29 16:14:56] [WARN ] Shed: Residential South
[2026-04-29 16:14:58] [INFO ] Cycle #64 | Supply: 2204.2 kW
[2026-04-29 16:14:58] [ERROR] [GRID OVERLOAD] Demand 4387.9 kW exceeds supply 2204.2 kW (deficit: 2183.6 kW)
[2026-04-29 16:14:58] [WARN ] EMERGENCY LOAD SHEDDING
[2026-04-29 16:14:58] [WARN ] Shed: Downtown Commercial
[2026-04-29 16:14:58] [WARN ] Shed: Residential North
[2026-04-29 16:14:58] [WARN ] Shed: Residential South
[2026-04-29 16:15:00] [INFO ] Cycle #65 | Supply: 2223.0 kW
[2026-04-29 16:15:00] [ERROR] [GRID OVERLOAD] Demand 3929.0 kW exceeds supply 2223.0 kW (deficit: 1706.0 kW)
[2026-04-29 16:15:00] [WARN ] EMERGENCY LOAD SHEDDING
[2026-04-29 16:15:00] [WARN ] Shed: Downtown Commercial
[2026-04-29 16:15:00] [WARN ] Shed: Residential North
[2026-04-29 16:15:00] [WARN ] Shed: Residential South
[2026-04-29 16:15:02] [INFO ] Cycle #66 | Supply: 2019.2 kW
[2026-04-29 16:15:02] [ERROR] [GRID OVERLOAD] Demand 3872.4 kW exceeds supply 2019.2 kW (deficit: 1853.2 kW)
[2026-04-29 16:15:02] [WARN ] EMERGENCY LOAD SHEDDING
[2026-04-29 16:15:02] [WARN ] Shed: Downtown Commercial
[2026-04-29 16:15:02] [WARN ] Shed: Residential North
[2026-04-29 16:15:02] [WARN ] Shed: Residential South
[2026-04-29 16:15:04] [INFO ] Cycle #67 | Supply: 1983.3 kW
[2026-04-29 16:15:04] [ERROR] [GRID OVERLOAD] Demand 4921.9 kW exceeds supply 1983.3 kW (deficit: 2938.6 kW)
[2026-04-29 16:15:04] [WARN ] EMERGENCY LOAD SHEDDING
[2026-04-29 16:15:04] [WARN ] Shed: Downtown Commercial
[2026-04-29 16:15:04] [WARN ] Shed: Residential North
[2026-04-29 16:15:04] [WARN ] Shed: Residential South
[2026-04-29 16:15:06] [INFO ] Cycle #68 | Supply: 2300.0 kW
[2026-04-29 16:15:06] [ERROR] [GRID OVERLOAD] Demand 5262.5 kW exceeds supply 2300.0 kW (deficit: 2962.5 kW)
[2026-04-29 16:15:06] [WARN ] EMERGENCY LOAD SHEDDING
[2026-04-29 16:15:06] [WARN ] Shed: Downtown Commercial
[2026-04-29 16:15:06] [WARN ] Shed: Residential North
[2026-04-29 16:15:06] [WARN ] Shed: Residential South
[2026-04-29 16:15:08] [INFO ] Cycle #69 | Supply: 2100.8 kW
[2026-04-29 16:15:08] [ERROR] [GRID OVERLOAD] Demand 5232.7 kW exceeds supply 2100.8 kW (deficit: 3131.9 kW)
[2026-04-29 16:15:08] [WARN ] EMERGENCY LOAD SHEDDING
[2026-04-29 16:15:08] [WARN ] Shed: Downtown Commercial
[2026-04-29 16:15:08] [WARN ] Shed: Residential North
[2026-04-29 16:15:08] [WARN ] Shed: Residential South
[2026-04-29 16:15:10] [INFO ] Cycle #70 | Supply: 2208.9 kW
[2026-04-29 16:15:10] [ERROR] [GRID OVERLOAD] Demand 4389.4 kW exceeds supply 2208.9 kW (deficit: 2180.5 kW)
[2026-04-29 16:15:10] [WARN ] EMERGENCY LOAD SHEDDING
[2026-04-29 16:15:10] [WARN ] Shed: Downtown Commercial
[2026-04-29 16:15:10] [WARN ] Shed: Residential North
[2026-04-29 16:15:10] [WARN ] Shed: Residential South
[2026-04-29 16:15:12] [INFO ] Cycle #71 | Supply: 2073.3 kW
[2026-04-29 16:15:12] [ERROR] [GRID OVERLOAD] Demand 4726.6 kW exceeds supply 2073.3 kW (deficit: 2653.3 kW)
[2026-04-29 16:15:12] [WARN ] EMERGENCY LOAD SHEDDING
[2026-04-29 16:15:12] [WARN ] Shed: Downtown Commercial
[2026-04-29 16:15:12] [WARN ] Shed: Residential North
[2026-04-29 16:15:12] [WARN ] Shed: Residential South
[2026-04-29 16:15:14] [INFO ] Cycle #72 | Supply: 2229.0 kW
[2026-04-29 16:15:14] [ERROR] [GRID OVERLOAD] Demand 6155.2 kW exceeds supply 2229.0 kW (deficit: 3926.2 kW)
[2026-04-29 16:15:14] [WARN ] EMERGENCY LOAD SHEDDING
[2026-04-29 16:15:14] [WARN ] Shed: Downtown Commercial
[2026-04-29 16:15:14] [WARN ] Shed: Residential North
[2026-04-29 16:15:14] [WARN ] Shed: Residential South
[2026-04-29 16:15:16] [INFO ] Cycle #73 | Supply: 2241.0 kW
[2026-04-29 16:15:16] [ERROR] [GRID OVERLOAD] Demand 6898.6 kW exceeds supply 2241.0 kW (deficit: 4657.6 kW)
[2026-04-29 16:15:16] [WARN ] EMERGENCY LOAD SHEDDING
[2026-04-29 16:15:16] [WARN ] Shed: Downtown Commercial
[2026-04-29 16:15:16] [WARN ] Shed: Residential North
[2026-04-29 16:15:16] [WARN ] Shed: Residential South
[2026-04-29 16:15:18] [INFO ] Cycle #74 | Supply: 1922.2 kW
[2026-04-29 16:15:18] [ERROR] [GRID OVERLOAD] Demand 7994.6 kW exceeds supply 1922.2 kW (deficit: 6072.3 kW)
[2026-04-29 16:15:18] [WARN ] EMERGENCY LOAD SHEDDING
[2026-04-29 16:15:18] [WARN ] Shed: Downtown Commercial
[2026-04-29 16:15:18] [WARN ] Shed: Residential North
[2026-04-29 16:15:18] [WARN ] Shed: Residential South
[2026-04-29 16:15:20] [INFO ] Cycle #75 | Supply: 2275.8 kW
[2026-04-29 16:15:20] [ERROR] [GRID OVERLOAD] Demand 7587.5 kW exceeds supply 2275.8 kW (deficit: 5311.6 kW)
[2026-04-29 16:15:20] [WARN ] EMERGENCY LOAD SHEDDING
[2026-04-29 16:15:20] [WARN ] Shed: Downtown Commercial
[2026-04-29 16:15:20] [WARN ] Shed: Residential North
[2026-04-29 16:15:20] [WARN ] Shed: Residential South
[2026-04-29 16:15:22] [INFO ] Cycle #76 | Supply: 2227.2 kW
[2026-04-29 16:15:22] [ERROR] [GRID OVERLOAD] Demand 6769.5 kW exceeds supply 2227.2 kW (deficit: 4542.2 kW)
[2026-04-29 16:15:22] [WARN ] EMERGENCY LOAD SHEDDING
[2026-04-29 16:15:22] [WARN ] Shed: Downtown Commercial
[2026-04-29 16:15:22] [WARN ] Shed: Residential North
[2026-04-29 16:15:22] [WARN ] Shed: Residential South
[2026-04-29 16:15:24] [INFO ] Cycle #77 | Supply: 2142.1 kW
[2026-04-29 16:15:24] [ERROR] [GRID OVERLOAD] Demand 5700.4 kW exceeds supply 2142.1 kW (deficit: 3558.2 kW)
[2026-04-29 16:15:24] [WARN ] EMERGENCY LOAD SHEDDING
[2026-04-29 16:15:24] [WARN ] Shed: Downtown Commercial
[2026-04-29 16:15:24] [WARN ] Shed: Residential North
[2026-04-29 16:15:24] [WARN ] Shed: Residential South
[2026-04-29 16:15:26] [INFO ] Cycle #78 | Supply: 2268.9 kW
[2026-04-29 16:15:26] [ERROR] [GRID OVERLOAD] Demand 6564.5 kW exceeds supply 2268.9 kW (deficit: 4295.6 kW)
[2026-04-29 16:15:26] [WARN ] EMERGENCY LOAD SHEDDING
[2026-04-29 16:15:26] [WARN ] Shed: Downtown Commercial
[2026-04-29 16:15:26] [WARN ] Shed: Residential North
[2026-04-29 16:15:26] [WARN ] Shed: Residential South
[2026-04-29 16:15:28] [INFO ] Cycle #79 | Supply: 2077.0 kW
[2026-04-29 16:15:28] [ERROR] [GRID OVERLOAD] Demand 7004.1 kW exceeds supply 2077.0 kW (deficit: 4927.2 kW)
[2026-04-29 16:15:28] [WARN ] EMERGENCY LOAD SHEDDING
[2026-04-29 16:15:28] [WARN ] Shed: Downtown Commercial
[2026-04-29 16:15:28] [WARN ] Shed: Residential North
[2026-04-29 16:15:28] [WARN ] Shed: Residential South
[2026-04-29 16:15:30] [INFO ] Cycle #80 | Supply: 2191.4 kW
[2026-04-29 16:15:30] [ERROR] [GRID OVERLOAD] Demand 6530.2 kW exceeds supply 2191.4 kW (deficit: 4338.9 kW)
[2026-04-29 16:15:30] [WARN ] EMERGENCY LOAD SHEDDING
[2026-04-29 16:15:30] [WARN ] Shed: Downtown Commercial
[2026-04-29 16:15:30] [WARN ] Shed: Residential North
[2026-04-29 16:15:30] [WARN ] Shed: Residential South
[2026-04-29 16:15:32] [INFO ] Cycle #81 | Supply: 2154.6 kW
[2026-04-29 16:15:32] [ERROR] [GRID OVERLOAD] Demand 7346.6 kW exceeds supply 2154.6 kW (deficit: 5192.0 kW)
[2026-04-29 16:15:32] [WARN ] EMERGENCY LOAD SHEDDING
[2026-04-29 16:15:32] [WARN ] Shed: Downtown Commercial
[2026-04-29 16:15:32] [WARN ] Shed: Residential North
[2026-04-29 16:15:32] [WARN ] Shed: Residential South
[2026-04-29 16:15:34] [INFO ] Cycle #82 | Supply: 2119.1 kW
[2026-04-29 16:15:34] [ERROR] [GRID OVERLOAD] Demand 7904.7 kW exceeds supply 2119.1 kW (deficit: 5785.6 kW)
[2026-04-29 16:15:34] [WARN ] EMERGENCY LOAD SHEDDING
[2026-04-29 16:15:34] [WARN ] Shed: Downtown Commercial
[2026-04-29 16:15:34] [WARN ] Shed: Residential North
[2026-04-29 16:15:34] [WARN ] Shed: Residential South
[2026-04-29 16:15:36] [INFO ] Cycle #83 | Supply: 2180.8 kW
[2026-04-29 16:15:36] [ERROR] [GRID OVERLOAD] Demand 9074.2 kW exceeds supply 2180.8 kW (deficit: 6893.4 kW)
[2026-04-29 16:15:36] [WARN ] EMERGENCY LOAD SHEDDING
[2026-04-29 16:15:36] [WARN ] Shed: Downtown Commercial
[2026-04-29 16:15:36] [WARN ] Shed: Residential North
[2026-04-29 16:15:36] [WARN ] Shed: Residential South
[2026-04-29 16:15:38] [INFO ] Cycle #84 | Supply: 2061.9 kW
[2026-04-29 16:15:38] [ERROR] [GRID OVERLOAD] Demand 14030.3 kW exceeds supply 2061.9 kW (deficit: 11968.4 kW)
[2026-04-29 16:15:38] [WARN ] EMERGENCY LOAD SHEDDING
[2026-04-29 16:15:38] [WARN ] Shed: Downtown Commercial
[2026-04-29 16:15:38] [WARN ] Shed: Residential North
[2026-04-29 16:15:38] [WARN ] Shed: Residential South
[2026-04-29 16:15:40] [INFO ] Cycle #85 | Supply: 2185.2 kW
[2026-04-29 16:15:40] [ERROR] [GRID OVERLOAD] Demand 18254.6 kW exceeds supply 2185.2 kW (deficit: 16069.4 kW)
[2026-04-29 16:15:40] [WARN ] EMERGENCY LOAD SHEDDING
[2026-04-29 16:15:40] [WARN ] Shed: Downtown Commercial
[2026-04-29 16:15:40] [WARN ] Shed: Residential North
[2026-04-29 16:15:40] [WARN ] Shed: Residential South
[2026-04-29 16:15:42] [INFO ] Cycle #86 | Supply: 2052.5 kW
[2026-04-29 16:15:42] [ERROR] [GRID OVERLOAD] Demand 23652.4 kW exceeds supply 2052.5 kW (deficit: 21599.9 kW)
[2026-04-29 16:15:42] [WARN ] EMERGENCY LOAD SHEDDING
[2026-04-29 16:15:42] [WARN ] Shed: Downtown Commercial
[2026-04-29 16:15:42] [WARN ] Shed: Residential North
[2026-04-29 16:15:42] [WARN ] Shed: Residential South
[2026-04-29 16:15:44] [INFO ] Cycle #87 | Supply: 2117.5 kW
[2026-04-29 16:15:44] [ERROR] [GRID OVERLOAD] Demand 20764.1 kW exceeds supply 2117.5 kW (deficit: 18646.7 kW)
[2026-04-29 16:15:44] [WARN ] EMERGENCY LOAD SHEDDING
[2026-04-29 16:15:44] [WARN ] Shed: Downtown Commercial
[2026-04-29 16:15:44] [WARN ] Shed: Residential North
[2026-04-29 16:15:44] [WARN ] Shed: Residential South
[2026-04-29 16:15:46] [INFO ] Cycle #88 | Supply: 1803.3 kW
[2026-04-29 16:15:46] [ERROR] [GRID OVERLOAD] Demand 22141.4 kW exceeds supply 1803.3 kW (deficit: 20338.1 kW)
[2026-04-29 16:15:46] [WARN ] EMERGENCY LOAD SHEDDING
[2026-04-29 16:15:46] [WARN ] Shed: Downtown Commercial
[2026-04-29 16:15:46] [WARN ] Shed: Residential North
[2026-04-29 16:15:46] [WARN ] Shed: Residential South
[2026-04-29 16:15:48] [INFO ] Cycle #89 | Supply: 2090.8 kW
[2026-04-29 16:15:48] [ERROR] [GRID OVERLOAD] Demand 21978.1 kW exceeds supply 2090.8 kW (deficit: 19887.3 kW)
[2026-04-29 16:15:48] [WARN ] EMERGENCY LOAD SHEDDING
[2026-04-29 16:15:48] [WARN ] Shed: Downtown Commercial
[2026-04-29 16:15:48] [WARN ] Shed: Residential North
[2026-04-29 16:15:48] [WARN ] Shed: Residential South
[2026-04-29 16:15:50] [INFO ] Cycle #90 | Supply: 2047.2 kW
[2026-04-29 16:15:50] [ERROR] [GRID OVERLOAD] Demand 20330.0 kW exceeds supply 2047.2 kW (deficit: 18282.8 kW)
[2026-04-29 16:15:50] [WARN ] EMERGENCY LOAD SHEDDING
[2026-04-29 16:15:50] [WARN ] Shed: Downtown Commercial
[2026-04-29 16:15:50] [WARN ] Shed: Residential North
[2026-04-29 16:15:50] [WARN ] Shed: Residential South
[2026-04-29 16:15:52] [INFO ] Cycle #91 | Supply: 2263.0 kW
[2026-04-29 16:15:52] [ERROR] [GRID OVERLOAD] Demand 19376.7 kW exceeds supply 2263.0 kW (deficit: 17113.6 kW)
[2026-04-29 16:15:52] [WARN ] EMERGENCY LOAD SHEDDING
[2026-04-29 16:15:52] [WARN ] Shed: Downtown Commercial
[2026-04-29 16:15:52] [WARN ] Shed: Residential North
[2026-04-29 16:15:52] [WARN ] Shed: Residential South
[2026-04-29 16:15:54] [INFO ] Cycle #92 | Supply: 2166.8 kW
[2026-04-29 16:15:54] [ERROR] [GRID OVERLOAD] Demand 15639.0 kW exceeds supply 2166.8 kW (deficit: 13472.2 kW)
[2026-04-29 16:15:54] [WARN ] EMERGENCY LOAD SHEDDING
[2026-04-29 16:15:54] [WARN ] Shed: Downtown Commercial
[2026-04-29 16:15:54] [WARN ] Shed: Residential North
[2026-04-29 16:15:54] [WARN ] Shed: Residential South
[2026-04-29 16:15:56] [INFO ] Cycle #93 | Supply: 2092.4 kW
[2026-04-29 16:15:56] [ERROR] [GRID OVERLOAD] Demand 12368.4 kW exceeds supply 2092.4 kW (deficit: 10276.1 kW)
[2026-04-29 16:15:56] [WARN ] EMERGENCY LOAD SHEDDING
[2026-04-29 16:15:56] [WARN ] Shed: Downtown Commercial
[2026-04-29 16:15:56] [WARN ] Shed: Residential North
[2026-04-29 16:15:56] [WARN ] Shed: Residential South
[2026-04-29 16:15:58] [INFO ] Cycle #94 | Supply: 1936.6 kW
[2026-04-29 16:15:58] [ERROR] [GRID OVERLOAD] Demand 14480.0 kW exceeds supply 1936.6 kW (deficit: 12543.5 kW)
[2026-04-29 16:15:58] [WARN ] EMERGENCY LOAD SHEDDING
[2026-04-29 16:15:58] [WARN ] Shed: Downtown Commercial
[2026-04-29 16:15:58] [WARN ] Shed: Residential North
[2026-04-29 16:15:58] [WARN ] Shed: Residential South
[2026-04-29 16:16:00] [INFO ] Cycle #95 | Supply: 2238.7 kW
[2026-04-29 16:16:00] [ERROR] [GRID OVERLOAD] Demand 11187.9 kW exceeds supply 2238.7 kW (deficit: 8949.1 kW)
[2026-04-29 16:16:00] [WARN ] EMERGENCY LOAD SHEDDING
[2026-04-29 16:16:00] [WARN ] Shed: Downtown Commercial
[2026-04-29 16:16:00] [WARN ] Shed: Residential North
[2026-04-29 16:16:00] [WARN ] Shed: Residential South
[2026-04-29 16:16:02] [INFO ] Cycle #96 | Supply: 2089.5 kW
[2026-04-29 16:16:02] [ERROR] [GRID OVERLOAD] Demand 14399.7 kW exceeds supply 2089.5 kW (deficit: 12310.2 kW)
[2026-04-29 16:16:02] [WARN ] EMERGENCY LOAD SHEDDING
[2026-04-29 16:16:02] [WARN ] Shed: Downtown Commercial
[2026-04-29 16:16:02] [WARN ] Shed: Residential North
[2026-04-29 16:16:02] [WARN ] Shed: Residential South
[2026-04-29 16:16:04] [INFO ] Cycle #97 | Supply: 2288.5 kW
[2026-04-29 16:16:04] [ERROR] [GRID OVERLOAD] Demand 21588.8 kW exceeds supply 2288.5 kW (deficit: 19300.4 kW)
[2026-04-29 16:16:04] [WARN ] EMERGENCY LOAD SHEDDING
[2026-04-29 16:16:04] [WARN ] Shed: Downtown Commercial
[2026-04-29 16:16:04] [WARN ] Shed: Residential North
[2026-04-29 16:16:04] [WARN ] Shed: Residential South
[2026-04-29 16:16:06] [INFO ] Cycle #98 | Supply: 2272.6 kW
[2026-04-29 16:16:06] [ERROR] [GRID OVERLOAD] Demand 23045.7 kW exceeds supply 2272.6 kW (deficit: 20773.1 kW)
[2026-04-29 16:16:06] [WARN ] EMERGENCY LOAD SHEDDING
[2026-04-29 16:16:06] [WARN ] Shed: Downtown Commercial
[2026-04-29 16:16:06] [WARN ] Shed: Residential North
[2026-04-29 16:16:06] [WARN ] Shed: Residential South
[2026-04-29 16:16:08] [INFO ] Cycle #99 | Supply: 2236.8 kW
[2026-04-29 16:16:08] [ERROR] [GRID OVERLOAD] Demand 23108.0 kW exceeds supply 2236.8 kW (deficit: 20871.2 kW)
[2026-04-29 16:16:08] [WARN ] EMERGENCY LOAD SHEDDING
[2026-04-29 16:16:08] [WARN ] Shed: Downtown Commercial
[2026-04-29 16:16:08] [WARN ] Shed: Residential North
[2026-04-29 16:16:08] [WARN ] Shed: Residential South
[2026-04-29 16:16:10] [INFO ] Cycle #100 | Supply: 2200.1 kW
[2026-04-29 16:16:10] [ERROR] [GRID OVERLOAD] Demand 22182.2 kW exceeds supply 2200.1 kW (deficit: 19982.1 kW)
[2026-04-29 16:16:10] [WARN ] EMERGENCY LOAD SHEDDING
[2026-04-29 16:16:10] [WARN ] Shed: Downtown Commercial
[2026-04-29 16:16:10] [WARN ] Shed: Residential North
[2026-04-29 16:16:10] [WARN ] Shed: Residential South
[2026-04-29 16:16:12] [INFO ] Cycle #101 | Supply: 2166.3 kW
[2026-04-29 16:16:12] [ERROR] [GRID OVERLOAD] Demand 25780.9 kW exceeds supply 2166.3 kW (deficit: 23614.6 kW)
[2026-04-29 16:16:12] [WARN ] EMERGENCY LOAD SHEDDING
[2026-04-29 16:16:12] [WARN ] Shed: Downtown Commercial
[2026-04-29 16:16:12] [WARN ] Shed: Residential North
[2026-04-29 16:16:12] [WARN ] Shed: Residential South
[2026-04-29 16:16:14] [INFO ] Cycle #102 | Supply: 2243.5 kW
[2026-04-29 16:16:14] [ERROR] [GRID OVERLOAD] Demand 25243.9 kW exceeds supply 2243.5 kW (deficit: 23000.4 kW)
[2026-04-29 16:16:14] [WARN ] EMERGENCY LOAD SHEDDING
[2026-04-29 16:16:14] [WARN ] Shed: Downtown Commercial
[2026-04-29 16:16:14] [WARN ] Shed: Residential North
[2026-04-29 16:16:14] [WARN ] Shed: Residential South
[2026-04-29 16:16:16] [INFO ] Cycle #103 | Supply: 2176.8 kW
[2026-04-29 16:16:16] [ERROR] [GRID OVERLOAD] Demand 29094.9 kW exceeds supply 2176.8 kW (deficit: 26918.1 kW)
[2026-04-29 16:16:16] [WARN ] EMERGENCY LOAD SHEDDING
[2026-04-29 16:16:16] [WARN ] Shed: Downtown Commercial
[2026-04-29 16:16:16] [WARN ] Shed: Residential North
[2026-04-29 16:16:16] [WARN ] Shed: Residential South
[2026-04-29 16:16:18] [INFO ] Cycle #104 | Supply: 2300.0 kW
[2026-04-29 16:16:18] [ERROR] [GRID OVERLOAD] Demand 27855.1 kW exceeds supply 2300.0 kW (deficit: 25555.1 kW)
[2026-04-29 16:16:18] [WARN ] EMERGENCY LOAD SHEDDING
[2026-04-29 16:16:18] [WARN ] Shed: Downtown Commercial
[2026-04-29 16:16:18] [WARN ] Shed: Residential North
[2026-04-29 16:16:18] [WARN ] Shed: Residential South
[2026-04-29 16:16:20] [INFO ] Cycle #105 | Supply: 2277.7 kW
[2026-04-29 16:16:20] [ERROR] [GRID OVERLOAD] Demand 28499.3 kW exceeds supply 2277.7 kW (deficit: 26221.6 kW)
[2026-04-29 16:16:20] [WARN ] EMERGENCY LOAD SHEDDING
[2026-04-29 16:16:20] [WARN ] Shed: Downtown Commercial
[2026-04-29 16:16:20] [WARN ] Shed: Residential North
[2026-04-29 16:16:20] [WARN ] Shed: Residential South
[2026-04-29 16:16:22] [INFO ] Cycle #106 | Supply: 2283.2 kW
[2026-04-29 16:16:22] [ERROR] [GRID OVERLOAD] Demand 23746.6 kW exceeds supply 2283.2 kW (deficit: 21463.4 kW)
[2026-04-29 16:16:22] [WARN ] EMERGENCY LOAD SHEDDING
[2026-04-29 16:16:22] [WARN ] Shed: Downtown Commercial
[2026-04-29 16:16:22] [WARN ] Shed: Residential North
[2026-04-29 16:16:22] [WARN ] Shed: Residential South
[2026-04-29 16:16:24] [INFO ] Cycle #107 | Supply: 2254.6 kW
[2026-04-29 16:16:24] [ERROR] [GRID OVERLOAD] Demand 21479.1 kW exceeds supply 2254.6 kW (deficit: 19224.5 kW)
[2026-04-29 16:16:24] [WARN ] EMERGENCY LOAD SHEDDING
[2026-04-29 16:16:24] [WARN ] Shed: Downtown Commercial
[2026-04-29 16:16:24] [WARN ] Shed: Residential North
[2026-04-29 16:16:24] [WARN ] Shed: Residential South
[2026-04-29 16:16:27] [INFO ] Cycle #108 | Supply: 2018.2 kW
[2026-04-29 16:16:27] [ERROR] [GRID OVERLOAD] Demand 25837.0 kW exceeds supply 2018.2 kW (deficit: 23818.8 kW)
[2026-04-29 16:16:27] [WARN ] EMERGENCY LOAD SHEDDING
[2026-04-29 16:16:27] [WARN ] Shed: Downtown Commercial
[2026-04-29 16:16:27] [WARN ] Shed: Residential North
[2026-04-29 16:16:27] [WARN ] Shed: Residential South
[2026-04-29 16:16:29] [INFO ] Cycle #109 | Supply: 2028.2 kW
[2026-04-29 16:16:29] [ERROR] [GRID OVERLOAD] Demand 33442.9 kW exceeds supply 2028.2 kW (deficit: 31414.6 kW)
[2026-04-29 16:16:29] [WARN ] EMERGENCY LOAD SHEDDING
[2026-04-29 16:16:29] [WARN ] Shed: Downtown Commercial
[2026-04-29 16:16:29] [WARN ] Shed: Residential North
[2026-04-29 16:16:29] [WARN ] Shed: Residential South
[2026-04-29 16:16:31] [INFO ] Cycle #110 | Supply: 2300.0 kW
[2026-04-29 16:16:31] [ERROR] [GRID OVERLOAD] Demand 35319.8 kW exceeds supply 2300.0 kW (deficit: 33019.8 kW)
[2026-04-29 16:16:31] [WARN ] EMERGENCY LOAD SHEDDING
[2026-04-29 16:16:31] [WARN ] Shed: Downtown Commercial
[2026-04-29 16:16:31] [WARN ] Shed: Residential North
[2026-04-29 16:16:31] [WARN ] Shed: Residential South
[2026-04-29 16:16:33] [INFO ] Cycle #111 | Supply: 2192.2 kW
[2026-04-29 16:16:33] [ERROR] [GRID OVERLOAD] Demand 30482.2 kW exceeds supply 2192.2 kW (deficit: 28289.9 kW)
[2026-04-29 16:16:33] [WARN ] EMERGENCY LOAD SHEDDING
[2026-04-29 16:16:33] [WARN ] Shed: Downtown Commercial
[2026-04-29 16:16:33] [WARN ] Shed: Residential North
[2026-04-29 16:16:33] [WARN ] Shed: Residential South
[2026-04-29 16:16:35] [INFO ] Cycle #112 | Supply: 2010.7 kW
[2026-04-29 16:16:35] [ERROR] [GRID OVERLOAD] Demand 31504.4 kW exceeds supply 2010.7 kW (deficit: 29493.6 kW)
[2026-04-29 16:16:35] [WARN ] EMERGENCY LOAD SHEDDING
[2026-04-29 16:16:35] [WARN ] Shed: Downtown Commercial
[2026-04-29 16:16:35] [WARN ] Shed: Residential North
[2026-04-29 16:16:35] [WARN ] Shed: Residential South
[2026-04-29 16:16:37] [INFO ] Cycle #113 | Supply: 2115.7 kW
[2026-04-29 16:16:37] [ERROR] [GRID OVERLOAD] Demand 27429.1 kW exceeds supply 2115.7 kW (deficit: 25313.4 kW)
[2026-04-29 16:16:37] [WARN ] EMERGENCY LOAD SHEDDING
[2026-04-29 16:16:37] [WARN ] Shed: Downtown Commercial
[2026-04-29 16:16:37] [WARN ] Shed: Residential North
[2026-04-29 16:16:37] [WARN ] Shed: Residential South
[2026-04-29 16:16:39] [INFO ] Cycle #114 | Supply: 2042.1 kW
[2026-04-29 16:16:39] [ERROR] [GRID OVERLOAD] Demand 22195.6 kW exceeds supply 2042.1 kW (deficit: 20153.6 kW)
[2026-04-29 16:16:39] [WARN ] EMERGENCY LOAD SHEDDING
[2026-04-29 16:16:39] [WARN ] Shed: Downtown Commercial
[2026-04-29 16:16:39] [WARN ] Shed: Residential North
[2026-04-29 16:16:39] [WARN ] Shed: Residential South
[2026-04-29 16:16:41] [INFO ] Cycle #115 | Supply: 2212.8 kW
[2026-04-29 16:16:41] [ERROR] [GRID OVERLOAD] Demand 18728.7 kW exceeds supply 2212.8 kW (deficit: 16515.9 kW)
[2026-04-29 16:16:41] [WARN ] EMERGENCY LOAD SHEDDING
[2026-04-29 16:16:41] [WARN ] Shed: Downtown Commercial
[2026-04-29 16:16:41] [WARN ] Shed: Residential North
[2026-04-29 16:16:41] [WARN ] Shed: Residential South
[2026-04-29 16:16:43] [INFO ] Cycle #116 | Supply: 2092.3 kW
[2026-04-29 16:16:43] [ERROR] [GRID OVERLOAD] Demand 15150.2 kW exceeds supply 2092.3 kW (deficit: 13057.9 kW)
[2026-04-29 16:16:43] [WARN ] EMERGENCY LOAD SHEDDING
[2026-04-29 16:16:43] [WARN ] Shed: Downtown Commercial
[2026-04-29 16:16:43] [WARN ] Shed: Residential North
[2026-04-29 16:16:43] [WARN ] Shed: Residential South
[2026-04-29 16:16:45] [INFO ] Cycle #117 | Supply: 2300.0 kW
[2026-04-29 16:16:45] [ERROR] [GRID OVERLOAD] Demand 13686.4 kW exceeds supply 2300.0 kW (deficit: 11386.4 kW)
[2026-04-29 16:16:45] [WARN ] EMERGENCY LOAD SHEDDING
[2026-04-29 16:16:45] [WARN ] Shed: Downtown Commercial
[2026-04-29 16:16:45] [WARN ] Shed: Residential North
[2026-04-29 16:16:45] [WARN ] Shed: Residential South
[2026-04-29 16:16:47] [INFO ] Cycle #118 | Supply: 2025.8 kW
[2026-04-29 16:16:47] [ERROR] [GRID OVERLOAD] Demand 14337.2 kW exceeds supply 2025.8 kW (deficit: 12311.3 kW)
[2026-04-29 16:16:47] [WARN ] EMERGENCY LOAD SHEDDING
[2026-04-29 16:16:47] [WARN ] Shed: Downtown Commercial
[2026-04-29 16:16:47] [WARN ] Shed: Residential North
[2026-04-29 16:16:47] [WARN ] Shed: Residential South
[2026-04-29 16:16:49] [INFO ] Cycle #119 | Supply: 2181.2 kW
[2026-04-29 16:16:49] [ERROR] [GRID OVERLOAD] Demand 17015.0 kW exceeds supply 2181.2 kW (deficit: 14833.8 kW)
[2026-04-29 16:16:49] [WARN ] EMERGENCY LOAD SHEDDING
[2026-04-29 16:16:49] [WARN ] Shed: Downtown Commercial
[2026-04-29 16:16:49] [WARN ] Shed: Residential North
[2026-04-29 16:16:49] [WARN ] Shed: Residential South
[2026-04-29 16:16:51] [INFO ] Cycle #120 | Supply: 2060.2 kW
[2026-04-29 16:16:51] [ERROR] [GRID OVERLOAD] Demand 14137.0 kW exceeds supply 2060.2 kW (deficit: 12076.8 kW)
[2026-04-29 16:16:51] [WARN ] EMERGENCY LOAD SHEDDING
[2026-04-29 16:16:51] [WARN ] Shed: Downtown Commercial
[2026-04-29 16:16:51] [WARN ] Shed: Residential North
[2026-04-29 16:16:51] [WARN ] Shed: Residential South
[2026-04-29 16:16:53] [INFO ] Cycle #121 | Supply: 1944.2 kW
[2026-04-29 16:16:53] [ERROR] [GRID OVERLOAD] Demand 13934.7 kW exceeds supply 1944.2 kW (deficit: 11990.5 kW)
[2026-04-29 16:16:53] [WARN ] EMERGENCY LOAD SHEDDING
[2026-04-29 16:16:53] [WARN ] Shed: Downtown Commercial
[2026-04-29 16:16:53] [WARN ] Shed: Residential North
[2026-04-29 16:16:53] [WARN ] Shed: Residential South
[2026-04-29 16:16:55] [INFO ] Cycle #122 | Supply: 2108.4 kW
[2026-04-29 16:16:55] [ERROR] [GRID OVERLOAD] Demand 12828.2 kW exceeds supply 2108.4 kW (deficit: 10719.9 kW)
[2026-04-29 16:16:55] [WARN ] EMERGENCY LOAD SHEDDING
[2026-04-29 16:16:55] [WARN ] Shed: Downtown Commercial
[2026-04-29 16:16:55] [WARN ] Shed: Residential North
[2026-04-29 16:16:55] [WARN ] Shed: Residential South
[2026-04-29 16:16:57] [INFO ] Cycle #123 | Supply: 2258.7 kW
[2026-04-29 16:16:57] [ERROR] [GRID OVERLOAD] Demand 15319.1 kW exceeds supply 2258.7 kW (deficit: 13060.4 kW)
[2026-04-29 16:16:57] [WARN ] EMERGENCY LOAD SHEDDING
[2026-04-29 16:16:57] [WARN ] Shed: Downtown Commercial
[2026-04-29 16:16:57] [WARN ] Shed: Residential North
[2026-04-29 16:16:57] [WARN ] Shed: Residential South
[2026-04-29 16:16:59] [INFO ] Cycle #124 | Supply: 2029.2 kW
[2026-04-29 16:16:59] [ERROR] [GRID OVERLOAD] Demand 12578.0 kW exceeds supply 2029.2 kW (deficit: 10548.8 kW)
[2026-04-29 16:16:59] [WARN ] EMERGENCY LOAD SHEDDING
[2026-04-29 16:16:59] [WARN ] Shed: Downtown Commercial
[2026-04-29 16:16:59] [WARN ] Shed: Residential North
[2026-04-29 16:16:59] [WARN ] Shed: Residential South
[2026-04-29 16:17:01] [INFO ] Cycle #125 | Supply: 2164.3 kW
[2026-04-29 16:17:01] [ERROR] [GRID OVERLOAD] Demand 11591.2 kW exceeds supply 2164.3 kW (deficit: 9426.9 kW)
[2026-04-29 16:17:01] [WARN ] EMERGENCY LOAD SHEDDING
[2026-04-29 16:17:01] [WARN ] Shed: Downtown Commercial
[2026-04-29 16:17:01] [WARN ] Shed: Residential North
[2026-04-29 16:17:01] [WARN ] Shed: Residential South
[2026-04-29 16:17:03] [INFO ] Cycle #126 | Supply: 1999.9 kW
[2026-04-29 16:17:03] [ERROR] [GRID OVERLOAD] Demand 13539.7 kW exceeds supply 1999.9 kW (deficit: 11539.8 kW)
[2026-04-29 16:17:03] [WARN ] EMERGENCY LOAD SHEDDING
[2026-04-29 16:17:03] [WARN ] Shed: Downtown Commercial
[2026-04-29 16:17:03] [WARN ] Shed: Residential North
[2026-04-29 16:17:03] [WARN ] Shed: Residential South
[2026-04-29 16:17:05] [INFO ] Cycle #127 | Supply: 2177.1 kW
[2026-04-29 16:17:05] [ERROR] [GRID OVERLOAD] Demand 14907.8 kW exceeds supply 2177.1 kW (deficit: 12730.7 kW)
[2026-04-29 16:17:05] [WARN ] EMERGENCY LOAD SHEDDING
[2026-04-29 16:17:05] [WARN ] Shed: Downtown Commercial
[2026-04-29 16:17:05] [WARN ] Shed: Residential North
[2026-04-29 16:17:05] [WARN ] Shed: Residential South
[2026-04-29 16:17:07] [INFO ] Cycle #128 | Supply: 2028.0 kW
[2026-04-29 16:17:07] [ERROR] [GRID OVERLOAD] Demand 17150.1 kW exceeds supply 2028.0 kW (deficit: 15122.1 kW)
[2026-04-29 16:17:07] [WARN ] EMERGENCY LOAD SHEDDING
[2026-04-29 16:17:07] [WARN ] Shed: Downtown Commercial
[2026-04-29 16:17:07] [WARN ] Shed: Residential North
[2026-04-29 16:17:07] [WARN ] Shed: Residential South
[2026-04-29 16:17:09] [INFO ] Cycle #129 | Supply: 2069.0 kW
[2026-04-29 16:17:09] [ERROR] [GRID OVERLOAD] Demand 18721.6 kW exceeds supply 2069.0 kW (deficit: 16652.6 kW)
[2026-04-29 16:17:09] [WARN ] EMERGENCY LOAD SHEDDING
[2026-04-29 16:17:09] [WARN ] Shed: Downtown Commercial
[2026-04-29 16:17:09] [WARN ] Shed: Residential North
[2026-04-29 16:17:09] [WARN ] Shed: Residential South
[2026-04-29 16:17:11] [INFO ] Cycle #130 | Supply: 2170.8 kW
[2026-04-29 16:17:11] [ERROR] [GRID OVERLOAD] Demand 16504.2 kW exceeds supply 2170.8 kW (deficit: 14333.4 kW)
[2026-04-29 16:17:11] [WARN ] EMERGENCY LOAD SHEDDING
[2026-04-29 16:17:11] [WARN ] Shed: Downtown Commercial
[2026-04-29 16:17:11] [WARN ] Shed: Residential North
[2026-04-29 16:17:11] [WARN ] Shed: Residential South
[2026-04-29 16:17:13] [INFO ] Cycle #131 | Supply: 2261.6 kW
[2026-04-29 16:17:13] [ERROR] [GRID OVERLOAD] Demand 14468.2 kW exceeds supply 2261.6 kW (deficit: 12206.6 kW)
[2026-04-29 16:17:13] [WARN ] EMERGENCY LOAD SHEDDING
[2026-04-29 16:17:13] [WARN ] Shed: Downtown Commercial
[2026-04-29 16:17:13] [WARN ] Shed: Residential North
[2026-04-29 16:17:13] [WARN ] Shed: Residential South
[2026-04-29 16:17:15] [INFO ] Cycle #132 | Supply: 2206.7 kW
[2026-04-29 16:17:15] [ERROR] [GRID OVERLOAD] Demand 14043.6 kW exceeds supply 2206.7 kW (deficit: 11837.0 kW)
[2026-04-29 16:17:15] [WARN ] EMERGENCY LOAD SHEDDING
[2026-04-29 16:17:15] [WARN ] Shed: Downtown Commercial
[2026-04-29 16:17:15] [WARN ] Shed: Residential North
[2026-04-29 16:17:15] [WARN ] Shed: Residential South
[2026-04-29 16:17:17] [INFO ] Cycle #133 | Supply: 2198.0 kW
[2026-04-29 16:17:17] [ERROR] [GRID OVERLOAD] Demand 17161.6 kW exceeds supply 2198.0 kW (deficit: 14963.6 kW)
[2026-04-29 16:17:17] [WARN ] EMERGENCY LOAD SHEDDING
[2026-04-29 16:17:17] [WARN ] Shed: Downtown Commercial
[2026-04-29 16:17:17] [WARN ] Shed: Residential North
[2026-04-29 16:17:17] [WARN ] Shed: Residential South
[2026-04-29 16:17:19] [INFO ] Cycle #134 | Supply: 2069.7 kW
[2026-04-29 16:17:19] [ERROR] [GRID OVERLOAD] Demand 13876.3 kW exceeds supply 2069.7 kW (deficit: 11806.6 kW)
[2026-04-29 16:17:19] [WARN ] EMERGENCY LOAD SHEDDING
[2026-04-29 16:17:19] [WARN ] Shed: Downtown Commercial
[2026-04-29 16:17:19] [WARN ] Shed: Residential North
[2026-04-29 16:17:19] [WARN ] Shed: Residential South
[2026-04-29 16:17:21] [INFO ] Cycle #135 | Supply: 2267.3 kW
[2026-04-29 16:17:21] [ERROR] [GRID OVERLOAD] Demand 10498.3 kW exceeds supply 2267.3 kW (deficit: 8231.0 kW)
[2026-04-29 16:17:21] [WARN ] EMERGENCY LOAD SHEDDING
[2026-04-29 16:17:21] [WARN ] Shed: Downtown Commercial
[2026-04-29 16:17:21] [WARN ] Shed: Residential North
[2026-04-29 16:17:21] [WARN ] Shed: Residential South
[2026-04-29 16:17:23] [INFO ] Cycle #136 | Supply: 2092.3 kW
[2026-04-29 16:17:23] [ERROR] [GRID OVERLOAD] Demand 8276.3 kW exceeds supply 2092.3 kW (deficit: 6183.9 kW)
[2026-04-29 16:17:23] [WARN ] EMERGENCY LOAD SHEDDING
[2026-04-29 16:17:23] [WARN ] Shed: Downtown Commercial
[2026-04-29 16:17:23] [WARN ] Shed: Residential North
[2026-04-29 16:17:23] [WARN ] Shed: Residential South
[2026-04-29 16:17:25] [INFO ] Cycle #137 | Supply: 2072.0 kW
[2026-04-29 16:17:25] [ERROR] [GRID OVERLOAD] Demand 9732.5 kW exceeds supply 2072.0 kW (deficit: 7660.5 kW)
[2026-04-29 16:17:25] [WARN ] EMERGENCY LOAD SHEDDING
[2026-04-29 16:17:25] [WARN ] Shed: Downtown Commercial
[2026-04-29 16:17:25] [WARN ] Shed: Residential North
[2026-04-29 16:17:25] [WARN ] Shed: Residential South
[2026-04-29 16:17:27] [INFO ] Cycle #138 | Supply: 2177.3 kW
[2026-04-29 16:17:27] [ERROR] [GRID OVERLOAD] Demand 11915.8 kW exceeds supply 2177.3 kW (deficit: 9738.5 kW)
[2026-04-29 16:17:27] [WARN ] EMERGENCY LOAD SHEDDING
[2026-04-29 16:17:27] [WARN ] Shed: Downtown Commercial
[2026-04-29 16:17:27] [WARN ] Shed: Residential North
[2026-04-29 16:17:27] [WARN ] Shed: Residential South
[2026-04-29 16:17:29] [INFO ] Cycle #139 | Supply: 2225.7 kW
[2026-04-29 16:17:29] [ERROR] [GRID OVERLOAD] Demand 12386.6 kW exceeds supply 2225.7 kW (deficit: 10160.9 kW)
[2026-04-29 16:17:29] [WARN ] EMERGENCY LOAD SHEDDING
[2026-04-29 16:17:29] [WARN ] Shed: Downtown Commercial
[2026-04-29 16:17:29] [WARN ] Shed: Residential North
[2026-04-29 16:17:29] [WARN ] Shed: Residential South
[2026-04-29 16:17:31] [INFO ] Cycle #140 | Supply: 2179.3 kW
[2026-04-29 16:17:31] [ERROR] [GRID OVERLOAD] Demand 12669.8 kW exceeds supply 2179.3 kW (deficit: 10490.5 kW)
[2026-04-29 16:17:31] [WARN ] EMERGENCY LOAD SHEDDING
[2026-04-29 16:17:31] [WARN ] Shed: Downtown Commercial
[2026-04-29 16:17:31] [WARN ] Shed: Residential North
[2026-04-29 16:17:31] [WARN ] Shed: Residential South
[2026-04-29 16:17:33] [INFO ] Cycle #141 | Supply: 2099.1 kW
[2026-04-29 16:17:33] [ERROR] [GRID OVERLOAD] Demand 14337.2 kW exceeds supply 2099.1 kW (deficit: 12238.1 kW)
[2026-04-29 16:17:33] [WARN ] EMERGENCY LOAD SHEDDING
[2026-04-29 16:17:33] [WARN ] Shed: Downtown Commercial
[2026-04-29 16:17:33] [WARN ] Shed: Residential North
[2026-04-29 16:17:33] [WARN ] Shed: Residential South
[2026-04-29 16:17:35] [INFO ] Cycle #142 | Supply: 2300.0 kW
[2026-04-29 16:17:35] [ERROR] [GRID OVERLOAD] Demand 14618.8 kW exceeds supply 2300.0 kW (deficit: 12318.8 kW)
[2026-04-29 16:17:35] [WARN ] EMERGENCY LOAD SHEDDING
[2026-04-29 16:17:35] [WARN ] Shed: Downtown Commercial
[2026-04-29 16:17:35] [WARN ] Shed: Residential North
[2026-04-29 16:17:35] [WARN ] Shed: Residential South
[2026-04-29 16:17:37] [INFO ] Cycle #143 | Supply: 2223.3 kW
[2026-04-29 16:17:37] [ERROR] [GRID OVERLOAD] Demand 14969.2 kW exceeds supply 2223.3 kW (deficit: 12745.9 kW)
[2026-04-29 16:17:37] [WARN ] EMERGENCY LOAD SHEDDING
[2026-04-29 16:17:37] [WARN ] Shed: Downtown Commercial
[2026-04-29 16:17:37] [WARN ] Shed: Residential North
[2026-04-29 16:17:37] [WARN ] Shed: Residential South
[2026-04-29 16:17:39] [INFO ] Cycle #144 | Supply: 2178.4 kW
[2026-04-29 16:17:39] [ERROR] [GRID OVERLOAD] Demand 15250.6 kW exceeds supply 2178.4 kW (deficit: 13072.2 kW)
[2026-04-29 16:17:39] [WARN ] EMERGENCY LOAD SHEDDING
[2026-04-29 16:17:39] [WARN ] Shed: Downtown Commercial
[2026-04-29 16:17:39] [WARN ] Shed: Residential North
[2026-04-29 16:17:39] [WARN ] Shed: Residential South
[2026-04-29 16:17:41] [INFO ] Cycle #145 | Supply: 2254.9 kW
[2026-04-29 16:17:41] [ERROR] [GRID OVERLOAD] Demand 16567.3 kW exceeds supply 2254.9 kW (deficit: 14312.5 kW)
[2026-04-29 16:17:41] [WARN ] EMERGENCY LOAD SHEDDING
[2026-04-29 16:17:41] [WARN ] Shed: Downtown Commercial
[2026-04-29 16:17:41] [WARN ] Shed: Residential North
[2026-04-29 16:17:41] [WARN ] Shed: Residential South
[2026-04-29 16:17:43] [INFO ] Cycle #146 | Supply: 2148.2 kW
[2026-04-29 16:17:43] [ERROR] [GRID OVERLOAD] Demand 15608.8 kW exceeds supply 2148.2 kW (deficit: 13460.5 kW)
[2026-04-29 16:17:43] [WARN ] EMERGENCY LOAD SHEDDING
[2026-04-29 16:17:43] [WARN ] Shed: Downtown Commercial
[2026-04-29 16:17:43] [WARN ] Shed: Residential North
[2026-04-29 16:17:43] [WARN ] Shed: Residential South
[2026-04-29 16:17:45] [INFO ] Cycle #147 | Supply: 2094.1 kW
[2026-04-29 16:17:45] [ERROR] [GRID OVERLOAD] Demand 15311.3 kW exceeds supply 2094.1 kW (deficit: 13217.3 kW)
[2026-04-29 16:17:45] [WARN ] EMERGENCY LOAD SHEDDING
[2026-04-29 16:17:45] [WARN ] Shed: Downtown Commercial
[2026-04-29 16:17:45] [WARN ] Shed: Residential North
[2026-04-29 16:17:45] [WARN ] Shed: Residential South
[2026-04-29 16:17:47] [INFO ] Cycle #148 | Supply: 2105.1 kW
[2026-04-29 16:17:47] [ERROR] [GRID OVERLOAD] Demand 15500.9 kW exceeds supply 2105.1 kW (deficit: 13395.7 kW)
[2026-04-29 16:17:47] [WARN ] EMERGENCY LOAD SHEDDING
[2026-04-29 16:17:47] [WARN ] Shed: Downtown Commercial
[2026-04-29 16:17:47] [WARN ] Shed: Residential North
[2026-04-29 16:17:47] [WARN ] Shed: Residential South
[2026-04-29 16:17:49] [INFO ] Cycle #149 | Supply: 2137.4 kW
[2026-04-29 16:17:49] [ERROR] [GRID OVERLOAD] Demand 14702.1 kW exceeds supply 2137.4 kW (deficit: 12564.7 kW)
[2026-04-29 16:17:49] [WARN ] EMERGENCY LOAD SHEDDING
[2026-04-29 16:17:49] [WARN ] Shed: Downtown Commercial
[2026-04-29 16:17:49] [WARN ] Shed: Residential North
[2026-04-29 16:17:49] [WARN ] Shed: Residential South
[2026-04-29 16:17:51] [INFO ] Cycle #150 | Supply: 2001.6 kW
[2026-04-29 16:17:51] [ERROR] [GRID OVERLOAD] Demand 17786.6 kW exceeds supply 2001.6 kW (deficit: 15785.1 kW)
[2026-04-29 16:17:51] [WARN ] EMERGENCY LOAD SHEDDING
[2026-04-29 16:17:51] [WARN ] Shed: Downtown Commercial
[2026-04-29 16:17:51] [WARN ] Shed: Residential North
[2026-04-29 16:17:51] [WARN ] Shed: Residential South
[2026-04-29 16:17:53] [INFO ] Cycle #151 | Supply: 2050.4 kW
[2026-04-29 16:17:53] [ERROR] [GRID OVERLOAD] Demand 19501.5 kW exceeds supply 2050.4 kW (deficit: 17451.1 kW)
[2026-04-29 16:17:53] [WARN ] EMERGENCY LOAD SHEDDING
[2026-04-29 16:17:53] [WARN ] Shed: Downtown Commercial
[2026-04-29 16:17:53] [WARN ] Shed: Residential North
[2026-04-29 16:17:53] [WARN ] Shed: Residential South
[2026-04-29 16:17:55] [INFO ] Cycle #152 | Supply: 1845.7 kW
[2026-04-29 16:17:55] [ERROR] [GRID OVERLOAD] Demand 16649.2 kW exceeds supply 1845.7 kW (deficit: 14803.5 kW)
[2026-04-29 16:17:55] [WARN ] EMERGENCY LOAD SHEDDING
[2026-04-29 16:17:55] [WARN ] Shed: Downtown Commercial
[2026-04-29 16:17:55] [WARN ] Shed: Residential North
[2026-04-29 16:17:55] [WARN ] Shed: Residential South
[2026-04-29 16:17:57] [INFO ] Cycle #153 | Supply: 2121.1 kW
[2026-04-29 16:17:57] [ERROR] [GRID OVERLOAD] Demand 17842.6 kW exceeds supply 2121.1 kW (deficit: 15721.5 kW)
[2026-04-29 16:17:57] [WARN ] EMERGENCY LOAD SHEDDING
[2026-04-29 16:17:57] [WARN ] Shed: Downtown Commercial
[2026-04-29 16:17:57] [WARN ] Shed: Residential North
[2026-04-29 16:17:57] [WARN ] Shed: Residential South
[2026-04-29 16:17:59] [INFO ] Cycle #154 | Supply: 2248.1 kW
[2026-04-29 16:17:59] [ERROR] [GRID OVERLOAD] Demand 18361.3 kW exceeds supply 2248.1 kW (deficit: 16113.2 kW)
[2026-04-29 16:17:59] [WARN ] EMERGENCY LOAD SHEDDING
[2026-04-29 16:17:59] [WARN ] Shed: Downtown Commercial
[2026-04-29 16:17:59] [WARN ] Shed: Residential North
[2026-04-29 16:17:59] [WARN ] Shed: Residential South
[2026-04-29 16:18:01] [INFO ] Cycle #155 | Supply: 2036.8 kW
[2026-04-29 16:18:01] [ERROR] [GRID OVERLOAD] Demand 24440.5 kW exceeds supply 2036.8 kW (deficit: 22403.8 kW)
[2026-04-29 16:18:01] [WARN ] EMERGENCY LOAD SHEDDING
[2026-04-29 16:18:01] [WARN ] Shed: Downtown Commercial
[2026-04-29 16:18:01] [WARN ] Shed: Residential North
[2026-04-29 16:18:01] [WARN ] Shed: Residential South
[2026-04-29 16:18:03] [INFO ] Cycle #156 | Supply: 1993.5 kW
[2026-04-29 16:18:03] [ERROR] [GRID OVERLOAD] Demand 22714.3 kW exceeds supply 1993.5 kW (deficit: 20720.8 kW)
[2026-04-29 16:18:03] [WARN ] EMERGENCY LOAD SHEDDING
[2026-04-29 16:18:03] [WARN ] Shed: Downtown Commercial
[2026-04-29 16:18:03] [WARN ] Shed: Residential North
[2026-04-29 16:18:03] [WARN ] Shed: Residential South
[2026-04-29 16:18:05] [INFO ] Cycle #157 | Supply: 2197.3 kW
[2026-04-29 16:18:05] [ERROR] [GRID OVERLOAD] Demand 22784.0 kW exceeds supply 2197.3 kW (deficit: 20586.7 kW)
[2026-04-29 16:18:05] [WARN ] EMERGENCY LOAD SHEDDING
[2026-04-29 16:18:05] [WARN ] Shed: Downtown Commercial
[2026-04-29 16:18:05] [WARN ] Shed: Residential North
[2026-04-29 16:18:05] [WARN ] Shed: Residential South
[2026-04-29 16:18:07] [INFO ] Cycle #158 | Supply: 2249.9 kW
[2026-04-29 16:18:07] [ERROR] [GRID OVERLOAD] Demand 19665.4 kW exceeds supply 2249.9 kW (deficit: 17415.6 kW)
[2026-04-29 16:18:07] [WARN ] EMERGENCY LOAD SHEDDING
[2026-04-29 16:18:07] [WARN ] Shed: Downtown Commercial
[2026-04-29 16:18:07] [WARN ] Shed: Residential North
[2026-04-29 16:18:07] [WARN ] Shed: Residential South
[2026-04-29 16:18:09] [INFO ] Cycle #159 | Supply: 2179.4 kW
[2026-04-29 16:18:09] [ERROR] [GRID OVERLOAD] Demand 20530.3 kW exceeds supply 2179.4 kW (deficit: 18350.8 kW)
[2026-04-29 16:18:09] [WARN ] EMERGENCY LOAD SHEDDING
[2026-04-29 16:18:09] [WARN ] Shed: Downtown Commercial
[2026-04-29 16:18:09] [WARN ] Shed: Residential North
[2026-04-29 16:18:09] [WARN ] Shed: Residential South
[2026-04-29 16:18:11] [INFO ] Cycle #160 | Supply: 2256.6 kW
[2026-04-29 16:18:11] [ERROR] [GRID OVERLOAD] Demand 24653.9 kW exceeds supply 2256.6 kW (deficit: 22397.3 kW)
[2026-04-29 16:18:11] [WARN ] EMERGENCY LOAD SHEDDING
[2026-04-29 16:18:11] [WARN ] Shed: Downtown Commercial
[2026-04-29 16:18:11] [WARN ] Shed: Residential North
[2026-04-29 16:18:11] [WARN ] Shed: Residential South
[2026-04-29 16:18:13] [INFO ] Cycle #161 | Supply: 2098.2 kW
[2026-04-29 16:18:13] [ERROR] [GRID OVERLOAD] Demand 20582.2 kW exceeds supply 2098.2 kW (deficit: 18484.1 kW)
[2026-04-29 16:18:13] [WARN ] EMERGENCY LOAD SHEDDING
[2026-04-29 16:18:13] [WARN ] Shed: Downtown Commercial
[2026-04-29 16:18:13] [WARN ] Shed: Residential North
[2026-04-29 16:18:13] [WARN ] Shed: Residential South
[2026-04-29 16:18:15] [INFO ] Cycle #162 | Supply: 2180.8 kW
[2026-04-29 16:18:15] [ERROR] [GRID OVERLOAD] Demand 18672.9 kW exceeds supply 2180.8 kW (deficit: 16492.1 kW)
[2026-04-29 16:18:15] [WARN ] EMERGENCY LOAD SHEDDING
[2026-04-29 16:18:15] [WARN ] Shed: Downtown Commercial
[2026-04-29 16:18:15] [WARN ] Shed: Residential North
[2026-04-29 16:18:15] [WARN ] Shed: Residential South
[2026-04-29 16:18:17] [INFO ] Cycle #163 | Supply: 2112.7 kW
[2026-04-29 16:18:17] [ERROR] [GRID OVERLOAD] Demand 19033.4 kW exceeds supply 2112.7 kW (deficit: 16920.7 kW)
[2026-04-29 16:18:17] [WARN ] EMERGENCY LOAD SHEDDING
[2026-04-29 16:18:17] [WARN ] Shed: Downtown Commercial
[2026-04-29 16:18:17] [WARN ] Shed: Residential North
[2026-04-29 16:18:17] [WARN ] Shed: Residential South
[2026-04-29 16:18:19] [INFO ] Cycle #164 | Supply: 2076.1 kW
[2026-04-29 16:18:19] [ERROR] [GRID OVERLOAD] Demand 15448.2 kW exceeds supply 2076.1 kW (deficit: 13372.1 kW)
[2026-04-29 16:18:19] [WARN ] EMERGENCY LOAD SHEDDING
[2026-04-29 16:18:19] [WARN ] Shed: Downtown Commercial
[2026-04-29 16:18:19] [WARN ] Shed: Residential North
[2026-04-29 16:18:19] [WARN ] Shed: Residential South
[2026-04-29 16:18:21] [INFO ] Cycle #165 | Supply: 2252.9 kW
[2026-04-29 16:18:21] [ERROR] [GRID OVERLOAD] Demand 18490.9 kW exceeds supply 2252.9 kW (deficit: 16238.0 kW)
[2026-04-29 16:18:21] [WARN ] EMERGENCY LOAD SHEDDING
[2026-04-29 16:18:21] [WARN ] Shed: Downtown Commercial
[2026-04-29 16:18:21] [WARN ] Shed: Residential North
[2026-04-29 16:18:21] [WARN ] Shed: Residential South
[2026-04-29 16:18:23] [INFO ] Cycle #166 | Supply: 2194.3 kW
[2026-04-29 16:18:23] [ERROR] [GRID OVERLOAD] Demand 19971.7 kW exceeds supply 2194.3 kW (deficit: 17777.3 kW)
[2026-04-29 16:18:23] [WARN ] EMERGENCY LOAD SHEDDING
[2026-04-29 16:18:23] [WARN ] Shed: Downtown Commercial
[2026-04-29 16:18:23] [WARN ] Shed: Residential North
[2026-04-29 16:18:23] [WARN ] Shed: Residential South
[2026-04-29 16:18:25] [INFO ] Cycle #167 | Supply: 2130.4 kW
[2026-04-29 16:18:25] [ERROR] [GRID OVERLOAD] Demand 22850.8 kW exceeds supply 2130.4 kW (deficit: 20720.4 kW)
[2026-04-29 16:18:25] [WARN ] EMERGENCY LOAD SHEDDING
[2026-04-29 16:18:25] [WARN ] Shed: Downtown Commercial
[2026-04-29 16:18:25] [WARN ] Shed: Residential North
[2026-04-29 16:18:25] [WARN ] Shed: Residential South
[2026-04-29 16:18:27] [INFO ] Cycle #168 | Supply: 2276.8 kW
[2026-04-29 16:18:27] [ERROR] [GRID OVERLOAD] Demand 19056.0 kW exceeds supply 2276.8 kW (deficit: 16779.2 kW)
[2026-04-29 16:18:27] [WARN ] EMERGENCY LOAD SHEDDING
[2026-04-29 16:18:27] [WARN ] Shed: Downtown Commercial
[2026-04-29 16:18:27] [WARN ] Shed: Residential North
[2026-04-29 16:18:27] [WARN ] Shed: Residential South
[2026-04-29 16:18:29] [INFO ] Cycle #169 | Supply: 2300.0 kW
[2026-04-29 16:18:29] [ERROR] [GRID OVERLOAD] Demand 16282.9 kW exceeds supply 2300.0 kW (deficit: 13982.9 kW)
[2026-04-29 16:18:29] [WARN ] EMERGENCY LOAD SHEDDING
[2026-04-29 16:18:29] [WARN ] Shed: Downtown Commercial
[2026-04-29 16:18:29] [WARN ] Shed: Residential North
[2026-04-29 16:18:29] [WARN ] Shed: Residential South
[2026-04-29 16:18:31] [INFO ] Cycle #170 | Supply: 2133.7 kW
[2026-04-29 16:18:31] [ERROR] [GRID OVERLOAD] Demand 16068.7 kW exceeds supply 2133.7 kW (deficit: 13935.0 kW)
[2026-04-29 16:18:31] [WARN ] EMERGENCY LOAD SHEDDING
[2026-04-29 16:18:31] [WARN ] Shed: Downtown Commercial
[2026-04-29 16:18:31] [WARN ] Shed: Residential North
[2026-04-29 16:18:31] [WARN ] Shed: Residential South
[2026-04-29 16:18:33] [INFO ] Cycle #171 | Supply: 1998.8 kW
[2026-04-29 16:18:33] [ERROR] [GRID OVERLOAD] Demand 16275.7 kW exceeds supply 1998.8 kW (deficit: 14276.9 kW)
[2026-04-29 16:18:33] [WARN ] EMERGENCY LOAD SHEDDING
[2026-04-29 16:18:33] [WARN ] Shed: Downtown Commercial
[2026-04-29 16:18:33] [WARN ] Shed: Residential North
[2026-04-29 16:18:33] [WARN ] Shed: Residential South
[2026-04-29 16:18:35] [INFO ] Cycle #172 | Supply: 2140.3 kW
[2026-04-29 16:18:35] [ERROR] [GRID OVERLOAD] Demand 16716.3 kW exceeds supply 2140.3 kW (deficit: 14576.0 kW)
[2026-04-29 16:18:35] [WARN ] EMERGENCY LOAD SHEDDING
[2026-04-29 16:18:35] [WARN ] Shed: Downtown Commercial
[2026-04-29 16:18:35] [WARN ] Shed: Residential North
[2026-04-29 16:18:35] [WARN ] Shed: Residential South
[2026-04-29 16:18:37] [INFO ] Cycle #173 | Supply: 2300.0 kW
[2026-04-29 16:18:37] [ERROR] [GRID OVERLOAD] Demand 20354.5 kW exceeds supply 2300.0 kW (deficit: 18054.5 kW)
[2026-04-29 16:18:37] [WARN ] EMERGENCY LOAD SHEDDING
[2026-04-29 16:18:37] [WARN ] Shed: Downtown Commercial
[2026-04-29 16:18:37] [WARN ] Shed: Residential North
[2026-04-29 16:18:37] [WARN ] Shed: Residential South
[2026-04-29 16:18:39] [INFO ] Cycle #174 | Supply: 2086.6 kW
[2026-04-29 16:18:39] [ERROR] [GRID OVERLOAD] Demand 22452.4 kW exceeds supply 2086.6 kW (deficit: 20365.8 kW)
[2026-04-29 16:18:39] [WARN ] EMERGENCY LOAD SHEDDING
[2026-04-29 16:18:39] [WARN ] Shed: Downtown Commercial
[2026-04-29 16:18:39] [WARN ] Shed: Residential North
[2026-04-29 16:18:39] [WARN ] Shed: Residential South
[2026-04-29 16:18:41] [INFO ] Cycle #175 | Supply: 2062.9 kW
[2026-04-29 16:18:41] [ERROR] [GRID OVERLOAD] Demand 31095.1 kW exceeds supply 2062.9 kW (deficit: 29032.2 kW)
[2026-04-29 16:18:41] [WARN ] EMERGENCY LOAD SHEDDING
[2026-04-29 16:18:41] [WARN ] Shed: Downtown Commercial
[2026-04-29 16:18:41] [WARN ] Shed: Residential North
[2026-04-29 16:18:41] [WARN ] Shed: Residential South
[2026-04-29 16:18:43] [INFO ] Cycle #176 | Supply: 2254.4 kW
[2026-04-29 16:18:43] [ERROR] [GRID OVERLOAD] Demand 33375.3 kW exceeds supply 2254.4 kW (deficit: 31120.9 kW)
[2026-04-29 16:18:43] [WARN ] EMERGENCY LOAD SHEDDING
[2026-04-29 16:18:43] [WARN ] Shed: Downtown Commercial
[2026-04-29 16:18:43] [WARN ] Shed: Residential North
[2026-04-29 16:18:43] [WARN ] Shed: Residential South
[2026-04-29 16:18:45] [INFO ] Cycle #177 | Supply: 2300.0 kW
[2026-04-29 16:18:45] [ERROR] [GRID OVERLOAD] Demand 35204.0 kW exceeds supply 2300.0 kW (deficit: 32904.0 kW)
[2026-04-29 16:18:45] [WARN ] EMERGENCY LOAD SHEDDING
[2026-04-29 16:18:45] [WARN ] Shed: Downtown Commercial
[2026-04-29 16:18:45] [WARN ] Shed: Residential North
[2026-04-29 16:18:45] [WARN ] Shed: Residential South
[2026-04-29 16:18:47] [INFO ] Cycle #178 | Supply: 2069.0 kW
[2026-04-29 16:18:47] [ERROR] [GRID OVERLOAD] Demand 38512.0 kW exceeds supply 2069.0 kW (deficit: 36443.0 kW)
[2026-04-29 16:18:47] [WARN ] EMERGENCY LOAD SHEDDING
[2026-04-29 16:18:47] [WARN ] Shed: Downtown Commercial
[2026-04-29 16:18:47] [WARN ] Shed: Residential North
[2026-04-29 16:18:47] [WARN ] Shed: Residential South
[2026-04-29 16:18:49] [INFO ] Cycle #179 | Supply: 2170.2 kW
[2026-04-29 16:18:49] [ERROR] [GRID OVERLOAD] Demand 34914.8 kW exceeds supply 2170.2 kW (deficit: 32744.6 kW)
[2026-04-29 16:18:49] [WARN ] EMERGENCY LOAD SHEDDING
[2026-04-29 16:18:49] [WARN ] Shed: Downtown Commercial
[2026-04-29 16:18:49] [WARN ] Shed: Residential North
[2026-04-29 16:18:49] [WARN ] Shed: Residential South
[2026-04-29 16:18:51] [INFO ] Cycle #180 | Supply: 2300.0 kW
[2026-04-29 16:18:51] [ERROR] [GRID OVERLOAD] Demand 45606.2 kW exceeds supply 2300.0 kW (deficit: 43306.2 kW)
[2026-04-29 16:18:51] [WARN ] EMERGENCY LOAD SHEDDING
[2026-04-29 16:18:51] [WARN ] Shed: Downtown Commercial
[2026-04-29 16:18:51] [WARN ] Shed: Residential North
[2026-04[2026-04-29 16:25:47] [INFO ] === VoltSync Session Started ===
[2026-04-29 16:25:47] [INFO ] Sector registered: Central Hospital [CRITICAL]
[2026-04-29 16:25:47] [INFO ] Sector registered: Fire Station Alpha [CRITICAL]
[2026-04-29 16:25:47] [INFO ] Sector registered: Industrial Zone A [HIGH]
[2026-04-29 16:25:47] [INFO ] Sector registered: Water Treatment [HIGH]
[2026-04-29 16:25:47] [INFO ] Sector registered: Downtown Commercial [MEDIUM]
[2026-04-29 16:25:47] [INFO ] Sector registered: Residential North [LOW]
[2026-04-29 16:25:47] [INFO ] Sector registered: Residential South [LOW]
[2026-04-29 16:25:47] [INFO ] Source added: Solar Farm Alpha
[2026-04-29 16:25:47] [INFO ] Source added: Solar Farm Beta
[2026-04-29 16:25:47] [INFO ] Source added: Wind Park North
[2026-04-29 16:25:47] [INFO ] Source added: Coal Plant Base
[2026-04-29 16:25:48] [INFO ] Thread started for sector: Water Treatment [Sector-Water Treatment]
[2026-04-29 16:25:48] [INFO ] Thread started for sector: Industrial Zone A [Sector-Industrial Zone A]
[2026-04-29 16:25:48] [INFO ] Thread started for sector: Fire Station Alpha [Sector-Fire Station Alpha]
[2026-04-29 16:25:48] [INFO ] Thread started for sector: Central Hospital [Sector-Central Hospital]
[2026-04-29 16:25:48] [INFO ] Thread started for sector: Downtown Commercial [Sector-Downtown Commercial]
[2026-04-29 16:25:48] [INFO ] Thread started for sector: Residential North [Sector-Residential North]
[2026-04-29 16:25:48] [INFO ] Thread started for sector: Residential South [Sector-Residential South]
[2026-04-29 16:25:48] [INFO ] Supply simulation thread started [SupplyThread]
[2026-04-29 16:25:50] [INFO ] Cycle #1 | Supply: 2029.9 kW
[2026-04-29 16:25:50] [WARN ] Overload risk! Demand 2062.6 kW vs Supply 2029.9 kW (102%)
[2026-04-29 16:25:50] [WARN ] Load shed on Residential South: gave 327.5 / 360.2 kW
[2026-04-29 16:25:50] [INFO ] [Alloc] Distributed 2029.9 / 2062.6 kW | Unmet: 32.7 kW
[2026-04-29 16:25:52] [INFO ] Cycle #2 | Supply: 2057.7 kW
[2026-04-29 16:25:52] [WARN ] Overload risk! Demand 1908.5 kW vs Supply 2057.7 kW (93%)
[2026-04-29 16:25:52] [INFO ] [Alloc] Distributed 1908.5 / 1908.5 kW | Unmet: 0.0 kW
[2026-04-29 16:25:54] [INFO ] Cycle #3 | Supply: 2152.0 kW
[2026-04-29 16:25:54] [WARN ] Overload risk! Demand 1895.1 kW vs Supply 2152.0 kW (88%)
[2026-04-29 16:25:54] [INFO ] [Alloc] Distributed 1895.1 / 1895.1 kW | Unmet: 0.0 kW
[2026-04-29 16:25:56] [INFO ] Cycle #4 | Supply: 2124.6 kW
[2026-04-29 16:25:56] [WARN ] Overload risk! Demand 2131.7 kW vs Supply 2124.6 kW (100%)
[2026-04-29 16:25:56] [WARN ] Load shed on Residential South: gave 355.2 / 362.3 kW
[2026-04-29 16:25:56] [INFO ] [Alloc] Distributed 2124.6 / 2131.7 kW | Unmet: 7.1 kW
[2026-04-29 16:25:58] [INFO ] Cycle #5 | Supply: 2143.4 kW
[2026-04-29 16:25:58] [WARN ] Overload risk! Demand 2203.9 kW vs Supply 2143.4 kW (103%)
[2026-04-29 16:25:58] [WARN ] Load shed on Residential South: gave 269.3 / 329.8 kW
[2026-04-29 16:25:58] [INFO ] [Alloc] Distributed 2143.4 / 2203.9 kW | Unmet: 60.5 kW
[2026-04-29 16:26:00] [INFO ] Cycle #6 | Supply: 2131.9 kW
[2026-04-29 16:26:00] [WARN ] Overload risk! Demand 2163.2 kW vs Supply 2131.9 kW (101%)
[2026-04-29 16:26:00] [INFO ] [LOCK] Central Hospital — 129.7 kW (life support)
[2026-04-29 16:26:00] [WARN ] Load shed on Residential South: gave 274.0 / 305.2 kW
[2026-04-29 16:26:00] [INFO ] [Alloc] Distributed 2131.9 / 2163.2 kW | Unmet: 31.3 kW
[2026-04-29 16:26:02] [INFO ] Cycle #7 | Supply: 2108.7 kW
[2026-04-29 16:26:02] [WARN ] Overload risk! Demand 2315.0 kW vs Supply 2108.7 kW (110%)
[2026-04-29 16:26:02] [INFO ] [LOCK] Central Hospital — 137.6 kW (life support)
[2026-04-29 16:26:02] [WARN ] Load shed on Residential South: gave 70.3 / 276.6 kW
[2026-04-29 16:26:02] [INFO ] [Alloc] Distributed 2108.7 / 2315.0 kW | Unmet: 206.3 kW
[2026-04-29 16:26:04] [INFO ] Cycle #8 | Supply: 2061.2 kW
[2026-04-29 16:26:04] [WARN ] Overload risk! Demand 2281.9 kW vs Supply 2061.2 kW (111%)
[2026-04-29 16:26:04] [INFO ] [LOCK] Central Hospital — 163.9 kW (life support)
[2026-04-29 16:26:04] [WARN ] Load shed on Residential South: gave 69.2 / 290.0 kW
[2026-04-29 16:26:04] [INFO ] [Alloc] Distributed 2061.2 / 2281.9 kW | Unmet: 220.7 kW
[2026-04-29 16:26:06] [INFO ] Cycle #9 | Supply: 2206.4 kW
[2026-04-29 16:26:06] [WARN ] Overload risk! Demand 2225.6 kW vs Supply 2206.4 kW (101%)
[2026-04-29 16:26:06] [INFO ] [LOCK] Central Hospital — 138.4 kW (life support)
[2026-04-29 16:26:06] [WARN ] Load shed on Residential South: gave 313.6 / 332.9 kW
[2026-04-29 16:26:06] [INFO ] [Alloc] Distributed 2206.4 / 2225.6 kW | Unmet: 19.3 kW
[2026-04-29 16:26:08] [INFO ] Cycle #10 | Supply: 2090.6 kW
[2026-04-29 16:26:08] [WARN ] Overload risk! Demand 2201.0 kW vs Supply 2090.6 kW (105%)
[2026-04-29 16:26:08] [INFO ] [LOCK] Central Hospital — 133.6 kW (life support)
[2026-04-29 16:26:08] [WARN ] Load shed on Residential South: gave 263.7 / 374.1 kW
[2026-04-29 16:26:08] [INFO ] [Alloc] Distributed 2090.6 / 2201.0 kW | Unmet: 110.4 kW
[2026-04-29 16:26:10] [INFO ] Cycle #11 | Supply: 2145.7 kW
[2026-04-29 16:26:10] [WARN ] Overload risk! Demand 2071.8 kW vs Supply 2145.7 kW (97%)
[2026-04-29 16:26:10] [INFO ] [LOCK] Central Hospital — 113.0 kW (life support)
[2026-04-29 16:26:10] [INFO ] [Alloc] Distributed 2071.8 / 2071.8 kW | Unmet: 0.0 kW
[2026-04-29 16:26:12] [INFO ] Cycle #12 | Supply: 2056.3 kW
[2026-04-29 16:26:12] [WARN ] Overload risk! Demand 2318.7 kW vs Supply 2056.3 kW (113%)
[2026-04-29 16:26:12] [INFO ] [LOCK] Central Hospital — 105.5 kW (life support)
[2026-04-29 16:26:12] [WARN ] Load shed on Residential South: gave 200.0 / 462.4 kW
[2026-04-29 16:26:12] [INFO ] [Alloc] Distributed 2056.3 / 2318.7 kW | Unmet: 262.3 kW
[2026-04-29 16:26:14] [INFO ] Cycle #13 | Supply: 2285.2 kW
[2026-04-29 16:26:14] [WARN ] Overload risk! Demand 2242.3 kW vs Supply 2285.2 kW (98%)
[2026-04-29 16:26:14] [INFO ] [LOCK] Central Hospital — 112.1 kW (life support)
[2026-04-29 16:26:14] [INFO ] [Alloc] Distributed 2242.3 / 2242.3 kW | Unmet: 0.0 kW
[2026-04-29 16:26:16] [INFO ] Cycle #14 | Supply: 1960.7 kW
[2026-04-29 16:26:16] [WARN ] Overload risk! Demand 2081.2 kW vs Supply 1960.7 kW (106%)
[2026-04-29 16:26:16] [INFO ] [LOCK] Central Hospital — 91.5 kW (life support)
[2026-04-29 16:26:16] [WARN ] Load shed on Residential South: gave 344.5 / 464.9 kW
[2026-04-29 16:26:16] [INFO ] [Alloc] Distributed 1960.7 / 2081.2 kW | Unmet: 120.4 kW
[2026-04-29 16:26:18] [INFO ] Cycle #15 | Supply: 2040.0 kW
[2026-04-29 16:26:18] [WARN ] Overload risk! Demand 2081.4 kW vs Supply 2040.0 kW (102%)
[2026-04-29 16:26:18] [INFO ] [LOCK] Central Hospital — 97.7 kW (life support)
[2026-04-29 16:26:18] [WARN ] Load shed on Residential South: gave 476.6 / 518.0 kW
[2026-04-29 16:26:18] [INFO ] [Alloc] Distributed 2040.0 / 2081.4 kW | Unmet: 41.4 kW
[2026-04-29 16:26:20] [INFO ] Cycle #16 | Supply: 2139.5 kW
[2026-04-29 16:26:20] [WARN ] Overload risk! Demand 2139.1 kW vs Supply 2139.5 kW (100%)
[2026-04-29 16:26:20] [INFO ] [LOCK] Central Hospital — 108.6 kW (life support)
[2026-04-29 16:26:20] [INFO ] [Alloc] Distributed 2139.1 / 2139.1 kW | Unmet: 0.0 kW
[2026-04-29 16:26:22] [INFO ] Cycle #17 | Supply: 2174.5 kW
[2026-04-29 16:26:22] [WARN ] Overload risk! Demand 2274.1 kW vs Supply 2174.5 kW (105%)
[2026-04-29 16:26:22] [INFO ] [LOCK] Central Hospital — 77.6 kW (life support)
[2026-04-29 16:26:22] [WARN ] Load shed on Residential South: gave 342.0 / 441.6 kW
[2026-04-29 16:26:22] [INFO ] [Alloc] Distributed 2174.5 / 2274.1 kW | Unmet: 99.7 kW
[2026-04-29 16:26:24] [INFO ] Cycle #18 | Supply: 2272.8 kW
[2026-04-29 16:26:24] [WARN ] Overload risk! Demand 2260.0 kW vs Supply 2272.8 kW (99%)
[2026-04-29 16:26:24] [INFO ] [LOCK] Central Hospital — 87.4 kW (life support)
[2026-04-29 16:26:24] [INFO ] [Alloc] Distributed 2260.0 / 2260.0 kW | Unmet: 0.0 kW
[2026-04-29 16:26:26] [INFO ] Cycle #19 | Supply: 2082.8 kW
[2026-04-29 16:26:26] [WARN ] Overload risk! Demand 2177.3 kW vs Supply 2082.8 kW (105%)
[2026-04-29 16:26:26] [INFO ] [LOCK] Central Hospital — 78.0 kW (life support)
[2026-04-29 16:26:26] [WARN ] Load shed on Residential South: gave 198.2 / 292.7 kW
[2026-04-29 16:26:26] [INFO ] [Alloc] Distributed 2082.8 / 2177.3 kW | Unmet: 94.5 kW
[2026-04-29 16:26:28] [INFO ] Cycle #20 | Supply: 2289.7 kW
[2026-04-29 16:26:28] [WARN ] Overload risk! Demand 2256.7 kW vs Supply 2289.7 kW (99%)
[2026-04-29 16:26:28] [INFO ] [LOCK] Central Hospital — 65.7 kW (life support)
[2026-04-29 16:26:28] [INFO ] [Alloc] Distributed 2256.7 / 2256.7 kW | Unmet: 0.0 kW
[2026-04-29 16:26:30] [INFO ] Cycle #21 | Supply: 2018.0 kW
[2026-04-29 16:26:30] [WARN ] Overload risk! Demand 2209.3 kW vs Supply 2018.0 kW (109%)
[2026-04-29 16:26:30] [INFO ] [LOCK] Central Hospital — 59.9 kW (life support)
[2026-04-29 16:26:30] [WARN ] Load shed on Residential South: gave 144.2 / 335.5 kW
[2026-04-29 16:26:30] [INFO ] [Alloc] Distributed 2018.0 / 2209.3 kW | Unmet: 191.3 kW
[2026-04-29 16:26:32] [INFO ] Cycle #22 | Supply: 2290.3 kW
[2026-04-29 16:26:32] [WARN ] Overload risk! Demand 2052.0 kW vs Supply 2290.3 kW (90%)
[2026-04-29 16:26:32] [INFO ] [LOCK] Central Hospital — 57.0 kW (life support)
[2026-04-29 16:26:32] [INFO ] [Alloc] Distributed 2052.0 / 2052.0 kW | Unmet: -0.0 kW
[2026-04-29 16:26:34] [INFO ] Cycle #23 | Supply: 2293.2 kW
[2026-04-29 16:26:34] [WARN ] Overload risk! Demand 2216.0 kW vs Supply 2293.2 kW (97%)
[2026-04-29 16:26:34] [INFO ] [LOCK] Central Hospital — 55.2 kW (life support)
[2026-04-29 16:26:34] [INFO ] [Alloc] Distributed 2216.0 / 2216.0 kW | Unmet: -0.0 kW
[2026-04-29 16:26:36] [INFO ] Cycle #24 | Supply: 2194.0 kW
[2026-04-29 16:26:36] [WARN ] Overload risk! Demand 2288.3 kW vs Supply 2194.0 kW (104%)
[2026-04-29 16:26:36] [INFO ] [LOCK] Central Hospital — 75.0 kW (life support)
[2026-04-29 16:26:36] [WARN ] Load shed on Residential South: gave 266.9 / 361.2 kW
[2026-04-29 16:26:36] [INFO ] [Alloc] Distributed 2194.0 / 2288.3 kW | Unmet: 94.3 kW
[2026-04-29 16:26:38] [INFO ] Cycle #25 | Supply: 2267.1 kW
[2026-04-29 16:26:38] [WARN ] Overload risk! Demand 2286.1 kW vs Supply 2267.1 kW (101%)
[2026-04-29 16:26:38] [INFO ] [LOCK] Central Hospital — 68.0 kW (life support)
[2026-04-29 16:26:38] [WARN ] Load shed on Residential South: gave 367.7 / 386.7 kW
[2026-04-29 16:26:38] [INFO ] [Alloc] Distributed 2267.1 / 2286.1 kW | Unmet: 19.0 kW
[2026-04-29 16:26:40] [INFO ] Cycle #26 | Supply: 1851.2 kW
[2026-04-29 16:26:40] [WARN ] Overload risk! Demand 2332.7 kW vs Supply 1851.2 kW (126%)
[2026-04-29 16:26:40] [INFO ] [LOCK] Central Hospital — 54.1 kW (life support)
[2026-04-29 16:26:40] [WARN ] Load shed on Residential North: gave 457.8 / 546.5 kW
[2026-04-29 16:26:40] [WARN ] Load shed on Residential South: gave 0.0 / 392.8 kW
[2026-04-29 16:26:40] [INFO ] [Alloc] Distributed 1851.2 / 2332.7 kW | Unmet: 481.6 kW
[2026-04-29 16:26:42] [INFO ] Cycle #27 | Supply: 2194.3 kW
[2026-04-29 16:26:42] [WARN ] Overload risk! Demand 2407.6 kW vs Supply 2194.3 kW (110%)
[2026-04-29 16:26:42] [INFO ] [LOCK] Central Hospital — 63.0 kW (life support)
[2026-04-29 16:26:42] [WARN ] Load shed on Residential South: gave 105.1 / 318.4 kW
[2026-04-29 16:26:42] [INFO ] [Alloc] Distributed 2194.3 / 2407.6 kW | Unmet: 213.3 kW
[2026-04-29 16:26:44] [INFO ] Cycle #28 | Supply: 2229.8 kW
[2026-04-29 16:26:44] [WARN ] Overload risk! Demand 2375.6 kW vs Supply 2229.8 kW (107%)
[2026-04-29 16:26:44] [INFO ] [LOCK] Central Hospital — 75.6 kW (life support)
[2026-04-29 16:26:44] [WARN ] Load shed on Residential South: gave 183.2 / 329.0 kW
[2026-04-29 16:26:44] [INFO ] [Alloc] Distributed 2229.8 / 2375.6 kW | Unmet: 145.8 kW
[2026-04-29 16:26:46] [INFO ] Cycle #29 | Supply: 2092.5 kW
[2026-04-29 16:26:46] [WARN ] Overload risk! Demand 2106.1 kW vs Supply 2092.5 kW (101%)
[2026-04-29 16:26:46] [INFO ] [LOCK] Central Hospital — 75.3 kW (life support)
[2026-04-29 16:26:46] [WARN ] Load shed on Residential South: gave 262.0 / 275.6 kW
[2026-04-29 16:26:46] [INFO ] [Alloc] Distributed 2092.5 / 2106.1 kW | Unmet: 13.6 kW
[2026-04-29 16:26:48] [INFO ] Cycle #30 | Supply: 2110.7 kW
[2026-04-29 16:26:48] [WARN ] Overload risk! Demand 1929.3 kW vs Supply 2110.7 kW (91%)
[2026-04-29 16:26:48] [INFO ] [LOCK] Central Hospital — 71.9 kW (life support)
[2026-04-29 16:26:48] [INFO ] [Alloc] Distributed 1929.3 / 1929.3 kW | Unmet: 0.0 kW
[2026-04-29 16:26:50] [INFO ] Cycle #31 | Supply: 2285.7 kW
[2026-04-29 16:26:50] [INFO ] [LOCK] Central Hospital — 66.0 kW (life support)
[2026-04-29 16:26:50] [INFO ] [Alloc] Distributed 1807.0 / 1807.0 kW | Unmet: 0.0 kW
[2026-04-29 16:26:52] [INFO ] Cycle #32 | Supply: 1889.2 kW
[2026-04-29 16:26:52] [WARN ] Overload risk! Demand 1803.1 kW vs Supply 1889.2 kW (95%)
[2026-04-29 16:26:52] [INFO ] [LOCK] Central Hospital — 62.1 kW (life support)
[2026-04-29 16:26:52] [INFO ] [Alloc] Distributed 1803.1 / 1803.1 kW | Unmet: -0.0 kW
[2026-04-29 16:26:54] [INFO ] Cycle #33 | Supply: 2246.0 kW
[2026-04-29 16:26:54] [WARN ] Overload risk! Demand 2045.9 kW vs Supply 2246.0 kW (91%)
[2026-04-29 16:26:54] [INFO ] [LOCK] Central Hospital — 59.7 kW (life support)
[2026-04-29 16:26:54] [INFO ] [Alloc] Distributed 2045.9 / 2045.9 kW | Unmet: 0.0 kW
[2026-04-29 16:26:56] [INFO ] Cycle #34 | Supply: 2245.8 kW
[2026-04-29 16:26:56] [WARN ] Overload risk! Demand 2232.7 kW vs Supply 2245.8 kW (99%)
[2026-04-29 16:26:56] [INFO ] [LOCK] Central Hospital — 60.9 kW (life support)
[2026-04-29 16:26:56] [INFO ] [Alloc] Distributed 2232.7 / 2232.7 kW | Unmet: -0.0 kW
[2026-04-29 16:26:58] [INFO ] Cycle #35 | Supply: 2001.5 kW
[2026-04-29 16:26:58] [WARN ] Overload risk! Demand 2199.3 kW vs Supply 2001.5 kW (110%)
[2026-04-29 16:26:58] [INFO ] [LOCK] Central Hospital — 66.5 kW (life support)
[2026-04-29 16:26:58] [WARN ] Load shed on Residential South: gave 66.0 / 263.8 kW
[2026-04-29 16:26:58] [INFO ] [Alloc] Distributed 2001.5 / 2199.3 kW | Unmet: 197.8 kW
[2026-04-29 16:27:00] [INFO ] Cycle #36 | Supply: 2273.7 kW
[2026-04-29 16:27:00] [WARN ] Overload risk! Demand 2215.5 kW vs Supply 2273.7 kW (97%)
[2026-04-29 16:27:00] [INFO ] [LOCK] Central Hospital — 76.1 kW (life support)
[2026-04-29 16:27:00] [INFO ] [Alloc] Distributed 2215.5 / 2215.5 kW | Unmet: 0.0 kW
[2026-04-29 16:27:02] [INFO ] Cycle #37 | Supply: 2104.4 kW
[2026-04-29 16:27:02] [WARN ] Overload risk! Demand 2272.5 kW vs Supply 2104.4 kW (108%)
[2026-04-29 16:27:02] [INFO ] [LOCK] Central Hospital — 84.4 kW (life support)
[2026-04-29 16:27:02] [WARN ] Load shed on Residential South: gave 50.9 / 219.0 kW
[2026-04-29 16:27:02] [INFO ] [Alloc] Distributed 2104.4 / 2272.5 kW | Unmet: 168.0 kW
[2026-04-29 16:27:04] [INFO ] Cycle #38 | Supply: 2076.2 kW
[2026-04-29 16:27:04] [WARN ] Overload risk! Demand 2095.6 kW vs Supply 2076.2 kW (101%)
[2026-04-29 16:27:04] [INFO ] [LOCK] Central Hospital — 81.0 kW (life support)
[2026-04-29 16:27:04] [WARN ] Load shed on Residential South: gave 182.8 / 202.2 kW
[2026-04-29 16:27:04] [INFO ] [Alloc] Distributed 2076.2 / 2095.6 kW | Unmet: 19.4 kW
[2026-04-29 16:27:06] [INFO ] Cycle #39 | Supply: 2052.5 kW
[2026-04-29 16:27:06] [WARN ] Overload risk! Demand 2341.8 kW vs Supply 2052.5 kW (114%)
[2026-04-29 16:27:06] [INFO ] [LOCK] Central Hospital — 84.6 kW (life support)
[2026-04-29 16:27:06] [WARN ] Load shed on Residential North: gave 557.1 / 664.9 kW
[2026-04-29 16:27:06] [WARN ] Load shed on Residential South: gave 0.0 / 181.5 kW
[2026-04-29 16:27:06] [INFO ] [Alloc] Distributed 2052.5 / 2341.8 kW | Unmet: 289.2 kW
[2026-04-29 16:27:08] [INFO ] Cycle #40 | Supply: 2237.3 kW
[2026-04-29 16:27:08] [WARN ] Overload risk! Demand 2099.0 kW vs Supply 2237.3 kW (94%)
[2026-04-29 16:27:08] [INFO ] [LOCK] Central Hospital — 79.2 kW (life support)
[2026-04-29 16:27:08] [INFO ] [Alloc] Distributed 2099.0 / 2099.0 kW | Unmet: 0.0 kW
[2026-04-29 16:27:10] [INFO ] Cycle #41 | Supply: 2292.1 kW
[2026-04-29 16:27:10] [WARN ] Overload risk! Demand 2059.6 kW vs Supply 2292.1 kW (90%)
[2026-04-29 16:27:10] [INFO ] [LOCK] Central Hospital — 88.0 kW (life support)
[2026-04-29 16:27:10] [INFO ] [Alloc] Distributed 2059.6 / 2059.6 kW | Unmet: 0.0 kW
[2026-04-29 16:27:12] [INFO ] Cycle #42 | Supply: 2103.3 kW
[2026-04-29 16:27:12] [WARN ] Overload risk! Demand 2180.8 kW vs Supply 2103.3 kW (104%)
[2026-04-29 16:27:12] [INFO ] [LOCK] Central Hospital — 80.2 kW (life support)
[2026-04-29 16:27:12] [WARN ] Load shed on Residential South: gave 101.1 / 178.6 kW
[2026-04-29 16:27:12] [INFO ] [Alloc] Distributed 2103.3 / 2180.8 kW | Unmet: 77.5 kW
[2026-04-29 16:27:14] [INFO ] Cycle #43 | Supply: 2188.9 kW
[2026-04-29 16:27:14] [WARN ] Overload risk! Demand 2540.2 kW vs Supply 2188.9 kW (116%)
[2026-04-29 16:27:14] [INFO ] [LOCK] Central Hospital — 69.9 kW (life support)
[2026-04-29 16:27:14] [WARN ] Load shed on Residential North: gave 338.3 / 497.5 kW
[2026-04-29 16:27:14] [WARN ] Load shed on Residential South: gave 0.0 / 192.1 kW
[2026-04-29 16:27:14] [INFO ] [Alloc] Distributed 2188.9 / 2540.2 kW | Unmet: 351.3 kW
[2026-04-29 16:27:17] [INFO ] Cycle #44 | Supply: 2129.2 kW
[2026-04-29 16:27:17] [WARN ] Overload risk! Demand 2791.8 kW vs Supply 2129.2 kW (131%)
[2026-04-29 16:27:17] [INFO ] [LOCK] Central Hospital — 80.0 kW (life support)
[2026-04-29 16:27:17] [WARN ] Load shed on Residential North: gave 159.2 / 626.2 kW
[2026-04-29 16:27:17] [WARN ] Load shed on Residential South: gave 0.0 / 187.7 kW
[2026-04-29 16:27:17] [INFO ] [Alloc] Distributed 2129.2 / 2791.8 kW | Unmet: 662.6 kW
[2026-04-29 16:27:19] [INFO ] Cycle #45 | Supply: 2200.5 kW
[2026-04-29 16:27:19] [WARN ] Overload risk! Demand 2603.8 kW vs Supply 2200.5 kW (118%)
[2026-04-29 16:27:19] [INFO ] [LOCK] Central Hospital — 67.5 kW (life support)
[2026-04-29 16:27:19] [WARN ] Load shed on Residential North: gave 323.0 / 544.1 kW
[2026-04-29 16:27:19] [WARN ] Load shed on Residential South: gave 0.0 / 196.6 kW
[2026-04-29 16:27:19] [INFO ] [Alloc] Distributed 2200.5 / 2603.8 kW | Unmet: 403.2 kW
[2026-04-29 16:27:21] [INFO ] Cycle #46 | Supply: 2159.4 kW
[2026-04-29 16:27:21] [WARN ] Overload risk! Demand 2685.2 kW vs Supply 2159.4 kW (124%)
[2026-04-29 16:27:21] [INFO ] [LOCK] Central Hospital — 54.0 kW (life support)
[2026-04-29 16:27:21] [WARN ] Load shed on Residential North: gave 307.8 / 623.2 kW
[2026-04-29 16:27:21] [WARN ] Load shed on Residential South: gave 0.0 / 210.4 kW
[2026-04-29 16:27:21] [INFO ] [Alloc] Distributed 2159.4 / 2685.2 kW | Unmet: 525.8 kW
[2026-04-29 16:27:23] [INFO ] Cycle #47 | Supply: 2296.5 kW
[2026-04-29 16:27:23] [WARN ] Overload risk! Demand 2659.8 kW vs Supply 2296.5 kW (116%)
[2026-04-29 16:27:23] [INFO ] [LOCK] Central Hospital — 36.5 kW (life support)
[2026-04-29 16:27:23] [WARN ] Load shed on Residential North: gave 393.7 / 524.9 kW
[2026-04-29 16:27:23] [WARN ] Load shed on Residential South: gave 0.0 / 232.0 kW
[2026-04-29 16:27:23] [INFO ] [Alloc] Distributed 2296.5 / 2659.8 kW | Unmet: 363.3 kW
[2026-04-29 16:27:25] [INFO ] Cycle #48 | Supply: 1924.8 kW
[2026-04-29 16:27:25] [ERROR] [GRID OVERLOAD] Demand 2987.2 kW exceeds supply 1924.8 kW (deficit: 1062.3 kW)
[2026-04-29 16:27:25] [WARN ] EMERGENCY LOAD SHEDDING
[2026-04-29 16:27:25] [WARN ] Shed: Downtown Commercial
[2026-04-29 16:27:25] [WARN ] Shed: Residential North
[2026-04-29 16:27:25] [WARN ] Shed: Residential South
[2026-04-29 16:27:27] [INFO ] Cycle #49 | Supply: 2039.5 kW
[2026-04-29 16:27:27] [WARN ] Overload risk! Demand 2654.9 kW vs Supply 2039.5 kW (130%)
[2026-04-29 16:27:27] [INFO ] [LOCK] Central Hospital — 38.0 kW (life support)
[2026-04-29 16:27:27] [WARN ] Load shed on Residential North: gave 138.4 / 522.5 kW
[2026-04-29 16:27:27] [WARN ] Load shed on Residential South: gave 0.0 / 231.4 kW
[2026-04-29 16:27:27] [INFO ] [Alloc] Distributed 2039.5 / 2654.9 kW | Unmet: 615.4 kW
[2026-04-29 16:27:29] [INFO ] Cycle #50 | Supply: 2164.4 kW
[2026-04-29 16:27:29] [WARN ] Overload risk! Demand 2610.9 kW vs Supply 2164.4 kW (121%)
[2026-04-29 16:27:29] [INFO ] [LOCK] Central Hospital — 46.9 kW (life support)
[2026-04-29 16:27:29] [WARN ] Load shed on Residential North: gave 401.9 / 615.3 kW
[2026-04-29 16:27:29] [WARN ] Load shed on Residential South: gave 0.0 / 233.0 kW
[2026-04-29 16:27:29] [INFO ] [Alloc] Distributed 2164.4 / 2610.9 kW | Unmet: 446.5 kW
[2026-04-29 16:27:31] [INFO ] Cycle #51 | Supply: 2216.3 kW
[2026-04-29 16:27:31] [WARN ] Overload risk! Demand 2355.3 kW vs Supply 2216.3 kW (106%)
[2026-04-29 16:27:31] [INFO ] [LOCK] Central Hospital — 46.8 kW (life support)
[2026-04-29 16:27:31] [WARN ] Load shed on Residential South: gave 135.0 / 274.0 kW
[2026-04-29 16:27:31] [INFO ] [Alloc] Distributed 2216.3 / 2355.3 kW | Unmet: 139.0 kW
[2026-04-29 16:27:33] [INFO ] Cycle #52 | Supply: 1820.6 kW
[2026-04-29 16:27:33] [WARN ] Overload risk! Demand 2477.3 kW vs Supply 1820.6 kW (136%)
[2026-04-29 16:27:33] [INFO ] [LOCK] Central Hospital — 43.4 kW (life support)
[2026-04-29 16:27:33] [WARN ] Load shed on Residential North: gave 162.3 / 552.4 kW
[2026-04-29 16:27:33] [WARN ] Load shed on Residential South: gave 0.0 / 266.5 kW
[2026-04-29 16:27:33] [INFO ] [Alloc] Distributed 1820.6 / 2477.3 kW | Unmet: 656.7 kW
[2026-04-29 16:27:35] [INFO ] Cycle #53 | Supply: 2286.5 kW
[2026-04-29 16:27:35] [WARN ] Overload risk! Demand 2583.5 kW vs Supply 2286.5 kW (113%)
[2026-04-29 16:27:35] [INFO ] [LOCK] Central Hospital — 36.6 kW (life support)
[2026-04-29 16:27:35] [WARN ] Load shed on Residential South: gave 10.9 / 307.9 kW
[2026-04-29 16:27:35] [INFO ] [Alloc] Distributed 2286.5 / 2583.5 kW | Unmet: 296.9 kW
[2026-04-29 16:27:37] [INFO ] Cycle #54 | Supply: 2071.1 kW
[2026-04-29 16:27:37] [WARN ] Overload risk! Demand 2658.2 kW vs Supply 2071.1 kW (128%)
[2026-04-29 16:27:37] [INFO ] [LOCK] Central Hospital — 38.4 kW (life support)
[2026-04-29 16:27:37] [WARN ] Load shed on Residential North: gave 341.2 / 642.2 kW
[2026-04-29 16:27:37] [WARN ] Load shed on Residential South: gave 0.0 / 286.1 kW
[2026-04-29 16:27:37] [INFO ] [Alloc] Distributed 2071.1 / 2658.2 kW | Unmet: 587.1 kW
[2026-04-29 16:27:39] [INFO ] Cycle #55 | Supply: 2229.5 kW
[2026-04-29 16:27:39] [WARN ] Overload risk! Demand 2720.4 kW vs Supply 2229.5 kW (122%)
[2026-04-29 16:27:39] [INFO ] [LOCK] Central Hospital — 34.5 kW (life support)
[2026-04-29 16:27:39] [WARN ] Load shed on Residential North: gave 422.6 / 609.7 kW
[2026-04-29 16:27:39] [WARN ] Load shed on Residential South: gave 0.0 / 303.8 kW
[2026-04-29 16:27:39] [INFO ] [Alloc] Distributed 2229.5 / 2720.4 kW | Unmet: 490.9 kW
[2026-04-29 16:27:41] [INFO ] Cycle #56 | Supply: 2225.5 kW
[2026-04-29 16:27:41] [WARN ] Overload risk! Demand 2778.4 kW vs Supply 2225.5 kW (125%)
[2026-04-29 16:27:41] [INFO ] [LOCK] Central Hospital — 32.3 kW (life support)
[2026-04-29 16:27:41] [WARN ] Load shed on Residential North: gave 338.8 / 588.2 kW
[2026-04-29 16:27:41] [WARN ] Load shed on Residential South: gave 0.0 / 303.5 kW
[2026-04-29 16:27:41] [INFO ] [Alloc] Distributed 2225.5 / 2778.4 kW | Unmet: 552.9 kW
[2026-04-29 16:27:43] [INFO ] Cycle #57 | Supply: 2111.0 kW
[2026-04-29 16:27:43] [WARN ] Overload risk! Demand 2605.2 kW vs Supply 2111.0 kW (123%)
[2026-04-29 16:27:43] [INFO ] [LOCK] Central Hospital — 26.6 kW (life support)
[2026-04-29 16:27:43] [WARN ] Load shed on Residential North: gave 386.3 / 531.1 kW
[2026-04-29 16:27:43] [WARN ] Load shed on Residential South: gave 0.0 / 349.5 kW
[2026-04-29 16:27:43] [INFO ] [Alloc] Distributed 2111.0 / 2605.2 kW | Unmet: 494.3 kW
[2026-04-29 16:27:45] [INFO ] Cycle #58 | Supply: 2264.5 kW
[2026-04-29 16:27:45] [WARN ] Overload risk! Demand 2405.6 kW vs Supply 2264.5 kW (106%)
[2026-04-29 16:27:45] [INFO ] [LOCK] Central Hospital — 22.5 kW (life support)
[2026-04-29 16:27:45] [WARN ] Load shed on Residential South: gave 197.8 / 338.9 kW
[2026-04-29 16:27:45] [INFO ] [Alloc] Distributed 2264.5 / 2405.6 kW | Unmet: 141.1 kW
[2026-04-29 16:27:47] [INFO ] Cycle #59 | Supply: 2215.3 kW
[2026-04-29 16:27:47] [WARN ] Overload risk! Demand 2270.6 kW vs Supply 2215.3 kW (102%)
[2026-04-29 16:27:47] [INFO ] [LOCK] Central Hospital — 22.7 kW (life support)
[2026-04-29 16:27:47] [WARN ] Load shed on Residential South: gave 342.5 / 397.8 kW
[2026-04-29 16:27:47] [INFO ] [Alloc] Distributed 2215.3 / 2270.6 kW | Unmet: 55.3 kW
[2026-04-29 16:27:49] [INFO ] Cycle #60 | Supply: 2258.8 kW
[2026-04-29 16:27:49] [WARN ] Overload risk! Demand 2227.2 kW vs Supply 2258.8 kW (99%)
[2026-04-29 16:27:49] [INFO ] [LOCK] Central Hospital — 21.7 kW (life support)
[2026-04-29 16:27:49] [INFO ] [Alloc] Distributed 2227.2 / 2227.2 kW | Unmet: 0.0 kW
[2026-04-29 16:27:51] [INFO ] Cycle #61 | Supply: 2086.8 kW
[2026-04-29 16:27:51] [WARN ] Overload risk! Demand 2163.8 kW vs Supply 2086.8 kW (104%)
[2026-04-29 16:27:51] [INFO ] [LOCK] Central Hospital — 23.6 kW (life support)
[2026-04-29 16:27:51] [WARN ] Load shed on Residential South: gave 293.9 / 370.9 kW
[2026-04-29 16:27:51] [INFO ] [Alloc] Distributed 2086.8 / 2163.8 kW | Unmet: 77.0 kW
[2026-04-29 16:27:53] [INFO ] Cycle #62 | Supply: 2235.0 kW
[2026-04-29 16:27:53] [WARN ] Overload risk! Demand 2183.3 kW vs Supply 2235.0 kW (98%)
[2026-04-29 16:27:53] [INFO ] [LOCK] Central Hospital — 25.9 kW (life support)
[2026-04-29 16:27:53] [INFO ] [Alloc] Distributed 2183.3 / 2183.3 kW | Unmet: 0.0 kW
[2026-04-29 16:27:55] [INFO ] Cycle #63 | Supply: 2227.9 kW
[2026-04-29 16:27:55] [WARN ] Overload risk! Demand 2425.8 kW vs Supply 2227.9 kW (109%)
[2026-04-29 16:27:55] [INFO ] [LOCK] Central Hospital — 21.9 kW (life support)
[2026-04-29 16:27:55] [WARN ] Load shed on Residential South: gave 201.0 / 398.9 kW
[2026-04-29 16:27:55] [INFO ] [Alloc] Distributed 2227.9 / 2425.8 kW | Unmet: 197.9 kW
[2026-04-29 16:27:57] [INFO ] Cycle #64 | Supply: 2162.9 kW
[2026-04-29 16:27:57] [WARN ] Overload risk! Demand 2753.3 kW vs Supply 2162.9 kW (127%)
[2026-04-29 16:27:57] [INFO ] [LOCK] Central Hospital — 27.6 kW (life support)
[2026-04-29 16:27:57] [WARN ] Load shed on Residential North: gave 145.7 / 406.8 kW
[2026-04-29 16:27:57] [WARN ] Load shed on Residential South: gave 0.0 / 329.3 kW
[2026-04-29 16:27:57] [INFO ] [Alloc] Distributed 2162.9 / 2753.3 kW | Unmet: 590.4 kW
[2026-04-29 16:27:59] [INFO ] Cycle #65 | Supply: 2095.6 kW
[2026-04-29 16:27:59] [WARN ] Overload risk! Demand 2718.9 kW vs Supply 2095.6 kW (130%)
[2026-04-29 16:27:59] [INFO ] [LOCK] Central Hospital — 23.8 kW (life support)
[2026-04-29 16:27:59] [WARN ] Load shed on Residential North: gave 81.1 / 426.9 kW
[2026-04-29 16:27:59] [WARN ] Load shed on Residential South: gave 0.0 / 277.6 kW
[2026-04-29 16:27:59] [INFO ] [Alloc] Distributed 2095.6 / 2718.9 kW | Unmet: 623.3 kW
[2026-04-29 16:28:01] [INFO ] Cycle #66 | Supply: 2099.0 kW
[2026-04-29 16:28:01] [WARN ] Overload risk! Demand 2731.9 kW vs Supply 2099.0 kW (130%)
[2026-04-29 16:28:01] [INFO ] [LOCK] Central Hospital — 28.9 kW (life support)
[2026-04-29 16:28:01] [WARN ] Load shed on Residential North: gave 155.8 / 480.5 kW
[2026-04-29 16:28:01] [WARN ] Load shed on Residential South: gave 0.0 / 308.2 kW
[2026-04-29 16:28:01] [INFO ] [Alloc] Distributed 2099.0 / 2731.9 kW | Unmet: 632.9 kW
[2026-04-29 16:28:03] [INFO ] Cycle #67 | Supply: 2158.5 kW
[2026-04-29 16:28:03] [WARN ] Overload risk! Demand 2929.0 kW vs Supply 2158.5 kW (136%)
[2026-04-29 16:28:03] [INFO ] [LOCK] Central Hospital — 22.8 kW (life support)
[2026-04-29 16:28:03] [WARN ] Load shed on Residential North: gave 30.7 / 514.4 kW
[2026-04-29 16:28:03] [WARN ] Load shed on Residential South: gave 0.0 / 286.8 kW
[2026-04-29 16:28:03] [INFO ] [Alloc] Distributed 2158.5 / 2929.0 kW | Unmet: 770.5 kW
[2026-04-29 16:28:05] [INFO ] Cycle #68 | Supply: 2206.3 kW
[2026-04-29 16:28:05] [WARN ] Overload risk! Demand 2720.3 kW vs Supply 2206.3 kW (123%)
[2026-04-29 16:28:05] [INFO ] [LOCK] Central Hospital — 19.7 kW (life support)
[2026-04-29 16:28:05] [WARN ] Load shed on Residential North: gave 280.3 / 487.9 kW
[2026-04-29 16:28:05] [WARN ] Load shed on Residential South: gave 0.0 / 306.4 kW
[2026-04-29 16:28:05] [INFO ] [Alloc] Distributed 2206.3 / 2720.3 kW | Unmet: 514.0 kW
[2026-04-29 16:28:07] [INFO ] Cycle #69 | Supply: 1868.8 kW
[2026-04-29 16:28:07] [WARN ] Overload risk! Demand 2657.3 kW vs Supply 1868.8 kW (142%)
[2026-04-29 16:28:07] [INFO ] [LOCK] Central Hospital — 17.2 kW (life support)
[2026-04-29 16:28:07] [WARN ] Load shed on Downtown Commercial: gave 229.5 / 242.8 kW
[2026-04-29 16:28:07] [WARN ] Load shed on Residential North: gave 0.0 / 459.4 kW
[2026-04-29 16:28:07] [WARN ] Load shed on Residential South: gave 0.0 / 315.8 kW
[2026-04-29 16:28:07] [INFO ] [Alloc] Distributed 1868.8 / 2657.3 kW | Unmet: 788.5 kW
[2026-04-29 16:28:09] [INFO ] Cycle #70 | Supply: 2074.5 kW
[2026-04-29 16:28:09] [WARN ] Overload risk! Demand 3079.8 kW vs Supply 2074.5 kW (148%)
[2026-04-29 16:28:09] [INFO ] [LOCK] Central Hospital — 14.1 kW (life support)
[2026-04-29 16:28:09] [WARN ] Load shed on Downtown Commercial: gave 29.5 / 271.0 kW
[2026-04-29 16:28:09] [WARN ] Load shed on Residential North: gave 0.0 / 467.9 kW
[2026-04-29 16:28:09] [WARN ] Load shed on Residential South: gave 0.0 / 295.9 kW
[2026-04-29 16:28:09] [INFO ] [Alloc] Distributed 2074.5 / 3079.8 kW | Unmet: 1005.3 kW
[2026-04-29 16:28:11] [INFO ] Cycle #71 | Supply: 2252.8 kW
[2026-04-29 16:28:11] [ERROR] [GRID OVERLOAD] Demand 3871.5 kW exceeds supply 2252.8 kW (deficit: 1618.8 kW)
[2026-04-29 16:28:11] [WARN ] EMERGENCY LOAD SHEDDING
[2026-04-29 16:28:11] [WARN ] Shed: Downtown Commercial
[2026-04-29 16:28:11] [WARN ] Shed: Residential North
[2026-04-29 16:28:11] [WARN ] Shed: Residential South
[2026-04-29 16:28:13] [INFO ] Cycle #72 | Supply: 2145.5 kW
[2026-04-29 16:28:13] [ERROR] [GRID OVERLOAD] Demand 4181.2 kW exceeds supply 2145.5 kW (deficit: 2035.8 kW)
[2026-04-29 16:28:13] [WARN ] EMERGENCY LOAD SHEDDING
[2026-04-29 16:28:13] [WARN ] Shed: Downtown Commercial
[2026-04-29 16:28:13] [WARN ] Shed: Residential North
[2026-04-29 16:28:13] [WARN ] Shed: Residential South
[2026-04-29 16:28:15] [INFO ] Cycle #73 | Supply: 2155.1 kW
[2026-04-29 16:28:15] [ERROR] [GRID OVERLOAD] Demand 3528.8 kW exceeds supply 2155.1 kW (deficit: 1373.7 kW)
[2026-04-29 16:28:15] [WARN ] EMERGENCY LOAD SHEDDING
[2026-04-29 16:28:15] [WARN ] Shed: Downtown Commercial
[2026-04-29 16:28:15] [WARN ] Shed: Residential North
[2026-04-29 16:28:15] [WARN ] Shed: Residential South
[2026-04-29 16:28:17] [INFO ] Cycle #74 | Supply: 2117.6 kW
[2026-04-29 16:28:17] [ERROR] [GRID OVERLOAD] Demand 12833.0 kW exceeds supply 2117.6 kW (deficit: 10715.4 kW)
[2026-04-29 16:28:17] [WARN ] EMERGENCY LOAD SHEDDING
[2026-04-29 16:28:17] [WARN ] Shed: Downtown Commercial
[2026-04-29 16:28:17] [WARN ] Shed: Residential North
[2026-04-29 16:28:17] [WARN ] Shed: Residential South
[2026-04-29 16:28:19] [INFO ] Cycle #75 | Supply: 2205.8 kW
[2026-04-29 16:28:19] [ERROR] [GRID OVERLOAD] Demand 13703.4 kW exceeds supply 2205.8 kW (deficit: 11497.6 kW)
[2026-04-29 16:28:19] [WARN ] EMERGENCY LOAD SHEDDING
[2026-04-29 16:28:19] [WARN ] Shed: Downtown Commercial
[2026-04-29 16:28:19] [WARN ] Shed: Residential North
[2026-04-29 16:28:19] [WARN ] Shed: Residential South
[2026-04-29 16:28:21] [INFO ] Cycle #76 | Supply: 2175.3 kW
[2026-04-29 16:28:21] [ERROR] [GRID OVERLOAD] Demand 14607.8 kW exceeds supply 2175.3 kW (deficit: 12432.5 kW)
[2026-04-29 16:28:21] [WARN ] EMERGENCY LOAD SHEDDING
[2026-04-29 16:28:21] [WARN ] Shed: Downtown Commercial
[2026-04-29 16:28:21] [WARN ] Shed: Residential North
[2026-04-29 16:28:21] [WARN ] Shed: Residential South
[2026-04-29 16:28:23] [INFO ] Cycle #77 | Supply: 2052.8 kW
[2026-04-29 16:28:23] [ERROR] [GRID OVERLOAD] Demand 11391.4 kW exceeds supply 2052.8 kW (deficit: 9338.6 kW)
[2026-04-29 16:28:23] [WARN ] EMERGENCY LOAD SHEDDING
[2026-04-29 16:28:23] [WARN ] Shed: Downtown Commercial
[2026-04-29 16:28:23] [WARN ] Shed: Residential North
[2026-04-29 16:28:23] [WARN ] Shed: Residential South
[2026-04-29 16:28:25] [INFO ] Cycle #78 | Supply: 2096.5 kW
[2026-04-29 16:28:25] [ERROR] [GRID OVERLOAD] Demand 12512.4 kW exceeds supply 2096.5 kW (deficit: 10415.9 kW)
[2026-04-29 16:28:25] [WARN ] EMERGENCY LOAD SHEDDING
[2026-04-29 16:28:25] [WARN ] Shed: Downtown Commercial
[2026-04-29 16:28:25] [WARN ] Shed: Residential North
[2026-04-29 16:28:25] [WARN ] Shed: Residential South
[2026-04-29 16:28:27] [INFO ] Cycle #79 | Supply: 1981.1 kW
[2026-04-29 16:28:27] [ERROR] [GRID OVERLOAD] Demand 11416.6 kW exceeds supply 1981.1 kW (deficit: 9435.6 kW)
[2026-04-29 16:28:27] [WARN ] EMERGENCY LOAD SHEDDING
[2026-04-29 16:28:27] [WARN ] Shed: Downtown Commercial
[2026-04-29 16:28:27] [WARN ] Shed: Residential North
[2026-04-29 16:28:27] [WARN ] Shed: Residential South
[2026-04-29 16:28:29] [INFO ] Cycle #80 | Supply: 2209.0 kW
[2026-04-29 16:28:29] [ERROR] [GRID OVERLOAD] Demand 9576.7 kW exceeds supply 2209.0 kW (deficit: 7367.7 kW)
[2026-04-29 16:28:29] [WARN ] EMERGENCY LOAD SHEDDING
[2026-04-29 16:28:29] [WARN ] Shed: Downtown Commercial
[2026-04-29 16:28:29] [WARN ] Shed: Residential North
[2026-04-29 16:28:29] [WARN ] Shed: Residential South
[2026-04-29 16:28:31] [INFO ] Cycle #81 | Supply: 2202.1 kW
[2026-04-29 16:28:31] [ERROR] [GRID OVERLOAD] Demand 10596.1 kW exceeds supply 2202.1 kW (deficit: 8394.1 kW)
[2026-04-29 16:28:31] [WARN ] EMERGENCY LOAD SHEDDING
[2026-04-29 16:28:31] [WARN ] Shed: Downtown Commercial
[2026-04-29 16:28:31] [WARN ] Shed: Residential North
[2026-04-29 16:28:31] [WARN ] Shed: Residential South
[2026-04-29 16:28:33] [INFO ] Cycle #82 | Supply: 2023.5 kW
[2026-04-29 16:28:33] [ERROR] [GRID OVERLOAD] Demand 10154.1 kW exceeds supply 2023.5 kW (deficit: 8130.6 kW)
[2026-04-29 16:28:33] [WARN ] EMERGENCY LOAD SHEDDING
[2026-04-29 16:28:33] [WARN ] Shed: Downtown Commercial
[2026-04-29 16:28:33] [WARN ] Shed: Residential North
[2026-04-29 16:28:33] [WARN ] Shed: Residential South
[2026-04-29 16:28:35] [INFO ] Cycle #83 | Supply: 2256.7 kW
[2026-04-29 16:28:35] [ERROR] [GRID OVERLOAD] Demand 9115.4 kW exceeds supply 2256.7 kW (deficit: 6858.7 kW)
[2026-04-29 16:28:35] [WARN ] EMERGENCY LOAD SHEDDING
[2026-04-29 16:28:35] [WARN ] Shed: Downtown Commercial
[2026-04-29 16:28:35] [WARN ] Shed: Residential North
[2026-04-29 16:28:35] [WARN ] Shed: Residential South
[2026-04-29 16:28:37] [INFO ] Cycle #84 | Supply: 2098.6 kW
[2026-04-29 16:28:37] [ERROR] [GRID OVERLOAD] Demand 8908.5 kW exceeds supply 2098.6 kW (deficit: 6810.0 kW)
[2026-04-29 16:28:37] [WARN ] EMERGENCY LOAD SHEDDING
[2026-04-29 16:28:37] [WARN ] Shed: Downtown Commercial
[2026-04-29 16:28:37] [WARN ] Shed: Residential North
[2026-04-29 16:28:37] [WARN ] Shed: Residential South
[2026-04-29 16:28:39] [INFO ] Cycle #85 | Supply: 2171.3 kW
[2026-04-29 16:28:39] [ERROR] [GRID OVERLOAD] Demand 8470.5 kW exceeds supply 2171.3 kW (deficit: 6299.2 kW)
[2026-04-29 16:28:39] [WARN ] EMERGENCY LOAD SHEDDING
[2026-04-29 16:28:39] [WARN ] Shed: Downtown Commercial
[2026-04-29 16:28:39] [WARN ] Shed: Residential North
[2026-04-29 16:28:39] [WARN ] Shed: Residential South
[2026-04-29 16:28:41] [INFO ] Cycle #86 | Supply: 2113.4 kW
[2026-04-29 16:28:41] [ERROR] [GRID OVERLOAD] Demand 8932.2 kW exceeds supply 2113.4 kW (deficit: 6818.7 kW)
[2026-04-29 16:28:41] [WARN ] EMERGENCY LOAD SHEDDING
[2026-04-29 16:28:41] [WARN ] Shed: Downtown Commercial
[2026-04-29 16:28:41] [WARN ] Shed: Residential North
[2026-04-29 16:28:41] [WARN ] Shed: Residential South
[2026-04-29 16:28:43] [INFO ] Cycle #87 | Supply: 2174.4 kW
[2026-04-29 16:28:43] [ERROR] [GRID OVERLOAD] Demand 9042.8 kW exceeds supply 2174.4 kW (deficit: 6868.4 kW)
[2026-04-29 16:28:43] [WARN ] EMERGENCY LOAD SHEDDING
[2026-04-29 16:28:43] [WARN ] Shed: Downtown Commercial
[2026-04-29 16:28:43] [WARN ] Shed: Residential North
[2026-04-29 16:28:43] [WARN ] Shed: Residential South
[2026-04-29 16:28:45] [INFO ] Cycle #88 | Supply: 2042.9 kW
[2026-04-29 16:28:45] [ERROR] [GRID OVERLOAD] Demand 7629.1 kW exceeds supply 2042.9 kW (deficit: 5586.2 kW)
[2026-04-29 16:28:45] [WARN ] EMERGENCY LOAD SHEDDING
[2026-04-29 16:28:45] [WARN ] Shed: Downtown Commercial
[2026-04-29 16:28:45] [WARN ] Shed: Residential North
[2026-04-29 16:28:45] [WARN ] Shed: Residential South
[2026-04-29 16:28:47] [INFO ] Cycle #89 | Supply: 2271.7 kW
[2026-04-29 16:28:47] [ERROR] [GRID OVERLOAD] Demand 7898.7 kW exceeds supply 2271.7 kW (deficit: 5627.0 kW)
[2026-04-29 16:28:47] [WARN ] EMERGENCY LOAD SHEDDING
[2026-04-29 16:28:47] [WARN ] Shed: Downtown Commercial
[2026-04-29 16:28:47] [WARN ] Shed: Residential North
[2026-04-29 16:28:47] [WARN ] Shed: Residential South
[2026-04-29 16:28:49] [INFO ] Cycle #90 | Supply: 2135.0 kW
[2026-04-29 16:28:49] [ERROR] [GRID OVERLOAD] Demand 8851.2 kW exceeds supply 2135.0 kW (deficit: 6716.2 kW)
[2026-04-29 16:28:49] [WARN ] EMERGENCY LOAD SHEDDING
[2026-04-29 16:28:49] [WARN ] Shed: Downtown Commercial
[2026-04-29 16:28:49] [WARN ] Shed: Residential North
[2026-04-29 16:28:49] [WARN ] Shed: Residential South
[2026-04-29 16:28:51] [INFO ] Cycle #91 | Supply: 2029.8 kW
[2026-04-29 16:28:51] [ERROR] [GRID OVERLOAD] Demand 10297.8 kW exceeds supply 2029.8 kW (deficit: 8267.9 kW)
[2026-04-29 16:28:51] [WARN ] EMERGENCY LOAD SHEDDING
[2026-04-29 16:28:51] [WARN ] Shed: Downtown Commercial
[2026-04-29 16:28:51] [WARN ] Shed: Residential North
[2026-04-29 16:28:51] [WARN ] Shed: Residential South
[2026-04-29 16:28:53] [INFO ] Cycle #92 | Supply: 2052.7 kW
[2026-04-29 16:28:53] [ERROR] [GRID OVERLOAD] Demand 12126.8 kW exceeds supply 2052.7 kW (deficit: 10074.2 kW)
[2026-04-29 16:28:53] [WARN ] EMERGENCY LOAD SHEDDING
[2026-04-29 16:28:53] [WARN ] Shed: Downtown Commercial
[2026-04-29 16:28:53] [WARN ] Shed: Residential North
[2026-04-29 16:28:53] [WARN ] Shed: Residential South
[2026-04-29 16:28:55] [INFO ] Cycle #93 | Supply: 2146.0 kW
[2026-04-29 16:28:55] [ERROR] [GRID OVERLOAD] Demand 13969.1 kW exceeds supply 2146.0 kW (deficit: 11823.1 kW)
[2026-04-29 16:28:55] [WARN ] EMERGENCY LOAD SHEDDING
[2026-04-29 16:28:55] [WARN ] Shed: Downtown Commercial
[2026-04-29 16:28:55] [WARN ] Shed: Residential North
[2026-04-29 16:28:55] [WARN ] Shed: Residential South
[2026-04-29 16:28:57] [INFO ] Cycle #94 | Supply: 2035.7 kW
[2026-04-29 16:28:57] [ERROR] [GRID OVERLOAD] Demand 14633.8 kW exceeds supply 2035.7 kW (deficit: 12598.1 kW)
[2026-04-29 16:28:57] [WARN ] EMERGENCY LOAD SHEDDING
[2026-04-29 16:28:57] [WARN ] Shed: Downtown Commercial
[2026-04-29 16:28:57] [WARN ] Shed: Residential North
[2026-04-29 16:28:57] [WARN ] Shed: Residential South
[2026-04-29 16:28:59] [INFO ] Cycle #95 | Supply: 2190.8 kW
[2026-04-29 16:28:59] [ERROR] [GRID OVERLOAD] Demand 13963.8 kW exceeds supply 2190.8 kW (deficit: 11773.0 kW)
[2026-04-29 16:28:59] [WARN ] EMERGENCY LOAD SHEDDING
[2026-04-29 16:28:59] [WARN ] Shed: Downtown Commercial
[2026-04-29 16:28:59] [WARN ] Shed: Residential North
[2026-04-29 16:28:59] [WARN ] Shed: Residential South
[2026-04-29 16:29:01] [INFO ] Cycle #96 | Supply: 2091.7 kW
[2026-04-29 16:29:01] [ERROR] [GRID OVERLOAD] Demand 14757.8 kW exceeds supply 2091.7 kW (deficit: 12666.1 kW)
[2026-04-29 16:29:01] [WARN ] EMERGENCY LOAD SHEDDING
[2026-04-29 16:29:01] [WARN ] Shed: Downtown Commercial
[2026-04-29 16:29:01] [WARN ] Shed: Residential North
[2026-04-29 16:29:01] [WARN ] Shed: Residential South
[2026-04-29 16:29:03] [INFO ] Cycle #97 | Supply: 2090.5 kW
[2026-04-29 16:29:03] [ERROR] [GRID OVERLOAD] Demand 14127.4 kW exceeds supply 2090.5 kW (deficit: 12036.9 kW)
[2026-04-29 16:29:03] [WARN ] EMERGENCY LOAD SHEDDING
[2026-04-29 16:29:03] [WARN ] Shed: Downtown Commercial
[2026-04-29 16:29:03] [WARN ] Shed: Residential North
[2026-04-29 16:29:03] [WARN ] Shed: Residential South
[2026-04-29 16:29:05] [INFO ] Cycle #98 | Supply: 2092.2 kW
[2026-04-29 16:29:05] [ERROR] [GRID OVERLOAD] Demand 13837.0 kW exceeds supply 2092.2 kW (deficit: 11744.8 kW)
[2026-04-29 16:29:05] [WARN ] EMERGENCY LOAD SHEDDING
[2026-04-29 16:29:05] [WARN ] Shed: Downtown Commercial
[2026-04-29 16:29:05] [WARN ] Shed: Residential North
[2026-04-29 16:29:05] [WARN ] Shed: Residential South
[2026-04-29 16:29:07] [INFO ] Cycle #99 | Supply: 2046.7 kW
[2026-04-29 16:29:07] [ERROR] [GRID OVERLOAD] Demand 12140.7 kW exceeds supply 2046.7 kW (deficit: 10094.0 kW)
[2026-04-29 16:29:07] [WARN ] EMERGENCY LOAD SHEDDING
[2026-04-29 16:29:07] [WARN ] Shed: Downtown Commercial
[2026-04-29 16:29:07] [WARN ] Shed: Residential North
[2026-04-29 16:29:07] [WARN ] Shed: Residential South
[2026-04-29 16:29:09] [INFO ] Cycle #100 | Supply: 2034.5 kW
[2026-04-29 16:29:09] [ERROR] [GRID OVERLOAD] Demand 14173.9 kW exceeds supply 2034.5 kW (deficit: 12139.4 kW)
[2026-04-29 16:29:09] [WARN ] EMERGENCY LOAD SHEDDING
[2026-04-29 16:29:09] [WARN ] Shed: Downtown Commercial
[2026-04-29 16:29:09] [WARN ] Shed: Residential North
[2026-04-29 16:29:09] [WARN ] Shed: Residential South
[2026-04-29 16:29:11] [INFO ] Cycle #101 | Supply: 2041.0 kW
[2026-04-29 16:29:11] [ERROR] [GRID OVERLOAD] Demand 13392.1 kW exceeds supply 2041.0 kW (deficit: 11351.1 kW)
[2026-04-29 16:29:11] [WARN ] EMERGENCY LOAD SHEDDING
[2026-04-29 16:29:11] [WARN ] Shed: Downtown Commercial
[2026-04-29 16:29:11] [WARN ] Shed: Residential North
[2026-04-29 16:29:11] [WARN ] Shed: Residential South
[2026-04-29 16:29:13] [INFO ] Cycle #102 | Supply: 2042.7 kW
[2026-04-29 16:29:13] [ERROR] [GRID OVERLOAD] Demand 14868.7 kW exceeds supply 2042.7 kW (deficit: 12826.0 kW)
[2026-04-29 16:29:13] [WARN ] EMERGENCY LOAD SHEDDING
[2026-04-29 16:29:13] [WARN ] Shed: Downtown Commercial
[2026-04-29 16:29:13] [WARN ] Shed: Residential North
[2026-04-29 16:29:13] [WARN ] Shed: Residential South
[2026-04-29 16:29:15] [INFO ] Cycle #103 | Supply: 1996.8 kW
[2026-04-29 16:29:15] [ERROR] [GRID OVERLOAD] Demand 13561.2 kW exceeds supply 1996.8 kW (deficit: 11564.5 kW)
[2026-04-29 16:29:15] [WARN ] EMERGENCY LOAD SHEDDING
[2026-04-29 16:29:15] [WARN ] Shed: Downtown Commercial
[2026-04-29 16:29:15] [WARN ] Shed: Residential North
[2026-04-29 16:29:15] [WARN ] Shed: Residential South
[2026-04-29 16:29:17] [INFO ] Cycle #104 | Supply: 2171.5 kW
[2026-04-29 16:29:17] [ERROR] [GRID OVERLOAD] Demand 13602.9 kW exceeds supply 2171.5 kW (deficit: 11431.4 kW)
[2026-04-29 16:29:17] [WARN ] EMERGENCY LOAD SHEDDING
[2026-04-29 16:29:17] [WARN ] Shed: Downtown Commercial
[2026-04-29 16:29:17] [WARN ] Shed: Residential North
[2026-04-29 16:29:17] [WARN ] Shed: Residential South
[2026-04-29 16:29:19] [INFO ] Cycle #105 | Supply: 2214.6 kW
[2026-04-29 16:29:19] [ERROR] [GRID OVERLOAD] Demand 12286.5 kW exceeds supply 2214.6 kW (deficit: 10072.0 kW)
[2026-04-29 16:29:19] [WARN ] EMERGENCY LOAD SHEDDING
[2026-04-29 16:29:19] [WARN ] Shed: Downtown Commercial
[2026-04-29 16:29:19] [WARN ] Shed: Residential North
[2026-04-29 16:29:19] [WARN ] Shed: Residential South
[2026-04-29 16:29:21] [INFO ] Cycle #106 | Supply: 2184.1 kW
[2026-04-29 16:29:21] [ERROR] [GRID OVERLOAD] Demand 15253.0 kW exceeds supply 2184.1 kW (deficit: 13068.9 kW)
[2026-04-29 16:29:21] [WARN ] EMERGENCY LOAD SHEDDING
[2026-04-29 16:29:21] [WARN ] Shed: Downtown Commercial
[2026-04-29 16:29:21] [WARN ] Shed: Residential North
[2026-04-29 16:29:21] [WARN ] Shed: Residential South
[2026-04-29 16:29:23] [INFO ] Cycle #107 | Supply: 2256.8 kW
[2026-04-29 16:29:23] [ERROR] [GRID OVERLOAD] Demand 13926.4 kW exceeds supply 2256.8 kW (deficit: 11669.6 kW)
[2026-04-29 16:29:23] [WARN ] EMERGENCY LOAD SHEDDING
[2026-04-29 16:29:23] [WARN ] Shed: Downtown Commercial
[2026-04-29 16:29:23] [WARN ] Shed: Residential North
[2026-04-29 16:29:23] [WARN ] Shed: Residential South
[2026-04-29 16:29:25] [INFO ] Cycle #108 | Supply: 2281.7 kW
[2026-04-29 16:29:25] [ERROR] [GRID OVERLOAD] Demand 16384.8 kW exceeds supply 2281.7 kW (deficit: 14103.1 kW)
[2026-04-29 16:29:25] [WARN ] EMERGENCY LOAD SHEDDING
[2026-04-29 16:29:25] [WARN ] Shed: Downtown Commercial
[2026-04-29 16:29:25] [WARN ] Shed: Residential North
[2026-04-29 16:29:25] [WARN ] Shed: Residential South
[2026-04-29 16:29:27] [INFO ] Cycle #109 | Supply: 1988.5 kW
[2026-04-29 16:29:27] [ERROR] [GRID OVERLOAD] Demand 14003.3 kW exceeds supply 1988.5 kW (deficit: 12014.8 kW)
[2026-04-29 16:29:27] [WARN ] EMERGENCY LOAD SHEDDING
[2026-04-29 16:29:27] [WARN ] Shed: Downtown Commercial
[2026-04-29 16:29:27] [WARN ] Shed: Residential North
[2026-04-29 16:29:27] [WARN ] Shed: Residential South
[2026-04-29 16:29:29] [INFO ] Cycle #110 | Supply: 2242.1 kW
[2026-04-29 16:29:29] [ERROR] [GRID OVERLOAD] Demand 17443.2 kW exceeds supply 2242.1 kW (deficit: 15201.1 kW)
[2026-04-29 16:29:29] [WARN ] EMERGENCY LOAD SHEDDING
[2026-04-29 16:29:29] [WARN ] Shed: Downtown Commercial
[2026-04-29 16:29:29] [WARN ] Shed: Residential North
[2026-04-29 16:29:29] [WARN ] Shed: Residential South
[2026-04-29 16:29:31] [INFO ] Cycle #111 | Supply: 1980.8 kW
[2026-04-29 16:29:31] [ERROR] [GRID OVERLOAD] Demand 17116.0 kW exceeds supply 1980.8 kW (deficit: 15135.2 kW)
[2026-04-29 16:29:31] [WARN ] EMERGENCY LOAD SHEDDING
[2026-04-29 16:29:31] [WARN ] Shed: Downtown Commercial
[2026-04-29 16:29:31] [WARN ] Shed: Residential North
[2026-04-29 16:29:31] [WARN ] Shed: Residential South
[2026-04-29 16:29:33] [INFO ] Cycle #112 | Supply: 2300.0 kW
[2026-04-29 16:29:33] [ERROR] [GRID OVERLOAD] Demand 18837.9 kW exceeds supply 2300.0 kW (deficit: 16537.9 kW)
[2026-04-29 16:29:33] [WARN ] EMERGENCY LOAD SHEDDING
[2026-04-29 16:29:33] [WARN ] Shed: Downtown Commercial
[2026-04-29 16:29:33] [WARN ] Shed: Residential North
[2026-04-29 16:29:33] [WARN ] Shed: Residential South
[2026-04-29 16:29:35] [INFO ] Cycle #113 | Supply: 1987.9 kW
[2026-04-29 16:29:35] [ERROR] [GRID OVERLOAD] Demand 14562.3 kW exceeds supply 1987.9 kW (deficit: 12574.4 kW)
[2026-04-29 16:29:35] [WARN ] EMERGENCY LOAD SHEDDING
[2026-04-29 16:29:35] [WARN ] Shed: Downtown Commercial
[2026-04-29 16:29:35] [WARN ] Shed: Residential North
[2026-04-29 16:29:35] [WARN ] Shed: Residential South
[2026-04-29 16:29:37] [INFO ] Cycle #114 | Supply: 2049.6 kW
[2026-04-29 16:29:37] [ERROR] [GRID OVERLOAD] Demand 16760.1 kW exceeds supply 2049.6 kW (deficit: 14710.5 kW)
[2026-04-29 16:29:37] [WARN ] EMERGENCY LOAD SHEDDING
[2026-04-29 16:29:37] [WARN ] Shed: Downtown Commercial
[2026-04-29 16:29:37] [WARN ] Shed: Residential North
[2026-04-29 16:29:37] [WARN ] Shed: Residential South
[2026-04-29 16:29:39] [INFO ] Cycle #115 | Supply: 2175.0 kW
[2026-04-29 16:29:39] [ERROR] [GRID OVERLOAD] Demand 17735.8 kW exceeds supply 2175.0 kW (deficit: 15560.8 kW)
[2026-04-29 16:29:39] [WARN ] EMERGENCY LOAD SHEDDING
[2026-04-29 16:29:39] [WARN ] Shed: Downtown Commercial
[2026-04-29 16:29:39] [WARN ] Shed: Residential North
[2026-04-29 16:29:39] [WARN ] Shed: Residential South
[2026-04-29 16:29:41] [INFO ] Cycle #116 | Supply: 2146.5 kW
[2026-04-29 16:29:41] [ERROR] [GRID OVERLOAD] Demand 20405.2 kW exceeds supply 2146.5 kW (deficit: 18258.7 kW)
[2026-04-29 16:29:41] [WARN ] EMERGENCY LOAD SHEDDING
[2026-04-29 16:29:41] [WARN ] Shed: Downtown Commercial
[2026-04-29 16:29:41] [WARN ] Shed: Residential North
[2026-04-29 16:29:41] [WARN ] Shed: Residential South
[2026-04-29 16:29:43] [INFO ] Cycle #117 | Supply: 2133.4 kW
[2026-04-29 16:29:43] [ERROR] [GRID OVERLOAD] Demand 19594.9 kW exceeds supply 2133.4 kW (deficit: 17461.5 kW)
[2026-04-29 16:29:43] [WARN ] EMERGENCY LOAD SHEDDING
[2026-04-29 16:29:43] [WARN ] Shed: Downtown Commercial
[2026-04-29 16:29:43] [WARN ] Shed: Residential North
[2026-04-29 16:29:43] [WARN ] Shed: Residential South
[2026-04-29 16:29:45] [INFO ] Cycle #118 | Supply: 2300.0 kW
[2026-04-29 16:29:45] [ERROR] [GRID OVERLOAD] Demand 16376.1 kW exceeds supply 2300.0 kW (deficit: 14076.1 kW)
[2026-04-29 16:29:45] [WARN ] EMERGENCY LOAD SHEDDING
[2026-04-29 16:29:45] [WARN ] Shed: Downtown Commercial
[2026-04-29 16:29:45] [WARN ] Shed: Residential North
[2026-04-29 16:29:45] [WARN ] Shed: Residential South
[2026-04-29 16:29:47] [INFO ] Cycle #119 | Supply: 2279.7 kW
[2026-04-29 16:29:47] [ERROR] [GRID OVERLOAD] Demand 14152.3 kW exceeds supply 2279.7 kW (deficit: 11872.6 kW)
[2026-04-29 16:29:47] [WARN ] EMERGENCY LOAD SHEDDING
[2026-04-29 16:29:47] [WARN ] Shed: Downtown Commercial
[2026-04-29 16:29:47] [WARN ] Shed: Residential North
[2026-04-29 16:29:47] [WARN ] Shed: Residential South
[2026-04-29 16:29:49] [INFO ] Cyc[2026-05-10 19:28:35] [INFO ] === VoltSync Session Started ===
[2026-05-10 19:28:35] [INFO ] Sector registered: Central Hospital [CRITICAL]
[2026-05-10 19:28:35] [INFO ] Sector registered: Fire Station Alpha [CRITICAL]
[2026-05-10 19:28:35] [INFO ] Sector registered: Industrial Zone A [HIGH]
[2026-05-10 19:28:35] [INFO ] Sector registered: Water Treatment [HIGH]
[2026-05-10 19:28:35] [INFO ] Sector registered: Downtown Commercial [MEDIUM]
[2026-05-10 19:28:35] [INFO ] Sector registered: Residential North [LOW]
[2026-05-10 19:28:35] [INFO ] Sector registered: Residential South [LOW]
[2026-05-10 19:28:35] [INFO ] Source added: Solar Farm Alpha
[2026-05-10 19:28:35] [INFO ] Source added: Solar Farm Beta
[2026-05-10 19:28:35] [INFO ] Source added: Wind Park North
[2026-05-10 19:28:35] [INFO ] Source added: Coal Plant Base
[2026-05-10 19:28:36] [INFO ] Thread started for sector: Fire Station Alpha [Sector-Fire Station Alpha]
[2026-05-10 19:28:36] [INFO ] Thread started for sector: Central Hospital [Sector-Central Hospital]
[2026-05-10 19:28:36] [INFO ] Thread started for sector: Industrial Zone A [Sector-Industrial Zone A]
[2026-05-10 19:28:36] [INFO ] Thread started for sector: Downtown Commercial [Sector-Downtown Commercial]
[2026-05-10 19:28:36] [INFO ] Thread started for sector: Residential North [Sector-Residential North]
[2026-05-10 19:28:36] [INFO ] Thread started for sector: Residential South [Sector-Residential South]
[2026-05-10 19:28:36] [INFO ] Thread started for sector: Water Treatment [Sector-Water Treatment]
[2026-05-10 19:28:36] [INFO ] Supply simulation thread started [SupplyThread]
[2026-05-10 19:28:38] [INFO ] Cycle #1 | Supply: 2128.3 kW
[2026-05-10 19:28:38] [WARN ] Overload risk! Demand 2298.5 kW vs Supply 2128.3 kW (108%)
[2026-05-10 19:28:38] [WARN ] Load shed on Residential South: gave 292.4 / 462.7 kW
[2026-05-10 19:28:38] [INFO ] [Alloc] Distributed 2128.3 / 2298.5 kW | Unmet: 170.3 kW
[2026-05-10 19:28:40] [INFO ] Cycle #2 | Supply: 2039.6 kW
[2026-05-10 19:28:40] [WARN ] Overload risk! Demand 2388.2 kW vs Supply 2039.6 kW (117%)
[2026-05-10 19:28:40] [WARN ] Load shed on Residential South: gave 47.2 / 395.8 kW
[2026-05-10 19:28:40] [INFO ] [Alloc] Distributed 2039.6 / 2388.2 kW | Unmet: 348.6 kW
[2026-05-10 19:28:42] [INFO ] Cycle #3 | Supply: 2193.9 kW
[2026-05-10 19:28:42] [WARN ] Overload risk! Demand 2500.2 kW vs Supply 2193.9 kW (114%)
[2026-05-10 19:28:42] [WARN ] Load shed on Residential South: gave 69.7 / 375.9 kW
[2026-05-10 19:28:42] [INFO ] [Alloc] Distributed 2193.9 / 2500.2 kW | Unmet: 306.2 kW
[2026-05-10 19:28:44] [INFO ] Cycle #4 | Supply: 1952.6 kW
[2026-05-10 19:28:44] [WARN ] Overload risk! Demand 2454.1 kW vs Supply 1952.6 kW (126%)
[2026-05-10 19:28:44] [WARN ] Load shed on Residential North: gave 455.2 / 485.7 kW
[2026-05-10 19:28:44] [WARN ] Load shed on Residential South: gave 0.0 / 471.0 kW
[2026-05-10 19:28:44] [INFO ] [Alloc] Distributed 1952.6 / 2454.1 kW | Unmet: 501.6 kW
[2026-05-10 19:28:46] [INFO ] Cycle #5 | Supply: 2272.5 kW
[2026-05-10 19:28:46] [WARN ] Overload risk! Demand 2430.9 kW vs Supply 2272.5 kW (107%)
[2026-05-10 19:28:46] [WARN ] Load shed on Residential South: gave 348.5 / 506.9 kW
[2026-05-10 19:28:46] [INFO ] [Alloc] Distributed 2272.5 / 2430.9 kW | Unmet: 158.4 kW
[2026-05-10 19:28:48] [INFO ] Cycle #6 | Supply: 2179.4 kW
[2026-05-10 19:28:48] [WARN ] Overload risk! Demand 2788.3 kW vs Supply 2179.4 kW (128%)
[2026-05-10 19:28:48] [INFO ] [LOCK] Central Hospital — 163.2 kW (life support)
[2026-05-10 19:28:48] [WARN ] Load shed on Residential North: gave 411.0 / 500.7 kW
[2026-05-10 19:28:48] [WARN ] Load shed on Residential South: gave 0.0 / 519.1 kW
[2026-05-10 19:28:48] [INFO ] [Alloc] Distributed 2179.4 / 2788.3 kW | Unmet: 608.8 kW
[2026-05-10 19:28:50] [INFO ] Cycle #7 | Supply: 2152.9 kW
[2026-05-10 19:28:50] [WARN ] Overload risk! Demand 2852.0 kW vs Supply 2152.9 kW (132%)
[2026-05-10 19:28:50] [INFO ] [LOCK] Central Hospital — 194.1 kW (life support)
[2026-05-10 19:28:50] [WARN ] Load shed on Residential North: gave 258.9 / 484.9 kW
[2026-05-10 19:28:50] [WARN ] Load shed on Residential South: gave 0.0 / 473.1 kW
[2026-05-10 19:28:50] [INFO ] [Alloc] Distributed 2152.9 / 2852.0 kW | Unmet: 699.1 kW
[2026-05-10 19:28:52] [INFO ] Cycle #8 | Supply: 2287.4 kW
[2026-05-10 19:28:52] [WARN ] Overload risk! Demand 2874.0 kW vs Supply 2287.4 kW (126%)
[2026-05-10 19:28:52] [INFO ] [LOCK] Central Hospital — 154.6 kW (life support)
[2026-05-10 19:28:52] [WARN ] Load shed on Residential North: gave 351.7 / 483.1 kW
[2026-05-10 19:28:52] [WARN ] Load shed on Residential South: gave 0.0 / 455.2 kW
[2026-05-10 19:28:52] [INFO ] [Alloc] Distributed 2287.4 / 2874.0 kW | Unmet: 586.6 kW
[2026-05-10 19:28:54] [INFO ] Cycle #9 | Supply: 2039.0 kW
[2026-05-10 19:28:54] [WARN ] Overload risk! Demand 2752.9 kW vs Supply 2039.0 kW (135%)
[2026-05-10 19:28:54] [INFO ] [LOCK] Central Hospital — 142.4 kW (life support)
[2026-05-10 19:28:54] [WARN ] Load shed on Residential North: gave 132.1 / 407.7 kW
[2026-05-10 19:28:54] [WARN ] Load shed on Residential South: gave 0.0 / 438.2 kW
[2026-05-10 19:28:54] [INFO ] [Alloc] Distributed 2039.0 / 2752.9 kW | Unmet: 713.8 kW
[2026-05-10 19:28:56] [INFO ] Cycle #10 | Supply: 2171.0 kW
[2026-05-10 19:28:56] [WARN ] Overload risk! Demand 2791.3 kW vs Supply 2171.0 kW (129%)
[2026-05-10 19:28:56] [INFO ] [LOCK] Central Hospital — 137.9 kW (life support)
[2026-05-10 19:28:56] [WARN ] Load shed on Residential North: gave 217.2 / 380.0 kW
[2026-05-10 19:28:56] [WARN ] Load shed on Residential South: gave 0.0 / 457.6 kW
[2026-05-10 19:28:56] [INFO ] [Alloc] Distributed 2171.0 / 2791.3 kW | Unmet: 620.3 kW
[2026-05-10 19:28:58] [INFO ] Cycle #11 | Supply: 2206.0 kW
[2026-05-10 19:28:58] [WARN ] Overload risk! Demand 2500.8 kW vs Supply 2206.0 kW (113%)
[2026-05-10 19:28:58] [INFO ] [LOCK] Central Hospital — 131.0 kW (life support)
[2026-05-10 19:28:58] [WARN ] Load shed on Residential South: gave 48.7 / 343.5 kW
[2026-05-10 19:28:58] [INFO ] [Alloc] Distributed 2206.0 / 2500.8 kW | Unmet: 294.8 kW
[2026-05-10 19:29:00] [INFO ] Cycle #12 | Supply: 2017.8 kW
[2026-05-10 19:29:00] [WARN ] Overload risk! Demand 2537.1 kW vs Supply 2017.8 kW (126%)
[2026-05-10 19:29:00] [INFO ] [LOCK] Central Hospital — 117.4 kW (life support)
[2026-05-10 19:29:00] [WARN ] Load shed on Residential North: gave 229.8 / 390.4 kW
[2026-05-10 19:29:00] [WARN ] Load shed on Residential South: gave 0.0 / 358.7 kW
[2026-05-10 19:29:00] [INFO ] [Alloc] Distributed 2017.8 / 2537.1 kW | Unmet: 519.3 kW
[2026-05-10 19:29:02] [INFO ] Cycle #13 | Supply: 2214.6 kW
[2026-05-10 19:29:02] [WARN ] Overload risk! Demand 2438.8 kW vs Supply 2214.6 kW (110%)
[2026-05-10 19:29:02] [INFO ] [LOCK] Central Hospital — 109.1 kW (life support)
[2026-05-10 19:29:02] [WARN ] Load shed on Residential South: gave 58.1 / 282.2 kW
[2026-05-10 19:29:02] [INFO ] [Alloc] Distributed 2214.6 / 2438.8 kW | Unmet: 224.1 kW
[2026-05-10 19:29:04] [INFO ] Cycle #14 | Supply: 2087.3 kW
[2026-05-10 19:29:04] [WARN ] Overload risk! Demand 2575.9 kW vs Supply 2087.3 kW (123%)
[2026-05-10 19:29:04] [INFO ] [LOCK] Central Hospital — 92.4 kW (life support)
[2026-05-10 19:29:04] [WARN ] Load shed on Residential North: gave 283.1 / 425.0 kW
[2026-05-10 19:29:04] [WARN ] Load shed on Residential South: gave 0.0 / 346.7 kW
[2026-05-10 19:29:04] [INFO ] [Alloc] Distributed 2087.3 / 2575.9 kW | Unmet: 488.6 kW
[2026-05-10 19:29:06] [INFO ] Cycle #15 | Supply: 2004.3 kW
[2026-05-10 19:29:06] [WARN ] Overload risk! Demand 2239.9 kW vs Supply 2004.3 kW (112%)
[2026-05-10 19:29:06] [INFO ] [LOCK] Central Hospital — 90.8 kW (life support)
[2026-05-10 19:29:06] [WARN ] Load shed on Residential South: gave 183.6 / 419.3 kW
[2026-05-10 19:29:06] [INFO ] [Alloc] Distributed 2004.3 / 2239.9 kW | Unmet: 235.6 kW
[2026-05-10 19:29:08] [INFO ] Cycle #16 | Supply: 2277.4 kW
[2026-05-10 19:29:08] [WARN ] Overload risk! Demand 2270.9 kW vs Supply 2277.4 kW (100%)
[2026-05-10 19:29:08] [INFO ] [LOCK] Central Hospital — 84.9 kW (life support)
[2026-05-10 19:29:08] [INFO ] [Alloc] Distributed 2270.9 / 2270.9 kW | Unmet: 0.0 kW
[2026-05-10 19:29:10] [INFO ] Cycle #17 | Supply: 1891.4 kW
[2026-05-10 19:29:10] [WARN ] Overload risk! Demand 2414.5 kW vs Supply 1891.4 kW (128%)
[2026-05-10 19:29:10] [INFO ] [LOCK] Central Hospital — 87.0 kW (life support)
[2026-05-10 19:29:10] [WARN ] Load shed on Residential South: gave 2.7 / 525.9 kW
[2026-05-10 19:29:10] [INFO ] [Alloc] Distributed 1891.4 / 2414.5 kW | Unmet: 523.2 kW
[2026-05-10 19:29:12] [INFO ] Cycle #18 | Supply: 2229.5 kW
[2026-05-10 19:29:12] [WARN ] Overload risk! Demand 2679.4 kW vs Supply 2229.5 kW (120%)
[2026-05-10 19:29:12] [INFO ] [LOCK] Central Hospital — 88.1 kW (life support)
[2026-05-10 19:29:12] [WARN ] Load shed on Residential South: gave 6.5 / 456.5 kW
[2026-05-10 19:29:12] [INFO ] [Alloc] Distributed 2229.5 / 2679.4 kW | Unmet: 449.9 kW
[2026-05-10 19:29:14] [INFO ] Cycle #19 | Supply: 2182.4 kW
[2026-05-10 19:29:14] [WARN ] Overload risk! Demand 2924.7 kW vs Supply 2182.4 kW (134%)
[2026-05-10 19:29:14] [INFO ] [LOCK] Central Hospital — 102.4 kW (life support)
[2026-05-10 19:29:14] [WARN ] Load shed on Residential North: gave 478.1 / 634.0 kW
[2026-05-10 19:29:14] [WARN ] Load shed on Residential South: gave 0.0 / 586.4 kW
[2026-05-10 19:29:14] [INFO ] [Alloc] Distributed 2182.4 / 2924.7 kW | Unmet: 742.3 kW
[2026-05-10 19:29:16] [INFO ] Cycle #20 | Supply: 2142.6 kW
[2026-05-10 19:29:16] [WARN ] Overload risk! Demand 3138.1 kW vs Supply 2142.6 kW (146%)
[2026-05-10 19:29:16] [INFO ] [LOCK] Central Hospital — 85.0 kW (life support)
[2026-05-10 19:29:16] [WARN ] Load shed on Residential North: gave 245.6 / 731.8 kW
[2026-05-10 19:29:16] [WARN ] Load shed on Residential South: gave 0.0 / 509.3 kW
[2026-05-10 19:29:16] [INFO ] [Alloc] Distributed 2142.6 / 3138.1 kW | Unmet: 995.5 kW
[2026-05-10 19:29:18] [INFO ] Cycle #21 | Supply: 2112.4 kW
[2026-05-10 19:29:18] [WARN ] Overload risk! Demand 3021.5 kW vs Supply 2112.4 kW (143%)
[2026-05-10 19:29:18] [INFO ] [LOCK] Central Hospital — 94.6 kW (life support)
[2026-05-10 19:29:18] [WARN ] Load shed on Residential North: gave 275.0 / 635.8 kW
[2026-05-10 19:29:18] [WARN ] Load shed on Residential South: gave 0.0 / 548.3 kW
[2026-05-10 19:29:18] [INFO ] [Alloc] Distributed 2112.4 / 3021.5 kW | Unmet: 909.1 kW
[2026-05-10 19:29:20] [INFO ] Cycle #22 | Supply: 2231.9 kW
[2026-05-10 19:29:20] [WARN ] Overload risk! Demand 2911.1 kW vs Supply 2231.9 kW (130%)
[2026-05-10 19:29:20] [INFO ] [LOCK] Central Hospital — 100.5 kW (life support)
[2026-05-10 19:29:20] [WARN ] Load shed on Residential North: gave 542.6 / 647.3 kW
[2026-05-10 19:29:20] [WARN ] Load shed on Residential South: gave 0.0 / 574.5 kW
[2026-05-10 19:29:20] [INFO ] [Alloc] Distributed 2231.9 / 2911.1 kW | Unmet: 679.2 kW
[2026-05-10 19:29:22] [INFO ] Cycle #23 | Supply: 1994.0 kW
[2026-05-10 19:29:22] [WARN ] Overload risk! Demand 2881.3 kW vs Supply 1994.0 kW (144%)
[2026-05-10 19:29:22] [INFO ] [LOCK] Central Hospital — 114.3 kW (life support)
[2026-05-10 19:29:22] [WARN ] Load shed on Residential North: gave 280.9 / 656.3 kW
[2026-05-10 19:29:22] [WARN ] Load shed on Residential South: gave 0.0 / 511.9 kW
[2026-05-10 19:29:22] [INFO ] [Alloc] Distributed 1994.0 / 2881.3 kW | Unmet: 887.3 kW
[2026-05-10 19:29:24] [INFO ] Cycle #24 | Supply: 1878.9 kW
[2026-05-10 19:29:24] [WARN ] Overload risk! Demand 2742.2 kW vs Supply 1878.9 kW (146%)
[2026-05-10 19:29:24] [INFO ] [LOCK] Central Hospital — 94.1 kW (life support)
[2026-05-10 19:29:24] [WARN ] Load shed on Residential North: gave 185.9 / 621.8 kW
[2026-05-10 19:29:24] [WARN ] Load shed on Residential South: gave 0.0 / 427.4 kW
[2026-05-10 19:29:24] [INFO ] [Alloc] Distributed 1878.9 / 2742.2 kW | Unmet: 863.3 kW
[2026-05-10 19:29:26] [INFO ] Cycle #25 | Supply: 2237.5 kW
[2026-05-10 19:29:26] [WARN ] Overload risk! Demand 2809.2 kW vs Supply 2237.5 kW (126%)
[2026-05-10 19:29:26] [INFO ] [LOCK] Central Hospital — 96.3 kW (life support)
[2026-05-10 19:29:26] [WARN ] Load shed on Residential North: gave 479.2 / 618.5 kW
[2026-05-10 19:29:26] [WARN ] Load shed on Residential South: gave 0.0 / 432.4 kW
[2026-05-10 19:29:26] [INFO ] [Alloc] Distributed 2237.5 / 2809.2 kW | Unmet: 571.7 kW
[2026-05-10 19:29:28] [INFO ] Cycle #26 | Supply: 2296.9 kW
[2026-05-10 19:29:28] [WARN ] Overload risk! Demand 2699.9 kW vs Supply 2296.9 kW (118%)
[2026-05-10 19:29:28] [INFO ] [LOCK] Central Hospital — 71.1 kW (life support)
[2026-05-10 19:29:28] [WARN ] Load shed on Residential North: gave 616.8 / 678.0 kW
[2026-05-10 19:29:28] [WARN ] Load shed on Residential South: gave 0.0 / 341.8 kW
[2026-05-10 19:29:28] [INFO ] [Alloc] Distributed 2296.9 / 2699.9 kW | Unmet: 403.0 kW
[2026-05-10 19:29:30] [INFO ] Cycle #27 | Supply: 2300.0 kW
[2026-05-10 19:29:30] [WARN ] Overload risk! Demand 2603.3 kW vs Supply 2300.0 kW (113%)
[2026-05-10 19:29:30] [INFO ] [LOCK] Central Hospital — 64.8 kW (life support)
[2026-05-10 19:29:30] [WARN ] Load shed on Residential South: gave 37.5 / 340.9 kW
[2026-05-10 19:29:30] [INFO ] [Alloc] Distributed 2300.0 / 2603.3 kW | Unmet: 303.3 kW
[2026-05-10 19:29:32] [INFO ] Cycle #28 | Supply: 2269.5 kW
[2026-05-10 19:29:32] [WARN ] Overload risk! Demand 2754.4 kW vs Supply 2269.5 kW (121%)
[2026-05-10 19:29:32] [INFO ] [LOCK] Central Hospital — 66.8 kW (life support)
[2026-05-10 19:29:32] [WARN ] Load shed on Residential North: gave 481.0 / 549.0 kW
[2026-05-10 19:29:32] [WARN ] Load shed on Residential South: gave 0.0 / 416.8 kW
[2026-05-10 19:29:32] [INFO ] [Alloc] Distributed 2269.5 / 2754.4 kW | Unmet: 484.9 kW
[2026-05-10 19:29:34] [INFO ] Cycle #29 | Supply: 2254.9 kW
[2026-05-10 19:29:34] [WARN ] Overload risk! Demand 2790.2 kW vs Supply 2254.9 kW (124%)
[2026-05-10 19:29:34] [INFO ] [LOCK] Central Hospital — 82.0 kW (life support)
[2026-05-10 19:29:34] [WARN ] Load shed on Residential North: gave 461.9 / 656.0 kW
[2026-05-10 19:29:34] [WARN ] Load shed on Residential South: gave 0.0 / 341.2 kW
[2026-05-10 19:29:34] [INFO ] [Alloc] Distributed 2254.9 / 2790.2 kW | Unmet: 535.3 kW
[2026-05-10 19:29:36] [INFO ] Cycle #30 | Supply: 2162.1 kW
[2026-05-10 19:29:36] [WARN ] Overload risk! Demand 2564.7 kW vs Supply 2162.1 kW (119%)
[2026-05-10 19:29:36] [INFO ] [LOCK] Central Hospital — 67.0 kW (life support)
[2026-05-10 19:29:36] [WARN ] Load shed on Residential North: gave 503.9 / 568.1 kW
[2026-05-10 19:29:36] [WARN ] Load shed on Residential South: gave 0.0 / 338.3 kW
[2026-05-10 19:29:36] [INFO ] [Alloc] Distributed 2162.1 / 2564.7 kW | Unmet: 402.6 kW
[2026-05-10 19:29:38] [INFO ] Cycle #31 | Supply: 2161.0 kW
[2026-05-10 19:29:38] [WARN ] Overload risk! Demand 2504.1 kW vs Supply 2161.0 kW (116%)
[2026-05-10 19:29:38] [INFO ] [LOCK] Central Hospital — 62.3 kW (life support)
[2026-05-10 19:29:38] [WARN ] Load shed on Residential South: gave 8.0 / 351.1 kW
[2026-05-10 19:29:38] [INFO ] [Alloc] Distributed 2161.0 / 2504.1 kW | Unmet: 343.1 kW
[2026-05-10 19:29:40] [INFO ] Cycle #32 | Supply: 2218.1 kW
[2026-05-10 19:29:40] [WARN ] Overload risk! Demand 2631.2 kW vs Supply 2218.1 kW (119%)
[2026-05-10 19:29:40] [INFO ] [LOCK] Central Hospital — 61.3 kW (life support)
[2026-05-10 19:29:40] [WARN ] Load shed on Residential South: gave 22.8 / 435.8 kW
[2026-05-10 19:29:40] [INFO ] [Alloc] Distributed 2218.1 / 2631.2 kW | Unmet: 413.1 kW
[2026-05-10 19:29:42] [INFO ] Cycle #33 | Supply: 2136.6 kW
[2026-05-10 19:29:42] [WARN ] Overload risk! Demand 2613.3 kW vs Supply 2136.6 kW (122%)
[2026-05-10 19:29:42] [INFO ] [LOCK] Central Hospital — 52.4 kW (life support)
[2026-05-10 19:29:42] [WARN ] Load shed on Residential North: gave 535.7 / 568.9 kW
[2026-05-10 19:29:42] [WARN ] Load shed on Residential South: gave 0.0 / 443.6 kW
[2026-05-10 19:29:42] [INFO ] [Alloc] Distributed 2136.6 / 2613.3 kW | Unmet: 476.7 kW
[2026-05-10 19:29:44] [INFO ] Cycle #34 | Supply: 2267.7 kW
[2026-05-10 19:29:44] [WARN ] Overload risk! Demand 2431.5 kW vs Supply 2267.7 kW (107%)
[2026-05-10 19:29:44] [INFO ] [LOCK] Cen